,t,B0w.Q,B0w.W,B0w.z,B1w.Q,B1w.W,B1w.z,B3w.Q,B3w.W,B3w.z,Irrigation1w.Qin,Irrigation1w.Qout,Irrigation3w.Qin,Irrigation3w.Qout,Pump4w.Qin,Pump4w.Qout,Pump4w.H,Pump4w.Hfix,Pump4w.Ph,Pump4w.Pe,Pump4w.PumpOn,Pump7w.Qin,Pump7w.Qout,Pump7w.H,Pump7w.Hfix,Pump7w.Ph,Pump7w.Pe,Pump7w.PumpOn,Pump8w.Qin,Pump8w.Qout,Pump8w.H,Pump8w.Hfix,Pump8w.Ph,Pump8w.Pe,Pump8w.PumpOn,Pipe0w.Q,Pipe0w.H,Pipe0w.zlow,Pipe0w.zhigh,Pipe0w.Qp,Pipe0w.Qn,Pipe2w.Q,Pipe2w.H,Pipe2w.zlow,Pipe2w.zhigh,Pipe2w.Qp,Pipe2w.Qn,PVw.forecast,PVw.P,Gridw.P,Gridw.Psell,Gridw.Pbuy,EBgw.P_bal,B0s.Q,B0s.W,B0s.z,B1s.Q,B1s.W,B1s.z,B3s.Q,B3s.W,B3s.z,Irrigation1s.Qin,Irrigation1s.Qout,Irrigation3s.Qin,Irrigation3s.Qout,Pump4s.Qin,Pump4s.Qout,Pump4s.H,Pump4s.Hfix,Pump4s.Ph,Pump4s.Pe,Pump4s.PumpOn,Pump7s.Qin,Pump7s.Qout,Pump7s.H,Pump7s.Hfix,Pump7s.Ph,Pump7s.Pe,Pump7s.PumpOn,Pump8s.Qin,Pump8s.Qout,Pump8s.H,Pump8s.Hfix,Pump8s.Ph,Pump8s.Pe,Pump8s.PumpOn,Pipe0s.Q,Pipe0s.H,Pipe0s.zlow,Pipe0s.zhigh,Pipe0s.Qp,Pipe0s.Qn,Pipe2s.Q,Pipe2s.H,Pipe2s.zlow,Pipe2s.zhigh,Pipe2s.Qp,Pipe2s.Qn,PVs.forecast,PVs.P,Grids.P,Grids.Psell,Grids.Pbuy,EBgs.P_bal,p4r1w_expanded.Q,p4ebw_expanded.P,p7r0w_expanded.Q,p7c0_Qw_expanded.Q,p7ebw_expanded.P,p8r0w_expanded.Q,p8c2_Qw_expanded.Q,p8ebw_expanded.P,c0r1_Qw_expanded.Q,c2r3_Qw_expanded.Q,r3i3w_expanded.Q,r1i1w_expanded.Q,gridebw_expanded.P,pvebw_expanded.P,p4r1s_expanded.Q,p4ebs_expanded.P,p7r0s_expanded.Q,p7c0_Qs_expanded.Q,p7ebs_expanded.P,p8r0s_expanded.Q,p8c0_Qs_expanded.Q,p8ebs_expanded.P,c0r1_Qs_expanded.Q,c2r3_Qs_expanded.Q,r3i3s_expanded.Q,r1i1s_expanded.Q,gridebs_expanded.P,pvebs_expanded.P
0,0,-2.443514682024571e-11,119999999.99999991,130.0,-0.06240214407418526,119775.35228133293,338.5810817260055,-0.013497528044785897,69951.40889903877,419.74259818798697,-0.062402143999365084,0.062402143999365084,-0.01349752814404122,0.01349752814404122,-9.925532320028725e-11,9.925532320028725e-11,81.16151646198144,80,7.902654009433976e-05,9.637382938334119e-05,0.0,-1.2224116947790858e-11,1.2224116947790858e-11,208.5810817260055,204.5,2.5012748649292892e-05,2.7128794630469517e-05,0.0,-1.2211029872454852e-11,1.2211029872454852e-11,208.5810817260055,204.5,2.4985970132093493e-05,2.712917495341313e-05,0.0,2.443514682024571e-11,208.5810817260055,130.0,338.5810817260055,6.555572155781781e-09,6.5311370089615355e-09,9.925532320028725e-11,81.16151646198144,338.5810817260055,419.74259818798697,7.144565131756683e-09,7.045309808556396e-09,0.0,-3.3341167422023895e-09,-0.00015062846485048155,2.2740180970126226e-05,0.0001733686458206078,0,-1.7084501179749857e-11,119999999.99999994,130.0,-0.21471496067545587,119227.02614156836,338.571135101598,-0.02039742910321396,69926.56925522843,419.7405589997021,-0.21471495415532224,0.21471495415532224,-0.020397435640432095,0.020397435640432095,-6.537218133313012e-09,6.537218133313012e-09,81.16942389810407,80,0.0052054040741102165,0.006348053748914898,0.0,-8.546835357604991e-12,8.546835357604991e-12,208.571135101598,204.5,1.7487533121736468e-05,1.896695566348858e-05,0.0,-8.537665822144866e-12,8.537665822144866e-12,208.571135101598,204.5,1.746877149262339e-05,1.8967178602196952e-05,0.0,1.7084501179749857e-11,208.571135101598,130.0,338.571135101598,6.5279435471748085e-09,6.5108590459950596e-09,6.537218133313012e-09,81.16942389810407,338.571135101598,419.7405589997021,1.0850679960898573e-08,4.313461827585561e-09,0.0,-3.334444637667143e-09,-0.006385984548735946,2.3567325653582313e-05,0.006409551874389529,0,-9.925532320028725e-11,9.637382938334119e-05,-1.2224116947790858e-11,1.2224116947790858e-11,2.7128794630469517e-05,-1.2211029872454852e-11,1.2211029872454852e-11,2.712917495341313e-05,2.443514682024571e-11,9.925532320028725e-11,-0.01349752814404122,-0.062402143999365084,-0.00015062846485048155,-3.3341167422023895e-09,-6.537218133313012e-09,0.006348053748914898,-8.546835357604991e-12,8.546835357604991e-12,1.896695566348858e-05,-8.537665822144866e-12,8.537665822144866e-12,1.8967178602196952e-05,1.7084501179749857e-11,6.537218133313012e-09,-0.020397435640432095,-0.21471495415532224,-0.006385984548735946,-3.334444637667143e-09
1,1,-2.5284862156063272e-11,119999999.99999982,130.0,-0.06508137345992002,119541.05933687722,338.57683165702133,-0.01021027044569026,69914.65192543429,419.7395806571989,-0.065081373372183,0.065081373372183,-0.010210270558712122,0.010210270558712122,-1.1302186262990694e-10,1.1302186262990694e-10,81.1627490001776,80,8.998874931820523e-05,0.00010974237721732348,0.0,-1.2649205954320608e-11,1.2649205954320608e-11,208.57683165702133,204.5,2.5882030062118228e-05,2.807161611943409e-05,0.0,-1.2635656201742662e-11,1.2635656201742662e-11,208.57683165702133,204.5,2.5854305388741646e-05,2.8071992821652167e-05,0.0,2.5284862156063272e-11,208.57683165702133,130.0,338.57683165702133,6.555114096180302e-09,6.529829234024239e-09,1.1302186262990694e-10,81.1627490001776,338.57683165702133,419.7395806571989,7.150224925624382e-09,7.0372030629944745e-09,0.0,-3.3340906150002092e-09,-0.00016588265206779468,2.1895624367362878e-05,0.00018777827643515752,0,-1.727113744126444e-11,119999999.99999988,130.0,-0.20715832273028587,118481.25617973934,338.5576068504957,-0.01988187948771934,69854.99448907263,419.7346831334558,-0.20715831463607,0.20715831463607,-0.01988188759920635,0.01988188759920635,-8.111487009774433e-09,8.111487009774433e-09,81.17707628296009,80,0.006459559305651625,0.00787751134835564,0.0,-8.640178652611808e-12,8.640178652611808e-12,208.55760685049566,204.5,1.7677374578818033e-05,1.9172857460757087e-05,0.0,-8.63095878865263e-12,8.63095878865263e-12,208.55760685049566,204.5,1.765851119701483e-05,1.917319348210079e-05,0.0,1.727113744126444e-11,208.55760685049566,130.0,338.5576068504957,2.3235889360986693e-08,2.3218618223545427e-08,8.111487009774433e-09,81.17707628296009,338.5576068504957,419.7346831334558,2.296759085009844e-08,1.485610384032401e-08,0.0,-3.3344317642785582e-09,-0.007915854064866732,2.3264944630872496e-05,0.007939119009497604,0,-1.1302186262990694e-10,0.00010974237721732348,-1.2649205954320608e-11,1.2649205954320608e-11,2.807161611943409e-05,-1.2635656201742662e-11,1.2635656201742662e-11,2.8071992821652167e-05,2.5284862156063272e-11,1.1302186262990694e-10,-0.010210270558712122,-0.065081373372183,-0.00016588265206779468,-3.3340906150002092e-09,-8.111487009774433e-09,0.00787751134835564,-8.640178652611808e-12,8.640178652611808e-12,1.9172857460757087e-05,-8.63095878865263e-12,8.63095878865263e-12,1.917319348210079e-05,1.727113744126444e-11,8.111487009774433e-09,-0.01988188759920635,-0.20715831463607,-0.007915854064866732,-3.3344317642785582e-09
2,2,-2.5271541847411274e-11,119999999.99999973,130.0,-0.06193802277347073,119318.08245489273,338.5727868611675,-0.011611098620747976,69872.8519703996,419.73614912737247,-0.06193802268596858,0.06193802268596858,-0.011611098733521659,0.011611098733521659,-1.127736813962711e-10,1.127736813962711e-10,81.16336226620496,80,8.979182425196306e-05,0.00010950222469751592,0.0,-1.2642542282238062e-11,1.2642542282238062e-11,208.57278686116751,204.5,2.5867893615572698e-05,2.805628374790965e-05,0.0,-1.262899956517321e-11,1.262899956517321e-11,208.57278686116751,204.5,2.584018387519939e-05,2.8056660016503135e-05,0.0,2.5271541847411274e-11,208.57278686116751,130.0,338.5727868611675,6.554912653284208e-09,6.529641111436797e-09,1.127736813962711e-10,81.16336226620496,338.5727868611675,419.73614912737247,7.150325417252544e-09,7.037551735856273e-09,0.0,-3.3340910693314305e-09,-0.0001656118343708594,2.089362853915429e-05,0.00018650546291001368,0,-0.3179999900113295,119998855.20003584,129.9999904600003,-0.13416147335894876,117998.27487564713,338.5488455800049,0.2047301833350295,70592.02314907874,419.79518884040385,-0.2239438802435821,0.2239438802435821,-0.023487399791666665,0.023487399791666665,-0.22821758312669616,0.22821758312669616,81.56494180224864,80,182608.77362145216,222693.62636762456,1.0,-0.3179999900028563,0.3179999900028563,211.37021454276163,204.5,659386.2731538129,715169.4936592331,1.0,-8.47326900118273e-12,8.47326900118273e-12,211.37021454276163,204.5,1.756967749631884e-05,1.907673995257203e-05,0.0,0.3179999900113295,211.37021454276163,129.9999904600003,338.5488455800049,0.3179999900113295,0.0,0.22821758312669616,81.56494180224864,338.5488455800049,419.79518884040385,0.22821758312669616,2.6668696187329196e-41,0.0,-3.334416523881281e-09,-937863.1200459311,2.36988517907278e-05,937863.1200696299,0,-1.127736813962711e-10,0.00010950222469751592,-1.2642542282238062e-11,1.2642542282238062e-11,2.805628374790965e-05,-1.262899956517321e-11,1.262899956517321e-11,2.8056660016503135e-05,2.5271541847411274e-11,1.127736813962711e-10,-0.011611098733521659,-0.06193802268596858,-0.0001656118343708594,-3.3340910693314305e-09,-0.22821758312669616,222693.62636762456,-0.3179999900028563,0.3179999900028563,715169.4936592331,-8.47326900118273e-12,8.47326900118273e-12,1.907673995257203e-05,0.3179999900113295,0.22821758312669616,-0.023487399791666665,-0.2239438802435821,-937863.1200459311,-3.334416523881281e-09
3,3,-2.560826642851532e-11,119999999.99999964,130.0,-0.054303548763513315,119122.58967934408,338.5692406264146,-0.011693759414211633,69830.75443650843,419.73269316807665,-0.054303548670504936,0.054303548670504936,-0.011693759532828281,0.011693759532828281,-1.1861664734259764e-10,1.1861664734259764e-10,81.16345254166207,80,9.44441723121538e-05,0.0001151758198928705,0.0,-1.2810995795136322e-11,1.2810995795136322e-11,208.5692406264146,204.5,2.6212120510315877e-05,2.842963178993045e-05,0.0,-1.2797270633379e-11,1.2797270633379e-11,208.5692406264146,204.5,2.6184037947511268e-05,2.8430008629219617e-05,0.0,2.560826642851532e-11,208.5692406264146,130.0,338.5692406264146,6.554588220715355e-09,6.528979954286839e-09,1.1861664734259764e-10,81.16345254166207,338.5692406264146,419.73269316807665,7.152912782098396e-09,7.034296134755798e-09,0.0,-3.334081184961305e-09,-0.00017203212623083557,2.0845126754625887e-05,0.00019287725298546143,0,-1.7040059468721802e-11,119998855.20003578,129.9999904600003,-0.2131783037259174,117230.83298223381,338.5349242005288,-0.02218778075373572,70512.1471383653,419.7886314909293,-0.21317829802099872,0.21317829802099872,-0.022187786475694447,0.022187786475694447,-5.721958726855782e-09,5.721958726855782e-09,81.2537072904005,80,0.004560966826709918,0.005562154666719412,0.0,-8.524603159284108e-12,8.524603159284108e-12,208.53493374052846,204.5,1.7439016814646447e-05,1.8914334939963608e-05,0.0,-8.515456309437694e-12,8.515456309437694e-12,208.53493374052846,204.5,1.7420304850547698e-05,1.8914554669432897e-05,0.0,1.7040059468721802e-11,208.53493374052846,129.9999904600003,338.5349242005288,6.537138569213862e-09,6.5200985097451395e-09,5.721958726855782e-09,81.2537072904005,338.5349242005288,419.7886314909293,1.0335085510512123e-08,4.613126783656341e-09,0.0,-3.3344483242928645e-09,-0.0055999802218804845,2.3477256416318966e-05,0.005623457478296803,0,-1.1861664734259764e-10,0.0001151758198928705,-1.2810995795136322e-11,1.2810995795136322e-11,2.842963178993045e-05,-1.2797270633379e-11,1.2797270633379e-11,2.8430008629219617e-05,2.560826642851532e-11,1.1861664734259764e-10,-0.011693759532828281,-0.054303548670504936,-0.00017203212623083557,-3.334081184961305e-09,-5.721958726855782e-09,0.005562154666719412,-8.524603159284108e-12,8.524603159284108e-12,1.8914334939963608e-05,-8.515456309437694e-12,8.515456309437694e-12,1.8914554669432897e-05,1.7040059468721802e-11,5.721958726855782e-09,-0.022187786475694447,-0.21317829802099872,-0.0055999802218804845,-3.3344483242928645e-09
4,4,-2.4439479719559043e-11,119999999.99999955,130.0,-0.058255978216387845,118912.86815776509,338.5654362825141,-0.012040160974726632,69787.40985699941,419.72913483368905,-0.05825597814155971,0.05825597814155971,-0.012040161073994254,0.012040161073994254,-9.92676217283202e-11,9.92676217283202e-11,81.16369855117495,80,7.903845706562729e-05,9.638836227515521e-05,0.0,-1.2226284681223562e-11,1.2226284681223562e-11,208.56543628251407,204.5,2.5015307710796002e-05,2.7131570185245117e-05,0.0,-1.2213195038335482e-11,1.2213195038335482e-11,208.56543628251407,204.5,2.4988525948943802e-05,2.7131949998853206e-05,0.0,2.4439479719559043e-11,208.56543628251407,130.0,338.5654362825141,6.554711441470059e-09,6.5302719617504995e-09,9.92676217283202e-11,81.16369855117495,338.5654362825141,419.72913483368905,7.145124738247044e-09,7.045857116518723e-09,0.0,-3.3341167282228796e-09,-0.00015064854834252538,2.1153329817323896e-05,0.00017180187815984927,0,-1.6185798559692932e-11,119998855.20003572,129.9999904600003,-0.2146863551656312,116457.96210363755,338.520904339378,-0.028883944992469827,70408.16493639241,419.7800951652994,-0.21468635495603286,0.21468635495603286,-0.028883945218253965,0.028883945218253965,-2.2578413865569896e-10,2.2578413865569896e-10,81.25919082592142,80,0.00017998442710990856,0.0002194932037925714,0.0,-8.09725411312561e-12,8.09725411312561e-12,208.52091387937764,204.5,1.6563663378810997e-05,1.796492774274511e-05,0.0,-8.08854444656732e-12,8.08854444656732e-12,208.52091387937764,204.5,1.6545846970557316e-05,1.7965089001690896e-05,0.0,1.6185798559692935e-11,208.52091387937764,129.9999904600003,338.520904339378,6.553838776679252e-09,6.537652978119558e-09,2.2578413865569896e-10,81.25919082592142,338.520904339378,419.7800951652994,7.1520142667011435e-09,6.9262301280454445e-09,0.0,-3.334523730517249e-09,-0.00025541988601327685,2.6209403385569975e-05,0.00028162928939884683,0,-9.92676217283202e-11,9.638836227515521e-05,-1.2226284681223562e-11,1.2226284681223562e-11,2.7131570185245117e-05,-1.2213195038335482e-11,1.2213195038335482e-11,2.7131949998853206e-05,2.4439479719559043e-11,9.92676217283202e-11,-0.012040161073994254,-0.05825597814155971,-0.00015064854834252538,-3.3341167282228796e-09,-2.2578413865569896e-10,0.0002194932037925714,-8.09725411312561e-12,8.09725411312561e-12,1.796492774274511e-05,-8.08854444656732e-12,8.08854444656732e-12,1.7965089001690896e-05,1.6185798559692935e-11,2.2578413865569896e-10,-0.028883945218253965,-0.21468635495603286,-0.00025541988601327685,-3.334523730517249e-09
5,5,-2.1613337623598252e-11,119999999.99999948,130.0,-0.06232136216835304,118688.511253959,338.561366453094,-0.013433844619783366,69739.0480163682,419.7251646117486,-0.06232136212288106,0.06232136212288106,-0.013433844686868689,0.013433844686868689,-6.708532370369621e-11,6.708532370369621e-11,81.16379815865456,80,5.341446578702688e-05,6.513959242320353e-05,0.0,-1.0812445184031794e-11,1.0812445184031794e-11,208.56136645309402,204.5,2.2122122337779446e-05,2.399362509520548e-05,0.0,-1.080089243956646e-11,1.080089243956646e-11,208.56136645309402,204.5,2.2098485572732384e-05,2.3994012565398897e-05,0.0,2.1613337623598256e-11,208.56136645309402,130.0,338.561366453094,6.555084730110268e-09,6.53347139248667e-09,6.708532370369621e-11,81.16379815865456,338.561366453094,419.7251646117486,7.127850404846609e-09,7.060765081142913e-09,0.0,-3.3342187877060126e-09,-0.0001131238958650202,2.2103805991372695e-05,0.00013522770185639288,0,-1.5519629978335282e-11,119998855.20003566,129.9999904600003,-0.27514027364809174,115467.45711850442,338.50293660020526,-0.03708030133312717,70274.67585159314,419.7691364985827,-0.2751402735210441,0.2751402735210441,-0.037080301475694445,0.037080301475694445,-1.4256727490057826e-10,1.4256727490057826e-10,81.26619989837742,80,0.00011365768545721466,0.00013860693348440812,0.0,-7.763995264570627e-12,7.763995264570627e-12,208.50294614020495,204.5,1.5880583846605848e-05,1.722406057115602e-05,0.0,-7.755634713764657e-12,7.755634713764657e-12,208.50294614020495,204.5,1.586348305976175e-05,1.7224194418850976e-05,0.0,1.551962997833528e-11,208.50294614020495,129.9999904600003,338.50293660020526,6.554551462560393e-09,6.539031832582058e-09,1.4256727490057826e-10,81.26619989837742,338.50293660020526,419.7691364985827,7.130328962031911e-09,6.987761687131333e-09,0.0,-3.334572197065104e-09,-0.00017305185390221805,2.6476649304264284e-05,0.00019952850320648232,0,-6.708532370369621e-11,6.513959242320353e-05,-1.0812445184031794e-11,1.0812445184031794e-11,2.399362509520548e-05,-1.080089243956646e-11,1.080089243956646e-11,2.3994012565398897e-05,2.1613337623598256e-11,6.708532370369621e-11,-0.013433844686868689,-0.06232136212288106,-0.0001131238958650202,-3.3342187877060126e-09,-1.4256727490057826e-10,0.00013860693348440812,-7.763995264570627e-12,7.763995264570627e-12,1.722406057115602e-05,-7.755634713764657e-12,7.755634713764657e-12,1.7224194418850976e-05,1.551962997833528e-11,1.4256727490057826e-10,-0.037080301475694445,-0.2751402735210441,-0.00017305185390221805,-3.334572197065104e-09
6,6,-1.891487459794395e-11,119999999.9999994,130.0,-0.07804693663218937,118407.54228208313,338.55626968197424,-0.021717395519489202,69660.86539249803,419.71874627934847,-0.07804693660290196,0.07804693660290196,-0.02171739556769148,0.02171739556769148,-4.820228028010287e-11,4.820228028010287e-11,81.16247659737425,80,3.8378843327070616e-05,4.680346747203734e-05,0.0,-9.462502782192576e-12,9.462502782192576e-12,208.55626968197421,204.5,1.9359684607497247e-05,2.0997488728305038e-05,0.0,-9.452371815751373e-12,9.452371815751373e-12,208.55626968197421,204.5,1.9338957288352897e-05,2.0997782072044406e-05,0.0,1.891487459794395e-11,208.55626968197421,130.0,338.55626968197424,6.5549800296104405e-09,6.536065155012496e-09,4.820228028010287e-11,81.16247659737425,338.55626968197424,419.71874627934847,7.117065094123295e-09,7.068862813843192e-09,0.0,-3.334346311298876e-09,-8.879540392607548e-05,2.4296950581712902e-05,0.00011309235450778838,0,-1.966448040432903e-11,119998855.20003559,129.9999904600003,-0.40482488106378495,114010.08754667478,338.47649994744944,-0.05496772230866055,70076.79205128197,419.752891405439,-0.40482487116988775,0.40482487116988775,-0.054967732222222225,0.054967732222222225,-9.913561673394222e-09,9.913561673394222e-09,81.27639145798953,80,0.007904294874446634,0.009639383993227602,0.0,-9.837484607813721e-12,9.837484607813721e-12,208.47650948744914,204.5,2.0119176485911556e-05,2.182123263114052e-05,0.0,-9.826995796515305e-12,9.826995796515305e-12,208.47650948744914,204.5,2.0097725245675565e-05,2.1821634360125474e-05,0.0,1.9664480404329025e-11,208.47650948744914,129.9999904600003,338.47649994744944,8.578732624109136e-09,8.559068143704807e-09,9.913561673394222e-09,81.27639145798953,338.47649994744944,419.752891405439,1.3202869073876684e-08,3.289307400482463e-09,0.07357298277434086,-38033.5538181702,38033.54413514334,38033.54414935213,1.4208790061750233e-05,0,-4.820228028010287e-11,4.680346747203734e-05,-9.462502782192576e-12,9.462502782192576e-12,2.0997488728305038e-05,-9.452371815751373e-12,9.452371815751373e-12,2.0997782072044406e-05,1.891487459794395e-11,4.820228028010287e-11,-0.02171739556769148,-0.07804693660290196,-8.879540392607548e-05,-3.334346311298876e-09,-9.913561673394222e-09,0.009639383993227602,-9.837484607813721e-12,9.837484607813721e-12,2.182123263114052e-05,-9.826995796515305e-12,9.826995796515305e-12,2.1821634360125474e-05,1.9664480404329025e-11,9.913561673394222e-09,-0.054967732222222225,-0.40482487116988775,38033.54413514334,-38033.5538181702
7,7,-2.1336818034818678e-11,119999999.99999933,130.0,-0.07830285603122067,118125.65200037074,338.5511561983137,-0.03250685914695458,69543.840699569,419.7091392421188,-0.07830285598773618,0.07830285598773618,-0.03250685921177588,0.03250685921177588,-6.482130617283538e-11,6.482130617283538e-11,81.15798304380509,80,5.160811904355483e-05,6.293673054092052e-05,0.0,-1.0674115068791103e-11,1.0674115068791103e-11,208.5511561983137,204.5,2.1838031572499247e-05,2.368550062093194e-05,0.0,-1.0662702966027576e-11,1.0662702966027576e-11,208.5511561983137,204.5,2.1814683701612305e-05,2.3685867211305443e-05,0.0,2.1336818034818684e-11,208.5511561983137,130.0,338.5511561983137,6.612208244793683e-09,6.590871426758865e-09,6.482130617283538e-11,81.15798304380509,338.5511561983137,419.7091392421188,7.068285716505752e-09,7.003464410332916e-09,0.07477177315670108,-38653.26851189398,38653.268401585876,38653.26841417632,1.2590436291940773e-05,0,-2.2305094608467066e-11,119998855.20003551,129.9999904600003,-0.432120497061397,112454.45375725377,338.4482807838955,-0.07205412581048175,69817.39719836424,419.73159661758865,-0.4321204871203743,0.4321204871203743,-0.07205413577380952,0.07205413577380952,-9.96332776949455e-09,9.96332776949455e-09,81.28331583369321,80,0.007944651238042437,0.009688599070783458,0.0,-1.115850925190167e-11,1.115850925190167e-11,208.44829032389515,204.5,2.2817787048074332e-05,2.474814213457086e-05,0.0,-1.1146585356565399e-11,1.1146585356565399e-11,208.44829032389515,204.5,2.279340414006893e-05,2.474853869714325e-05,0.0,2.2305094608467066e-11,208.44829032389515,129.9999904600003,338.4482807838955,1.6774253758963636e-08,1.675194866435517e-08,9.96332776949455e-09,81.28331583369321,338.4482807838955,419.73159661758865,1.3189151427597669e-08,3.2258236581031203e-09,0.27945187048193765,-144462.6458819004,144462.63614380462,144462.63615848724,1.4682615765397736e-05,0,-6.482130617283538e-11,6.293673054092052e-05,-1.0674115068791103e-11,1.0674115068791103e-11,2.368550062093194e-05,-1.0662702966027576e-11,1.0662702966027576e-11,2.3685867211305443e-05,2.1336818034818684e-11,6.482130617283538e-11,-0.03250685921177588,-0.07830285598773618,38653.268401585876,-38653.26851189398,-9.96332776949455e-09,0.009688599070783458,-1.115850925190167e-11,1.115850925190167e-11,2.474814213457086e-05,-1.1146585356565399e-11,1.1146585356565399e-11,2.474853869714325e-05,2.2305094608467066e-11,9.96332776949455e-09,-0.07205413577380952,-0.4321204871203743,144462.63614380462,-144462.6458819004
8,8,-2.2705323467041263e-11,119999999.99999924,130.0,-0.09533610099020302,117782.44203680601,338.54493037694044,-0.04344462594573283,69387.44004616437,419.69629967072234,-0.09533610093524937,0.09533610093524937,-0.04344462602339181,0.04344462602339181,-7.765897844263931e-11,7.765897844263931e-11,81.1513692937819,80,6.18239192218682e-05,7.539502344130268e-05,0.0,-1.1358734927731718e-11,1.1358734927731718e-11,208.5449303769404,204.5,2.3237992595657226e-05,2.5203896524574e-05,0.0,-1.1346588539309547e-11,1.1346588539309547e-11,208.5449303769404,204.5,2.321314320124718e-05,2.5204281434578914e-05,0.0,2.270532346704126e-11,208.5449303769404,130.0,338.54493037694044,6.587397737778654e-09,6.5646924143116125e-09,7.765897844263931e-11,81.1513692937819,338.54493037694044,419.69629967072234,7.056922667224895e-09,6.979263688782256e-09,0.2358591708815945,-121927.39959799901,121927.39947219582,121927.39948508728,1.2891477385445254e-05,0,-2.5505106534953115e-11,119998855.20003542,129.99999046000028,-0.4976559740904201,110662.89225052825,338.4157818966128,-0.08885822727104291,69497.50758018848,419.7053355662302,-0.49765596413949337,0.49765596413949337,-0.08885823724747476,0.08885823724747476,-9.976431855918466e-09,9.976431855918466e-09,81.28955366961736,80,0.007955710786205855,0.009702086324641286,0.0,-1.2759387330376668e-11,1.2759387330376668e-11,208.41579143661258,204.5,2.6087319103771157e-05,2.8294272346823378e-05,0.0,-1.2745719204576445e-11,1.2745719204576445e-11,208.41579143661258,204.5,2.6059373815328354e-05,2.829465126528594e-05,0.0,2.5505106534953115e-11,208.41579143661258,129.99999046000028,338.4157818966128,2.1154319375704704e-08,2.112881426916975e-08,9.976431855918466e-09,81.28955366961736,338.4157818966128,419.7053355662302,1.3132010688320815e-08,3.155578832402347e-09,0.4971078908988494,-256979.92676037893,256979.91700170367,256979.9170101533,8.449619433470213e-06,0,-7.765897844263931e-11,7.539502344130268e-05,-1.1358734927731718e-11,1.1358734927731718e-11,2.5203896524574e-05,-1.1346588539309547e-11,1.1346588539309547e-11,2.5204281434578914e-05,2.270532346704126e-11,7.765897844263931e-11,-0.04344462602339181,-0.09533610093524937,121927.39947219582,-121927.39959799901,-9.976431855918466e-09,0.009702086324641286,-1.2759387330376668e-11,1.2759387330376668e-11,2.8294272346823378e-05,-1.2745719204576445e-11,1.2745719204576445e-11,2.829465126528594e-05,2.5505106534953115e-11,9.976431855918466e-09,-0.08885823724747476,-0.49765596413949337,256979.91700170367,-256979.92676037893
9,9,-2.641348562543004e-11,119999999.99999915,129.99999999999997,-0.10953995494933136,117388.09819898842,338.5377769881856,-0.04247170646882145,69234.5419028766,419.6837476347532,-0.1095399548418131,0.1095399548418131,-0.0424717066027532,0.0424717066027532,-1.3393174475506698e-10,1.3393174475506698e-10,81.1459706465676,80,0.00010661529021237327,0.00013001864660045517,0.0,-1.321381685908446e-11,1.321381685908446e-11,208.5377769881856,204.5,2.703223973450232e-05,2.9319132033082785e-05,0.0,-1.3199668766345578e-11,1.3199668766345578e-11,208.5377769881856,204.5,2.7003296194662014e-05,2.9319539842195457e-05,0.0,2.6413485625430034e-11,208.5377769881856,129.99999999999997,338.5377769881856,6.583858242472406e-09,6.557444756846976e-09,1.3393174475506698e-10,81.1459706465676,338.5377769881856,419.6837476347532,7.077923943207209e-09,6.943992198452142e-09,0.3846877203897489,-198864.31903419842,198864.3188455411,198864.31885359148,8.050388606159753e-06,0,-2.744074898609592e-11,119998855.20003532,129.99999046000028,-0.7515780235727844,107957.21136566623,338.3667009034292,0.1652691565642982,70092.47654381995,419.7541790097896,-0.4960717799525936,0.4960717799525936,-0.09023708708333333,0.09023708708333333,-0.2555062436476315,0.2555062436476315,81.78682344050551,80,205000.0,250000.0,1.0,-1.3727718134396579e-11,1.3727718134396579e-11,208.36671044342893,204.5,2.806051879675497e-05,3.043440216567785e-05,0.0,-1.3713030851699341e-11,1.3713030851699341e-11,208.36671044342893,204.5,2.803049685369319e-05,3.0434850004009988e-05,0.0,2.744074898609592e-11,208.36671044342893,129.99999046000028,338.3667009034292,2.3268360193517573e-08,2.324091944453148e-08,0.2555062436476315,81.78682344050551,338.3667009034292,419.7541790097896,0.2555062436476315,9.200775598567114e-41,0.6902159686444646,-356807.14854851185,106807.14604313442,106807.14605175726,8.62283906423726e-06,0,-1.3393174475506698e-10,0.00013001864660045517,-1.321381685908446e-11,1.321381685908446e-11,2.9319132033082785e-05,-1.3199668766345578e-11,1.3199668766345578e-11,2.9319539842195457e-05,2.6413485625430034e-11,1.3393174475506698e-10,-0.0424717066027532,-0.1095399548418131,198864.3188455411,-198864.31903419842,-0.2555062436476315,250000.0,-1.3727718134396579e-11,1.3727718134396579e-11,3.043440216567785e-05,-1.3713030851699341e-11,1.3713030851699341e-11,3.0434850004009988e-05,2.744074898609592e-11,0.2555062436476315,-0.09023708708333333,-0.4960717799525936,106807.14604313442,-356807.14854851185
10,10,-2.921394234688699e-11,119999999.99999905,129.99999999999997,-0.1394416631812556,116886.10821153589,338.52867090058663,-0.03377205445361815,69112.96250684357,419.6737666832564,-0.139441663004126,0.139441663004126,-0.03377205465996169,0.03377205465996169,-2.063435403069739e-10,2.063435403069739e-10,81.14509578266976,80,0.00016425634780876366,0.0002003126192789801,0.0,-1.4614782185544644e-11,1.4614782185544644e-11,208.52867090058663,204.5,2.9896966836671195e-05,3.24262113196e-05,0.0,-1.459916016134235e-11,1.459916016134235e-11,208.52867090058663,204.5,2.9865009388823655e-05,3.2426720291882363e-05,0.0,2.921394234688699e-11,208.52867090058663,129.99999999999997,338.52867090058663,6.5830989116560545e-09,6.5538849693091674e-09,2.063435403069739e-10,81.14509578266976,338.52867090058663,419.6737666832564,7.092095539637353e-09,6.885751999330379e-09,0.5137134929205837,-265564.1928099455,265564.1925447799,265564.1925529688,8.188861976454563e-06,0,-2.797832242719238e-11,119998855.20003523,129.99999046000028,-0.6868562680866562,105484.52880055427,338.32184649476534,0.18078551720779504,70743.30440576802,419.80760813951747,-0.4316537416475802,0.4316537416475802,-0.07441700925925926,0.07441700925925926,-0.2552025264670543,0.2552025264670543,81.88415814922936,80,205000.0,250000.0,1.0,-1.3996642248718367e-11,1.3996642248718367e-11,208.32185603476503,204.5,2.860406168207832e-05,3.102392807166847e-05,0.0,-1.3981680178474019e-11,1.3981680178474019e-11,208.32185603476503,204.5,2.8573484635629915e-05,3.102441328515734e-05,0.0,2.7978322427192384e-11,208.32185603476503,129.99999046000028,338.32184649476534,2.398172678135398e-08,2.395374845892679e-08,0.2552025264670543,81.88415814922936,338.32184649476534,419.80760813951747,0.2552025264670543,0.0,0.8271725442451721,-427606.8510130904,177606.84850467302,177606.84851330082,8.627785624740327e-06,0,-2.063435403069739e-10,0.0002003126192789801,-1.4614782185544644e-11,1.4614782185544644e-11,3.24262113196e-05,-1.459916016134235e-11,1.459916016134235e-11,3.2426720291882363e-05,2.921394234688699e-11,2.063435403069739e-10,-0.03377205465996169,-0.139441663004126,265564.1925447799,-265564.1928099455,-0.2552025264670543,250000.0,-1.3996642248718367e-11,1.3996642248718367e-11,3.102392807166847e-05,-1.3981680178474019e-11,1.3981680178474019e-11,3.102441328515734e-05,2.7978322427192384e-11,0.2552025264670543,-0.07441700925925926,-0.4316537416475802,177606.84850467302,-427606.8510130904
11,11,-3.046692493298197e-11,119999999.99999894,129.99999999999997,-0.1364759741324396,116394.79470465911,338.51975848411615,-0.027246933124927493,69014.87354759384,419.66571415810336,-0.13647597416088697,0.13647597416088697,-0.027246933126947044,0.027246933126947044,-2.0195515648303187e-12,2.0195515648303187e-12,81.1459556739872,80,1.60764744127663e-06,1.960545660093134e-06,0.0,-1.524159481955314e-11,1.524159481955314e-11,208.51975848411615,204.5,3.117788370949626e-05,3.3815492092729135e-05,0.0,-1.522533011342883e-11,1.522533011342883e-11,208.51975848411615,204.5,3.1144612970960264e-05,3.381608357324676e-05,0.0,3.0466924932981977e-11,208.51975848411615,129.99999999999997,338.51975848411615,6.58272437958601e-09,6.552257454653027e-09,2.0195515648303187e-12,81.1459556739872,338.51975848411615,419.66571415810336,6.931867247139894e-09,6.929847695575064e-09,0.6112149495870927,-315967.57133725286,315967.57126766077,315967.5712759059,8.245152563990233e-06,0,-0.31799999000824203,119997710.40007119,129.99998092000058,-0.066930539493956,105243.57885837601,338.31747566798526,-0.06171068824577132,70521.14592808324,419.78937023850193,-0.38493052944935824,0.38493052944935824,-0.06171068829861111,0.06171068829861111,-5.2839786803063775e-11,5.2839786803063775e-11,81.47189457051662,80,4.223163345450483e-05,5.150199201768883e-05,0.0,-0.3179999900020746,0.3179999900020746,211.13885417068695,204.5,658664.5259853671,714386.687619704,1.0,-6.167435091443914e-12,6.167435091443914e-12,211.13885417068695,204.5,1.2774436600062322e-05,1.3870180890404258e-05,0.0,0.31799999000824203,211.13885417068695,129.99998092000058,338.31747566798526,0.31799999000824203,8.483921602487387e-41,5.2839786803063775e-11,81.47189457051662,338.31747566798526,419.78937023850193,1.59421756979084e-08,1.5889335911105334e-08,0.9073690875066988,-469064.4544724459,-245322.23321263026,8.663751738829143e-06,245322.23322129404,0,-2.0195515648303187e-12,1.960545660093134e-06,-1.524159481955314e-11,1.524159481955314e-11,3.3815492092729135e-05,-1.522533011342883e-11,1.522533011342883e-11,3.381608357324676e-05,3.0466924932981977e-11,2.0195515648303187e-12,-0.027246933126947044,-0.13647597416088697,315967.57126766077,-315967.57133725286,-5.2839786803063775e-11,5.150199201768883e-05,-0.3179999900020746,0.3179999900020746,714386.687619704,-6.167435091443914e-12,6.167435091443914e-12,1.3870180890404258e-05,0.31799999000824203,5.2839786803063775e-11,-0.06171068829861111,-0.38493052944935824,-245322.23321263026,-469064.4544724459
12,12,-3.173638305436614e-11,119999999.99999882,129.99999999999997,-0.12676203886777132,115938.45136473513,338.5114804257237,-0.024377096702163873,68927.11599946606,419.6585097808822,-0.1267620351746207,0.1267620351746207,-0.024377100427050883,0.024377100427050883,-3.724887008614505e-09,3.724887008614505e-09,81.14702935515855,80,0.0029652050863116304,0.0036161037637946706,0.0,-1.587664527136489e-11,1.587664527136489e-11,208.5114804257237,204.5,3.24756401635167e-05,3.522303705370576e-05,0.0,-1.585973778300125e-11,1.585973778300125e-11,208.5114804257237,204.5,3.244105593625826e-05,3.5223730658260876e-05,0.0,3.1736383054366133e-11,208.5114804257237,129.99999999999997,338.5114804257237,6.5829602241665695e-09,6.551223841112204e-09,3.724887008614505e-09,81.14702935515855,338.5114804257237,419.6585097808822,9.063298842294657e-09,5.338411833680153e-09,0.6484390389437005,-335210.5645220953,335210.56083554483,335210.5608438423,8.297469070201957e-06,0,-0.3179999900111193,119996565.60010715,129.9999713800009,-0.011620407375236935,105201.74539182517,338.3167168097999,-0.05046804893191546,70339.46095192834,419.7744549733018,-0.3296203901751093,0.3296203901751093,-0.05046805614316239,0.05046805614316239,-7.211246925488313e-09,7.211246925488313e-09,81.45773816350187,80,0.0057625103846867904,0.0070274516886424275,0.0,-0.31799999000280293,0.31799999000280293,211.1381048525523,204.5,658662.1884290826,714384.1523092001,1.0,-8.316381879883585e-12,8.316381879883585e-12,211.1381048525523,204.5,1.7225429122920807e-05,1.870296321706928e-05,0.0,0.3179999900111193,211.1381048525523,129.9999713800009,338.3167168097999,0.3179999900111193,4.317375329251761e-39,7.211246925488313e-09,81.45773816350187,338.3167168097999,419.7744549733018,1.9597960668926504e-08,1.2386713743438194e-08,0.9075888237412905,-469178.0471183738,-245206.11223698116,1.5531325120627026e-05,245206.1122525125,0,-3.724887008614505e-09,0.0036161037637946706,-1.587664527136489e-11,1.587664527136489e-11,3.522303705370576e-05,-1.585973778300125e-11,1.585973778300125e-11,3.5223730658260876e-05,3.1736383054366133e-11,3.724887008614505e-09,-0.024377100427050883,-0.1267620351746207,335210.56083554483,-335210.5645220953,-7.211246925488313e-09,0.0070274516886424275,-0.31799999000280293,0.31799999000280293,714384.1523092001,-8.316381879883585e-12,8.316381879883585e-12,1.870296321706928e-05,0.3179999900111193,7.211246925488313e-09,-0.05046805614316239,-0.3296203901751093,-245206.11223698116,-469178.0471183738
13,13,-3.3470242451640465e-11,119999999.9999987,129.99999999999997,-0.29980398898085325,114859.15700440406,338.49190204919046,0.18050782243083757,69576.94416021707,419.71185684103676,-0.09851254662541464,0.09851254662541464,-0.020783619958071282,0.020783619958071282,-0.20129144238890886,0.20129144238890886,81.46780894698396,80,160871.96088549608,196185.318153044,1.0,-1.6744010741632417e-11,1.6744010741632417e-11,208.4919020491905,204.5,3.424661825151482e-05,3.714383758298787e-05,0.0,-1.672623171000805e-11,1.672623171000805e-11,208.4919020491905,204.5,3.421025469929807e-05,3.714468479836924e-05,0.0,3.347024245164046e-11,208.4919020491905,129.99999999999997,338.49190204919046,6.5879364724782795e-09,6.554466230026639e-09,0.20129144238890886,81.46780894698396,338.49190204919046,419.71185684103676,0.20129144238890886,1.0846903667582195e-40,0.6048769083203855,-312691.1208705129,116505.80264318037,116505.80265775062,1.4570247833972089e-05,0,-0.31799999001138307,119995420.80014311,129.9999618400012,-0.2029747504840644,104471.03629008253,338.3034617623763,0.21157029895347088,71101.11402816084,419.8369821996191,-0.269119229657056,0.269119229657056,-0.04028521188492063,0.04028521188492063,-0.2518555108383915,0.2518555108383915,81.92153542060639,80,202403.7473913378,246833.83828211922,1.0,-0.3179999900028698,0.3179999900028698,211.12485934513307,204.5,658620.8680104854,714339.3362369691,1.0,-8.5132190979052e-12,8.5132190979052e-12,211.12485934513307,204.5,1.7632024931035392e-05,1.9144435321428222e-05,0.0,0.31799999001138307,211.12485934513307,129.9999618400012,338.3034617623763,0.31799999001138307,1.1813746263852575e-41,0.2518555108383915,81.92153542060639,338.3034617623763,419.8369821996191,0.2518555108383915,0.0,0.8371170424435377,-432747.65941204317,-528425.5151261896,1.5540993400907992e-05,528425.5151417304,0,-0.20129144238890886,196185.318153044,-1.6744010741632417e-11,1.6744010741632417e-11,3.714383758298787e-05,-1.672623171000805e-11,1.672623171000805e-11,3.714468479836924e-05,3.347024245164046e-11,0.20129144238890886,-0.020783619958071282,-0.09851254662541464,116505.80264318037,-312691.1208705129,-0.2518555108383915,246833.83828211922,-0.3179999900028698,0.3179999900028698,714339.3362369691,-8.5132190979052e-12,8.5132190979052e-12,1.9144435321428222e-05,0.31799999001138307,0.2518555108383915,-0.04028521188492063,-0.269119229657056,-528425.5151261896,-432747.65941204317
14,14,-3.4191838105890965e-11,119999999.99999857,129.99999999999997,-0.34593614587031035,113613.78687927095,338.4693110618479,0.24100856355453812,70444.5749890134,419.7830842159203,-0.09020167268070796,0.09020167268070796,-0.01472590966925612,0.01472590966925612,-0.2557344732237942,0.2557344732237942,81.71383223298784,80,205000.0,250000.0,1.0,-1.7104988888105235e-11,1.7104988888105235e-11,208.46931106184792,204.5,3.498113809482043e-05,3.794049684904603e-05,0.0,-1.7086849217785737e-11,1.7086849217785737e-11,208.46931106184792,204.5,3.494404094634568e-05,3.794141253674884e-05,0.0,3.419183810589096e-11,208.46931106184792,129.99999999999997,338.4693110618479,6.571317879796401e-09,6.5371260416905106e-09,0.2557344732237942,81.71383223298784,338.4693110618479,419.7830842159203,0.2557344732237942,4.4132829089668884e-40,0.49767636182026426,-257273.79780282374,7273.797626724378,7273.797641205701,1.4481323196533729e-05,0,-0.31799999001121576,119994276.00017907,129.9999523000015,-0.03725755222063487,104336.90910208825,338.30102869806467,0.055578487731280365,71301.19658399344,419.8534077976258,-0.2698475484079777,0.2698475484079777,-0.029831506092592587,0.029831506092592587,-0.08540999382387296,0.08540999382387296,81.59700253076204,80,68367.8469203715,83375.4230736238,1.0,-0.3179999900028274,0.3179999900028274,211.12243582081817,204.5,658613.3076326528,714331.1362610118,1.0,-8.38838932565754e-12,8.38838932565754e-12,211.12243582081817,204.5,1.7373286204878134e-05,1.886350293689266e-05,0.0,0.3179999900112158,211.12243582081817,129.9999523000015,338.30102869806467,0.3179999900112158,1.9647833783156212e-40,0.08540999382387296,81.59700253076204,338.30102869806467,419.8534077976258,0.08540999382387296,0.0,0.7025998704330214,-363209.00664591836,-434497.55270758073,1.5403955110820875e-05,434497.5527229847,0,-0.2557344732237942,250000.0,-1.7104988888105235e-11,1.7104988888105235e-11,3.794049684904603e-05,-1.7086849217785737e-11,1.7086849217785737e-11,3.794141253674884e-05,3.419183810589096e-11,0.2557344732237942,-0.01472590966925612,-0.09020167268070796,7273.797626724378,-257273.79780282374,-0.08540999382387296,83375.4230736238,-0.3179999900028274,0.3179999900028274,714331.1362610118,-8.38838932565754e-12,8.38838932565754e-12,1.886350293689266e-05,0.3179999900112158,0.08540999382387296,-0.029831506092592587,-0.2698475484079777,-434497.55270758073,-363209.00664591836
15,15,-3.077937588456725e-11,119999999.99999847,129.99999999999997,-0.07864385196203953,113330.6690122076,338.4641753098155,-0.011506156561217049,70403.15282539302,419.7796837005412,-0.07864385178154919,0.07864385178154919,-0.011506156772486772,0.011506156772486772,-2.1126972464657607e-10,2.1126972464657607e-10,81.31550839072578,80,0.00016853094471569637,0.0002055255423362148,0.0,-1.5397898491086975e-11,1.5397898491086975e-11,208.46417530981552,204.5,3.148921916449028e-05,3.415316612200679e-05,0.0,-1.5381477393480275e-11,1.5381477393480275e-11,208.46417530981552,204.5,3.145563746879601e-05,3.415378661107059e-05,0.0,3.077937588456725e-11,208.46417530981552,129.99999999999997,338.4641753098155,6.586467228958365e-09,6.555687853073798e-09,2.1126972464657607e-10,81.31550839072578,338.4641753098155,419.7796837005412,7.016287866193862e-09,6.8050181415472865e-09,0.32599011824461455,-168520.59330017076,168520.5930263383,168520.59304005778,1.371948699199272e-05,0,-0.317999990010506,119993131.20021503,129.99994276000177,0.018242811754387384,104402.58322440405,338.30222002523396,-0.025372205606028084,71209.85664381176,419.84590932714127,-0.2997571780658504,0.2997571780658504,-0.0253722057962963,0.0253722057962963,-1.9026821763845212e-10,1.9026821763845212e-10,81.54368930190728,80,0.00015220384147810254,0.00018561444082695433,0.0,-7.862713539475156e-12,7.862713539475156e-12,211.12363668797462,204.5,1.6284645878295046e-05,1.7662305724831933e-05,0.0,-0.3179999900026433,0.3179999900026433,211.12363668797462,204.5,658617.0538333178,715110.80763661,1.0,0.317999990010506,211.12363668797462,129.99994276000177,338.30222002523396,0.317999990010506,6.2118137980530385e-40,1.9026821763845212e-10,81.54368930190728,338.30222002523396,419.84590932714127,7.081799821641071e-09,6.891531604002619e-09,0.5186243614651183,-268102.86633431783,-447007.94150556886,1.4975279595397878e-05,447007.9415205441,0,-2.1126972464657607e-10,0.0002055255423362148,-1.5397898491086975e-11,1.5397898491086975e-11,3.415316612200679e-05,-1.5381477393480275e-11,1.5381477393480275e-11,3.415378661107059e-05,3.077937588456725e-11,2.1126972464657607e-10,-0.011506156772486772,-0.07864385178154919,168520.5930263383,-168520.59330017076,-1.9026821763845212e-10,0.00018561444082695433,-7.862713539475156e-12,7.862713539475156e-12,1.7662305724831933e-05,-0.3179999900026433,0.3179999900026433,715110.80763661,0.317999990010506,1.9026821763845212e-10,-0.0253722057962963,-0.2997571780658504,-447007.94150556886,-268102.86633431783
16,16,-2.4022803635256025e-11,119999999.99999838,129.99999999999997,-0.08433558608308701,113027.06090230848,338.4586678652178,-0.012485842009371303,70358.20379415929,419.775993650128,-0.08433558601347187,0.08433558601347187,-0.012485842103009258,0.012485842103009258,-9.363795434774711e-11,9.363795434774711e-11,81.31732578491018,80,7.469714666788406e-05,9.109408130229764e-05,0.0,-1.2017830445159196e-11,1.2017830445159196e-11,208.45866786521782,204.5,2.457621727647775e-05,2.6655333271667846e-05,0.0,-1.200497319009683e-11,1.200497319009683e-11,208.45866786521782,204.5,2.4549924453040633e-05,2.665572687626562e-05,0.0,2.4022803635256025e-11,208.45866786521782,129.99999999999997,338.4586678652178,6.601629470695353e-09,6.577606667060097e-09,9.363795434774711e-11,81.31732578491018,338.4586678652178,419.775993650128,7.070716294615963e-09,6.977078340268216e-09,0.11821470325038548,-61111.091447384,61111.09130297886,61111.09131612407,1.3145213886218085e-05,0,-2.4575175378774004e-11,119993131.20021494,129.99994276000177,-0.30347168275221365,103310.08516649608,338.2824021339101,-0.04141372512529115,71060.7672333607,419.83366996567906,-0.3034716728028736,0.3034716728028736,-0.04141373509920635,0.04141373509920635,-9.97391519895196e-09,9.97391519895196e-09,81.55126783176894,80,0.007979311065563667,0.009730867153126424,0.0,-1.2294173727990714e-11,1.2294173727990714e-11,208.28245937390832,204.5,2.512008185974193e-05,2.724520809082639e-05,0.0,-1.2281001650783292e-11,1.2281001650783292e-11,208.28245937390832,204.5,2.50931680007845e-05,2.724556786187242e-05,0.0,2.4575175378774004e-11,208.28245937390832,129.99994276000177,338.2824021339101,1.782021441618408e-08,1.7795639240805303e-08,9.97391519895196e-09,81.55126783176894,338.2824021339101,419.83366996567906,1.3193602504832955e-08,3.2196873058809957e-09,0.32243077805000214,-166680.59237053728,166680.58258517936,166680.58259342198,8.242631075815255e-06,0,-9.363795434774711e-11,9.109408130229764e-05,-1.2017830445159196e-11,1.2017830445159196e-11,2.6655333271667846e-05,-1.200497319009683e-11,1.200497319009683e-11,2.665572687626562e-05,2.4022803635256025e-11,9.363795434774711e-11,-0.012485842103009258,-0.08433558601347187,61111.09130297886,-61111.091447384,-9.97391519895196e-09,0.009730867153126424,-1.2294173727990714e-11,1.2294173727990714e-11,2.724520809082639e-05,-1.2281001650783292e-11,1.2281001650783292e-11,2.724556786187242e-05,2.4575175378774004e-11,9.97391519895196e-09,-0.04141373509920635,-0.3034716728028736,166680.58258517936,-166680.59237053728
17,17,-1.0858246785280296e-11,119999999.99999835,130.0,-0.07946213683879587,112740.99720968882,338.453478675973,-0.017623669145416507,70294.75858523579,419.77078517259287,-0.07946213683152505,0.07946213683152505,-0.01762366916354557,0.01762366916354557,-1.8129064179953607e-11,1.8129064179953607e-11,81.3173064966199,80,1.4461967417210286e-05,1.7636545630744246e-05,0.0,-5.432046180912124e-12,5.432046180912124e-12,208.453478675973,204.5,1.1108146732072332e-05,1.2047881488147866e-05,0.0,-5.426200604368171e-12,5.426200604368171e-12,208.453478675973,204.5,1.1096192945263235e-05,1.2047983653923165e-05,0.0,1.0858246785280298e-11,208.453478675973,130.0,338.453478675973,6.555883491350273e-09,6.545025244564992e-09,1.8129064179953607e-11,81.3173064966199,338.453478675973,419.77078517259287,7.106561076572497e-09,7.0884320123925436e-09,0.0,-3.3351020286390335e-09,-4.172907567078664e-05,8.938461724866004e-06,5.066753739565265e-05,0,-2.0435202346306364e-11,119993131.20021488,129.99994276000177,-0.31285950857490635,102183.79093562641,338.26197118073395,-0.05230335158962412,70872.47516763805,419.8182122973855,-0.3128594986571879,0.3128594986571879,-0.052303361527777786,0.052303361527777786,-9.93815366898389e-09,9.93815366898389e-09,81.55624111665156,80,0.007951186062011924,0.009696568368307224,0.0,-1.0223053666110262e-11,1.0223053666110262e-11,208.26202842073218,204.5,2.0886214891870648e-05,2.2653161487929123e-05,0.0,-1.0212148680196103e-11,1.0212148680196103e-11,208.26202842073218,204.5,2.086393545495925e-05,2.2653567269228286e-05,0.0,2.0435202346306368e-11,208.26202842073218,129.99994276000177,338.26197118073395,1.120400787985394e-08,1.1183572677507633e-08,9.93815366898389e-09,81.55624111665156,338.26197118073395,419.8182122973855,1.3200203365722133e-08,3.262049696738243e-09,0.11917990763987955,-61610.0538628927,61610.04412101761,61610.044129098846,8.081241746350222e-06,0,-1.8129064179953607e-11,1.7636545630744246e-05,-5.432046180912124e-12,5.432046180912124e-12,1.2047881488147866e-05,-5.426200604368171e-12,5.426200604368171e-12,1.2047983653923165e-05,1.0858246785280298e-11,1.8129064179953607e-11,-0.01762366916354557,-0.07946213683152505,-4.172907567078664e-05,-3.3351020286390335e-09,-9.93815366898389e-09,0.009696568368307224,-1.0223053666110262e-11,1.0223053666110262e-11,2.2653161487929123e-05,-1.0212148680196103e-11,1.0212148680196103e-11,2.2653567269228286e-05,2.0435202346306368e-11,9.93815366898389e-09,-0.052303361527777786,-0.3128594986571879,61610.04412101761,-61610.0538628927
18,18,-9.618577172858854e-12,119999999.9999983,130.0,-0.0849680262295052,112435.11231526261,338.44792993055285,-0.019958132149861484,70222.90930949629,419.7648867707284,-0.08496802622387623,0.08496802622387623,-0.019958132165109034,0.019958132165109034,-1.5247550042456777e-11,1.5247550042456777e-11,81.31695684017564,80,1.2163265657174155e-05,1.4833250801431894e-05,0.0,-4.811881936618929e-12,4.811881936618929e-12,208.44792993055285,204.5,9.839693190116915e-06,1.0672118427458694e-05,0.0,-4.806695236239926e-12,4.806695236239926e-12,208.44792993055285,204.5,9.829087040367047e-06,1.067219005468735e-05,0.0,9.618577172858854e-12,208.44792993055285,130.0,338.44792993055285,6.555843045570936e-09,6.5462244683980775e-09,1.5247550042456777e-11,81.31695684017564,338.44792993055285,419.7648867707284,7.105842787425283e-09,7.090595237382826e-09,0.0,-3.335331908371968e-09,-3.6174223951669576e-05,8.645814217482151e-06,4.482003816915173e-05,0,-1.8322818671297278e-11,119993131.2002148,129.99994276000177,-0.34621964651229575,100937.40020818215,338.2393616796874,-0.056173317315523864,70670.25122530217,419.8016109041741,-0.3462196368162279,0.3462196368162279,-0.05617332702991453,0.05617332702991453,-9.71439067008225e-09,9.71439067008225e-09,81.56224922448666,80,0.007772733293921469,0.009478943041367646,0.0,-9.1663234277253e-12,9.1663234277253e-12,208.23941891968565,204.5,1.872522856798044e-05,2.030935853360135e-05,0.0,-9.156495243571976e-12,9.156495243571976e-12,208.23941891968565,204.5,1.870515127132706e-05,2.0309610500898002e-05,0.0,1.8322818671297278e-11,208.23941891968565,129.99994276000177,338.2393616796874,6.547877174100943e-09,6.529554355429646e-09,9.71439067008225e-09,81.56224922448666,338.2393616796874,419.8016109041741,1.3058994265246092e-08,3.3446035951638436e-09,0.006622110122458065,-3423.2998551952487,3423.2903356332386,3423.290343570684,7.93744535109598e-06,0,-1.5247550042456777e-11,1.4833250801431894e-05,-4.811881936618929e-12,4.811881936618929e-12,1.0672118427458694e-05,-4.806695236239926e-12,4.806695236239926e-12,1.067219005468735e-05,9.618577172858854e-12,1.5247550042456777e-11,-0.019958132165109034,-0.08496802622387623,-3.6174223951669576e-05,-3.335331908371968e-09,-9.71439067008225e-09,0.009478943041367646,-9.1663234277253e-12,9.1663234277253e-12,2.030935853360135e-05,-9.156495243571976e-12,9.156495243571976e-12,2.0309610500898002e-05,1.8322818671297278e-11,9.71439067008225e-09,-0.05617332702991453,-0.3462196368162279,3423.2903356332386,-3423.2998551952487
19,19,-9.824633923554554e-12,119999999.99999827,130.0,-0.07751155680827403,112156.07071075281,338.4428681218356,-0.015871976227804233,70165.77019507618,419.7601959863669,-0.07751155680239302,0.07751155680239302,-0.015871976243509864,0.015871976243509864,-1.570563248613593e-11,1.570563248613593e-11,81.3173278645313,80,1.2528744049394165e-05,1.5278956157797766e-05,0.0,-4.9149648075372405e-12,4.9149648075372405e-12,208.44286812183563,204.5,1.0050240633377926e-05,1.0900477910388209e-05,0.0,-4.909669116017313e-12,4.909669116017313e-12,208.44286812183563,204.5,1.003941187342144e-05,1.0900555780044995e-05,0.0,9.824633923554557e-12,208.44286812183563,130.0,338.4428681218356,6.55565472599063e-09,6.545830092067076e-09,1.570563248613593e-11,81.3173278645313,338.4428681218356,419.7601959863669,7.1060072527737325e-09,7.090301620287597e-09,0.0,-3.3352897997876233e-09,-3.7076654558431174e-05,8.694116626205745e-06,4.577077118463692e-05,0,-1.0250375892156829e-11,119993131.20021477,129.99994276000177,-0.34283233901114407,99703.20378774202,338.21697338310827,-0.05143034923177366,70485.10196806779,419.7864112419252,-0.34283233899390886,0.34283233899390886,-0.05143034925925925,0.05143034925925925,-2.7485589058231932e-11,2.7485589058231932e-11,81.56943785881691,80,2.1993863517878307e-05,2.682178477790038e-05,0.0,-5.127948473351094e-12,5.127948473351094e-12,208.21703062310647,204.5,1.0474394064269063e-05,1.1360514169489222e-05,0.0,-5.122427418805736e-12,5.122427418805736e-12,208.21703062310647,204.5,1.046311670817648e-05,1.136060446056078e-05,0.0,1.025037589215683e-11,208.21703062310647,129.99994276000177,338.21697338310827,6.556842476496976e-09,6.54659210060482e-09,2.7485589058231932e-11,81.56943785881691,338.21697338310827,419.7864112419252,7.09677370062633e-09,7.069288111568099e-09,0.0,-3.335211679615886e-09,-4.953956819627077e-05,9.050130760797723e-06,5.858969895706849e-05,0,-1.570563248613593e-11,1.5278956157797766e-05,-4.9149648075372405e-12,4.9149648075372405e-12,1.0900477910388209e-05,-4.909669116017313e-12,4.909669116017313e-12,1.0900555780044995e-05,9.824633923554557e-12,1.570563248613593e-11,-0.015871976243509864,-0.07751155680239302,-3.7076654558431174e-05,-3.3352897997876233e-09,-2.7485589058231932e-11,2.682178477790038e-05,-5.127948473351094e-12,5.127948473351094e-12,1.1360514169489222e-05,-5.122427418805736e-12,5.122427418805736e-12,1.136060446056078e-05,1.025037589215683e-11,2.7485589058231932e-11,-0.05143034925925925,-0.34283233899390886,-4.953956819627077e-05,-3.335211679615886e-09
20,20,-1.0723910566206394e-11,119999999.99999823,130.0,-0.07584869587524394,111883.01540560194,338.43791490446034,-0.017337553109011004,70103.35500388374,419.7550720672138,-0.07584869586816725,0.07584869586816725,-0.017337553126811595,0.017337553126811595,-1.780059124620187e-11,1.780059124620187e-11,81.31715716275343,80,1.4199910999164247e-05,1.7316964633127128e-05,0.0,-5.36484213521977e-12,5.36484213521977e-12,208.43791490446037,204.5,1.096990014795759e-05,1.1897939422947496e-05,0.0,-5.3590684309866236e-12,5.3590684309866236e-12,208.43791490446037,204.5,1.095809421642688e-05,1.1898039322939069e-05,0.0,1.0723910566206392e-11,208.43791490446037,130.0,338.43791490446034,6.555400315706517e-09,6.5446764051403115e-09,1.780059124620187e-11,81.31715716275343,338.43791490446034,419.7550720672138,7.106656381957045e-09,7.088855790710844e-09,0.0,-3.335124530725219e-09,-4.110960825448297e-05,8.87042396857306e-06,4.998003222305603e-05,0,-1.2846947599935525e-11,119993131.20021473,129.99994276000177,-0.3418369814565032,98472.59065449862,338.1946500872819,-0.05492586344944819,70287.36885964977,419.77017851969725,-0.34183698141681423,0.34183698141681423,-0.05492586350198413,0.05492586350198413,-5.253593945046116e-11,5.253593945046116e-11,81.57552843241535,80,4.2042197289713526e-05,5.127097230452869e-05,0.0,-6.426936913921603e-12,6.426936913921603e-12,208.1947073272801,204.5,1.312631219057703e-05,1.4236781117762506e-05,0.0,-6.420010686013922e-12,6.420010686013922e-12,208.1947073272801,204.5,1.3112166131414328e-05,1.4236879621513928e-05,0.0,1.2846947599935527e-11,208.1947073272801,129.99994276000177,338.1946500872819,6.554639199216947e-09,6.5417922516170114e-09,5.253593945046116e-11,81.57552843241535,338.1946500872819,419.77017851969725,7.101512033589213e-09,7.048976094138752e-09,0.0,-3.3348310373899253e-09,-7.974129821276772e-05,1.5252142492073424e-05,9.499344070484113e-05,0,-1.780059124620187e-11,1.7316964633127128e-05,-5.36484213521977e-12,5.36484213521977e-12,1.1897939422947496e-05,-5.3590684309866236e-12,5.3590684309866236e-12,1.1898039322939069e-05,1.0723910566206392e-11,1.780059124620187e-11,-0.017337553126811595,-0.07584869586816725,-4.110960825448297e-05,-3.335124530725219e-09,-5.253593945046116e-11,5.127097230452869e-05,-6.426936913921603e-12,6.426936913921603e-12,1.4236781117762506e-05,-6.420010686013922e-12,6.420010686013922e-12,1.4236879621513928e-05,1.2846947599935527e-11,5.253593945046116e-11,-0.05492586350198413,-0.34183698141681423,-7.974129821276772e-05,-3.3348310373899253e-09
21,21,-1.5542779654643924e-11,119999999.99999818,130.0,-0.0601733008444621,111666.39152256187,338.43398535187106,-0.009331739351712038,70069.76074221758,419.75231417642635,-0.06017330082754501,0.06017330082754501,-0.009331739384171908,0.009331739384171908,-3.2459870645564656e-11,3.2459870645564656e-11,81.31832882455534,80,2.589430368501614e-05,3.157841912806847e-05,0.0,-7.775578986986557e-12,7.775578986986557e-12,208.43398535187106,204.5,1.5899017132585198e-05,1.7244053289137957e-05,0.0,-7.767200667657365e-12,7.767200667657365e-12,208.43398535187106,204.5,1.588188566973464e-05,1.724417553717116e-05,0.0,1.5542779654643924e-11,208.43398535187106,130.0,338.43398535187106,6.5532254217253015e-09,6.5376826420706575e-09,3.2459870645564656e-11,81.31832882455534,338.43398535187106,419.75231417642635,7.111264864323663e-09,7.078804993678098e-09,0.0,-3.334568539754686e-09,-6.606331338583785e-05,1.5458401772791807e-05,8.152171515862968e-05,0,-1.340906990601805e-11,119993131.20021467,129.99994276000177,-0.27145401095706856,97495.35621505317,338.1769230755232,-0.03200220641242847,70172.16091656503,419.7607206269169,-0.2714540109085471,0.2714540109085471,-0.032002206474358974,0.032002206474358974,-6.193050359320759e-11,6.193050359320759e-11,81.58379755139379,80,4.956527679758409e-05,6.044545950924889e-05,0.0,-6.708151138655719e-12,6.708151138655719e-12,208.17698031552138,204.5,1.3699494772413038e-05,1.4858454200014146e-05,0.0,-6.700918767362332e-12,6.700918767362332e-12,208.17698031552138,204.5,1.3684724706760376e-05,1.4858550170206707e-05,0.0,1.340906990601805e-11,208.17698031552138,129.99994276000177,338.1769230755232,6.55418830854081e-09,6.540779238634793e-09,6.193050359320759e-11,81.58379755139379,338.1769230755232,419.7607206269169,7.10415831748655e-09,7.042227813893342e-09,0.0,-3.3347686741773813e-09,-9.015912911079556e-05,1.5235816388590538e-05,0.00010539494549938609,0,-3.2459870645564656e-11,3.157841912806847e-05,-7.775578986986557e-12,7.775578986986557e-12,1.7244053289137957e-05,-7.767200667657365e-12,7.767200667657365e-12,1.724417553717116e-05,1.5542779654643924e-11,3.2459870645564656e-11,-0.009331739384171908,-0.06017330082754501,-6.606331338583785e-05,-3.334568539754686e-09,-6.193050359320759e-11,6.044545950924889e-05,-6.708151138655719e-12,6.708151138655719e-12,1.4858454200014146e-05,-6.700918767362332e-12,6.700918767362332e-12,1.4858550170206707e-05,1.340906990601805e-11,6.193050359320759e-11,-0.032002206474358974,-0.2714540109085471,-9.015912911079556e-05,-3.3347686741773813e-09
22,22,-1.755271045213866e-11,119999999.99999811,130.0,-0.06361257665114306,111437.38624661777,338.42983120108016,-0.009560019413823954,70035.34467232782,419.74948882002974,-0.06361257662769107,0.06361257662769107,-0.00956001945482866,0.00956001945482866,-4.100470572902395e-11,4.100470572902395e-11,81.31965761894953,80,3.271133346671281e-05,3.989187008135709e-05,0.0,-8.781068541265676e-12,8.781068541265676e-12,208.4298312010802,204.5,1.795462137777964e-05,1.947355897806902e-05,0.0,-8.771641910872984e-12,8.771641910872984e-12,208.4298312010802,204.5,1.79353467782507e-05,1.9473775003529537e-05,0.0,1.7552710452138655e-11,208.4298312010802,130.0,338.42983120108016,6.552823687414991e-09,6.535270976962853e-09,4.100470572902395e-11,81.31965761894953,338.42983120108016,419.74948882002974,7.11646071429558e-09,7.0754560085665565e-09,0.0,-3.334426677398424e-09,-7.883586963627824e-05,1.548899086364205e-05,9.43248604999203e-05,0,-1.5824017036330805e-11,119993131.20021462,129.99994276000177,-0.20823167108263171,96745.7221991557,338.163324730563,-0.024210292007561262,70085.0038653378,419.75356554695037,-0.2082316709342998,0.2082316709342998,-0.02421029217171717,0.02421029217171717,-1.641559076764916e-10,1.641559076764916e-10,81.59024081638742,80,0.000131390431582602,0.0001602322336373195,0.0,-7.916269642773003e-12,7.916269642773003e-12,208.1633819705612,204.5,1.6165677896625914e-05,1.7533273206752617e-05,0.0,-7.907747393557805e-12,7.907747393557805e-12,208.1633819705612,204.5,1.6148274758281148e-05,1.7533414504105484e-05,0.0,1.5824017036330805e-11,208.1633819705612,129.99994276000177,338.163324730563,6.551742601144362e-09,6.535918584108031e-09,1.641559076764916e-10,81.59024081638742,338.163324730563,419.75356554695037,7.1413771827408405e-09,6.977221275064349e-09,0.0,-3.3345511803165137e-09,-0.00019529558679699726,2.6688947232963127e-05,0.00022198453402996038,0,-4.100470572902395e-11,3.989187008135709e-05,-8.781068541265676e-12,8.781068541265676e-12,1.947355897806902e-05,-8.771641910872984e-12,8.771641910872984e-12,1.9473775003529537e-05,1.7552710452138655e-11,4.100470572902395e-11,-0.00956001945482866,-0.06361257662769107,-7.883586963627824e-05,-3.334426677398424e-09,-1.641559076764916e-10,0.0001602322336373195,-7.916269642773003e-12,7.916269642773003e-12,1.7533273206752617e-05,-7.907747393557805e-12,7.907747393557805e-12,1.7533414504105484e-05,1.5824017036330805e-11,1.641559076764916e-10,-0.02421029217171717,-0.2082316709342998,-0.00019529558679699726,-3.3345511803165137e-09
23,23,-2.1725499367528775e-11,119999999.99999803,130.0,-0.060226133845477474,111220.57216477404,338.4258981982887,-0.009818158967104718,70000.0,419.74658717338656,-0.060226133799370696,0.060226133799370696,-0.009818159034936998,0.009818159034936998,-6.783228064454664e-11,6.783228064454664e-11,81.32068897509785,80,5.4113606086316275e-05,6.599220254428816e-05,0.0,-1.0868555700288284e-11,1.0868555700288284e-11,208.42589819828868,204.5,2.222248002755021e-05,2.410247291491346e-05,0.0,-1.0856943667240491e-11,1.0856943667240491e-11,208.42589819828868,204.5,2.2198737390570672e-05,2.4102863616254804e-05,0.0,2.1725499367528778e-11,208.42589819828868,130.0,338.4258981982887,6.5516080587775225e-09,6.529882559409993e-09,6.783228064454664e-11,81.32068897509785,338.4258981982887,419.74658717338656,7.129912461440389e-09,7.062080180795841e-09,0.0,-3.3342145873326893e-09,-0.00011419420486086904,2.375264361119373e-05,0.00013794684847206277,0,-1.6315032810260122e-11,119993131.20021456,129.99994276000177,-0.20021490697931654,96024.94853403016,338.1502499117464,-0.023612379253816537,70000.0,419.7465871733847,-0.2002149067529203,0.2002149067529203,-0.02361237949652778,0.02361237949652778,-2.4271124474902673e-10,2.4271124474902673e-10,81.59633726163828,80,0.00019428065960662165,0.00023692763366661173,0.0,-8.161905623789972e-12,8.161905623789972e-12,208.15030715174464,204.5,1.666624002446913e-05,1.8076182239120534e-05,0.0,-8.15312718647015e-12,8.15312718647015e-12,208.15030715174464,204.5,1.6648314854765446e-05,1.807634620495705e-05,0.0,1.631503281026012e-11,208.15030715174464,129.99994276000177,338.1502499117464,6.550838361977009e-09,6.534523329166749e-09,2.4271124474902673e-10,81.59633726163828,338.1502499117464,419.7465871733847,7.1569733253822e-09,6.914262080633173e-09,0.0,-3.334515116123686e-09,-0.0002730768275955733,2.6105157427860893e-05,0.0002991819850234341,0,-6.783228064454664e-11,6.599220254428816e-05,-1.0868555700288284e-11,1.0868555700288284e-11,2.410247291491346e-05,-1.0856943667240491e-11,1.0856943667240491e-11,2.4102863616254804e-05,2.1725499367528778e-11,6.783228064454664e-11,-0.009818159034936998,-0.060226133799370696,-0.00011419420486086904,-3.3342145873326893e-09,-2.4271124474902673e-10,0.00023692763366661173,-8.161905623789972e-12,8.161905623789972e-12,1.8076182239120534e-05,-8.15312718647015e-12,8.15312718647015e-12,1.807634620495705e-05,1.631503281026012e-11,2.4271124474902673e-10,-0.02361237949652778,-0.2002149067529203,-0.0002730768275955733,-3.334515116123686e-09
