,t,B0w.Q,B0w.W,B0w.z,B1w.Q,B1w.W,B1w.z,B4w.Q,B4w.W,B4w.z,Irrigation1w.Qin,Irrigation1w.Qout,Irrigation4w.Qin,Irrigation4w.Qout,Pump4w.Qin,Pump4w.Qout,Pump4w.H,Pump4w.Hfix,Pump4w.Ph,Pump4w.Pe,Pump4w.PumpOn,Pump5w.Qin,Pump5w.Qout,Pump5w.H,Pump5w.Hfix,Pump5w.Ph,Pump5w.Pe,Pump5w.PumpOn,Pump7w.Qin,Pump7w.Qout,Pump7w.H,Pump7w.Hfix,Pump7w.Ph,Pump7w.Pe,Pump7w.PumpOn,Pump8w.Qin,Pump8w.Qout,Pump8w.H,Pump8w.Hfix,Pump8w.Ph,Pump8w.Pe,Pump8w.PumpOn,Turb2w.Qin,Turb2w.Qout,Turb2w.H,Turb2w.Ph,Turb2w.Pe,Pipe0w.Q,Pipe0w.H,Pipe0w.zlow,Pipe0w.zhigh,Pipe2w.Q,Pipe2w.H,Pipe2w.zlow,Pipe2w.zhigh,PVw.forecast,PVw.P,Gridw.P,Gridw.Psell,Gridw.Pbuy,EBgw.P_bal,B0s.Q,B0s.W,B0s.z,B1s.Q,B1s.W,B1s.z,B4s.Q,B4s.W,B4s.z,Irrigation1s.Qin,Irrigation1s.Qout,Irrigation4s.Qin,Irrigation4s.Qout,Pump4s.Qin,Pump4s.Qout,Pump4s.H,Pump4s.Hfix,Pump4s.Ph,Pump4s.Pe,Pump4s.PumpOn,Pump5s.Qin,Pump5s.Qout,Pump5s.H,Pump5s.Hfix,Pump5s.Ph,Pump5s.Pe,Pump5s.PumpOn,Pump7s.Qin,Pump7s.Qout,Pump7s.H,Pump7s.Hfix,Pump7s.Ph,Pump7s.Pe,Pump7s.PumpOn,Pump8s.Qin,Pump8s.Qout,Pump8s.H,Pump8s.Hfix,Pump8s.Ph,Pump8s.Pe,Pump8s.PumpOn,Turb2s.Qin,Turb2s.Qout,Turb2s.H,Turb2s.Ph,Turb2s.Pe,Pipe0s.Q,Pipe0s.H,Pipe0s.zlow,Pipe0s.zhigh,Pipe2s.Q,Pipe2s.H,Pipe2s.zlow,Pipe2s.zhigh,PVs.forecast,PVs.P,Grids.P,Grids.Psell,Grids.Pbuy,EBgs.P_bal,p4r1w_expanded.Q,p4c2_Qw_expanded.Q,p4ebw_expanded.P,p5r1w_expanded.Q,p5c0_Qw_expanded.Q,p5ebw_expanded.P,p7r0w_expanded.Q,p7c0_Qw_expanded.Q,p7ebw_expanded.P,p8r0w_expanded.Q,p8c2_Qw_expanded.Q,p8ebw_expanded.P,t2r1w_expanded.Q,t2c2_Qw_expanded.Q,t2ebw_expanded.P,c0r1_Qw_expanded.Q,c2r4_Qw_expanded.Q,r4i4w_expanded.Q,r1i1w_expanded.Q,gridebw_expanded.P,pvebw_expanded.P,p4r1s_expanded.Q,p4c2_Qs_expanded.Q,p4ebs_expanded.P,p5r1s_expanded.Q,p5c2_Qs_expanded.Q,p5ebs_expanded.P,p7r0s_expanded.Q,p7c0_Qs_expanded.Q,p7ebs_expanded.P,p8r0s_expanded.Q,p8c0_Qs_expanded.Q,p8ebs_expanded.P,t2r1s_expanded.Q,t2c2_Qs_expanded.Q,t2ebs_expanded.P,c0r1_Qs_expanded.Q,c2r4_Qs_expanded.Q,r4i4s_expanded.Q,r1i1s_expanded.Q,gridebs_expanded.P,pvebs_expanded.P
0,0,1.999999982687329e-08,120000000.000072,130.0000000000006,-0.04283394666920125,119845.79779199087,337.7269225833227,-0.03306574547545132,229880.96331628837,429.45144131940896,-0.04283394667047635,0.04283394667047635,-0.03306572547292994,0.03306572547292994,0.0,0.0,89.0,89,0.0,0.0,0.0,0.0,0.0,89.0,89,0.0,0.0,0.0,0.0,0.0,220.3,207,0.0,0.0,0.0,0.0,0.0,220.3,207,0.0,0.0,0.0,-1.6783953906922721e-12,1.5589430122183805e-12,89,-1.46539144796757e-06,-1.0257740135774478e-06,-2.00000496473656e-08,220.3,130,337,-2.0001994514219826e-08,89.0,339,427,0.0,0.0,1.0554229039375988e-06,1.8799097358594283e-06,8.244868319209458e-07,0,-1.0600000105426222,119996183.99996205,129.99996819999967,0.959754544904539,123455.11636165634,337.92650133518885,-0.13486692415992013,229514.4790730243,429.43674726243415,-0.10024548564043212,0.10024548564043212,-0.1348669041553222,0.1348669041553222,0.0,0.0,89.0,89,0.0,0.0,0.0,0.0,0.0,89.0,89,0.0,0.0,0.0,-1.060000020542622,1.060000020542622,220.3,207,2290811.6243955437,2484611.306285839,1.0,0.0,0.0,220.3,207,0.0,0.0,0.0,-1.7826748382209098e-12,1.3527787947979463e-12,89,-1.5564294647442262e-06,-1.0895006253208063e-06,1.06,220.3,130,337,-2.0002887677311434e-08,89.0,339,427,0.0,0.0,-2484611.3062847294,6.773460990535131e-07,2484611.306285407,0,0.0,0.0,0.0,0.0,0.0,0.0,0.0,0.0,0.0,0.0,0.0,0.0,1.4743698589816022e-12,-1.819022428727357e-12,-1.0257740135779647e-06,-2.000009945557897e-08,-2.0002170135795747e-08,-0.033065725473105566,-0.04283394667052616,1.0554229039367143e-06,0.0,0.0,0.0,0.0,0.0,0.0,0.0,-1.060000020542622,1.0600000205435427,2484611.306285839,0.0,0.0,0.0,9.578205355719159e-13,-2.31770719296357e-12,-1.0895006253208308e-06,1.06,-2.000345776029951e-08,-0.13486690415589228,-0.10024548564079225,-2484611.3062847294,0.0
1,1,-0.7330073840469563,119997361.17348944,129.99997800977908,0.6910959185942661,122333.74309893024,337.8644945403241,-0.03338017847950211,229760.79467376217,429.44662319990636,-0.04191148545488257,0.04191148545488257,-0.033380158476012556,0.033380158476012556,0.0,0.0,89.0,89,0.0,0.0,0.0,0.0,0.0,89.0,89,0.0,0.0,0.0,-0.7330073940469563,0.7330073940469563,220.3,207,1584133.798592821,1718149.4561744265,1.0,0.0,0.0,220.3,207,0.0,0.0,0.0,-2.647048161610604e-12,2.5266140369148155e-12,89,-2.311112664384853e-06,-1.6177788650694367e-06,0.7330073840468566,220.3,130,337,-2.000296268867181e-08,89.0,339,427,0.0,0.0,-1718149.456172789,5.544442532712827e-07,1718149.4561733434,0,-1.0600000105891767,119992367.99992393,129.99993639999937,0.9643583809924131,126926.80653322903,338.1184698682885,-0.1313985726423609,229041.44421151179,429.41778109585584,-0.09564164959747024,0.09564164959747024,-0.13139855263780612,0.13139855263780612,0.0,0.0,89.0,89,0.0,0.0,0.0,0.0,0.0,89.0,89,0.0,0.0,0.0,-1.0600000205891766,1.0600000205891766,220.3,207,2290811.6244961545,2484611.306394962,1.0,0.0,0.0,220.3,207,0.0,0.0,0.0,-1.7395377939911108e-12,1.3096821101646197e-12,89,-1.5187669357562367e-06,-1.0631368550291587e-06,1.06,220.3,130,337,-2.0002844560363e-08,89.0,339,427,0.0,0.0,-2484611.306393879,6.715084006829165e-07,2484611.30639455,0,0.0,0.0,0.0,0.0,0.0,0.0,-0.7330073940469563,0.7330073940469064,1718149.4561744265,0.0,0.0,0.0,2.441546018910696e-12,-2.7871968618167855e-12,-1.6177788650694507e-06,0.7330073840468069,-2.0003138310244447e-08,-0.03338015847618818,-0.041911485454932375,-1718149.456172789,0.0,0.0,0.0,0.0,0.0,0.0,0.0,-1.0600000205891766,1.060000020589439,2484611.306394962,0.0,0.0,0.0,9.147441838128743e-13,-2.2745902214072057e-12,-1.063136855029084e-06,1.06,-2.0003414643362482e-08,-0.1313985526383762,-0.09564164959783036,-2484611.306393879,0.0
2,2,-0.6359999802613271,119995071.57356049,129.99995892977967,0.5959157304686502,124479.03972861737,337.9831195980659,-0.03346487162811056,229640.32113590097,429.44179285573244,-0.040084269794871466,0.040084269794871466,-0.03346485162461878,0.03346485162461878,0.0,0.0,89.0,89,0.0,0.0,0.0,0.0,0.0,89.0,89,0.0,0.0,0.0,-0.635999990261327,0.635999990261327,220.3,207,1374486.9269533353,1490766.732053509,1.0,0.0,0.0,220.3,207,0.0,0.0,0.0,-2.6492769445321387e-12,2.5288381819230515e-12,89,-2.3130585932749676e-06,-1.6191410152924586e-06,0.6359999802612274,220.3,130,337,-2.0002964915154224e-08,89.0,339,427,0.0,0.0,-1490766.73205187,5.310242642846453e-07,1490766.7320524012,0,-1.0600000105956233,119988551.99988578,129.99990459999904,-0.48002134050957074,125198.72970739457,338.0229151508615,1.2925900710637996,233694.76846734146,429.6043544970152,-0.09473141010940546,0.09473141010940546,-0.15269986992584333,0.15269986992584333,-0.7226449633792916,0.7226449633789315,89.0,89,630934.0910765113,684310.2940092314,1.0,-0.7226449676144922,0.722644967614132,89.0,89,630934.0947742226,684310.2980197642,1.0,-1.0600000205956233,1.0600000205956233,220.3,207,2290811.624510087,2484611.306410073,1.0,0.0,0.0,220.3,207,0.0,0.0,0.0,0.0,0.0,89,0.0,0.0,1.06,220.3,130,337,1.445289940991353,89.0,339,427,0.0,0.0,-3853231.8984390753,6.730740021844822e-07,3853231.8984397487,0,0.0,0.0,0.0,0.0,0.0,0.0,-0.635999990261327,0.6359999902612772,1490766.732053509,0.0,0.0,0.0,2.4437678327287093e-12,-2.7894233210425773e-12,-1.619141015292357e-06,0.6359999802611777,-2.0003140536709436e-08,-0.0334648516247944,-0.04008426979492127,-1490766.73205187,0.0,-0.7226449633796518,0.7226449633783615,684310.2940092314,-0.7226449676148523,0.7226449676135619,684310.2980197642,-1.060000020595623,1.0600000205953668,2484611.306410073,0.0,0.0,0.0,0.0,0.0,0.0,1.06,1.4452899409907831,-0.1526998699264134,-0.09473141010976559,-3853231.8984390753,0.0
3,3,-1.0600000105816845,119991255.5735224,129.99992712977937,1.0242487630943156,128166.33527575691,338.1870101189095,-0.030246060716050387,229531.4353173232,429.43742711709206,-0.035751267490701934,0.035751267490701934,-0.03024604071263128,0.03024604071263128,0.0,0.0,89.0,89,0.0,0.0,0.0,0.0,0.0,89.0,89,0.0,0.0,0.0,-1.0600000205816842,1.0600000205816842,220.3,207,2290811.6244799625,2484611.3063773997,1.0,0.0,0.0,220.3,207,0.0,0.0,0.0,-2.576571873697142e-12,2.456207179018657e-12,89,-2.249580510060135e-06,-1.574706357042159e-06,1.06,220.3,130,337,-2.000289224688064e-08,89.0,339,427,0.0,0.0,-2484611.306375805,5.313659920142052e-07,2484611.306376336,0,-0.9260137354359003,119985218.3504382,129.99987681958697,0.8364038299514374,128209.78349521974,338.1894126060394,-0.14575617901767135,233170.04622287786,429.58331594297704,-0.08960992548363095,0.08960992548363095,-0.14575615901306224,0.14575615901306224,0.0,0.0,89.0,89,0.0,0.0,0.0,0.0,0.0,89.0,89,0.0,0.0,0.0,-0.9260137454359002,0.9260137454359002,220.3,207,2001248.1238525778,2170551.1104691736,1.0,0.0,0.0,220.3,207,0.0,0.0,0.0,-1.793834046683712e-12,1.3639278882453588e-12,89,-1.5661724599566882e-06,-1.0963207219694382e-06,0.9260137354351801,220.3,130,337,-2.000289883214861e-08,89.0,339,427,0.0,0.0,-2170551.110468057,6.730930437828694e-07,2170551.11046873,0,0.0,0.0,0.0,0.0,0.0,0.0,-1.0600000205816842,1.0600000205821245,2484611.3063773997,0.0,0.0,0.0,2.371173740067502e-12,-2.71675523905876e-12,-1.5747063570422399e-06,1.06,-2.0003067868404226e-08,-0.0302460407128069,-0.03575126749075174,-2484611.306375805,0.0,0.0,0.0,0.0,0.0,0.0,0.0,-0.9260137454359002,0.9260137454355402,2170551.1104691736,0.0,0.0,0.0,9.689656797671412e-13,-2.3288610714126963e-12,-1.096320721969277e-06,0.9260137354348199,-2.0003468916005984e-08,-0.1457561590136323,-0.08960992548399108,-2170551.110468057,0.0
4,4,1.9999999827414073e-08,119991255.57359439,129.99992712977996,-0.039658420374939815,128023.56496240712,338.17911557582835,-0.030637738841860385,229421.1394574925,429.433004843343,-0.03965842037616476,0.03965842037616476,-0.030637718839389223,0.030637718839389223,0.0,0.0,89.0,89,0.0,0.0,0.0,0.0,0.0,89.0,89,0.0,0.0,0.0,0.0,0.0,220.3,207,0.0,0.0,0.0,0.0,0.0,220.3,207,0.0,0.0,0.0,-1.6281534992159597e-12,1.5087513127654938e-12,89,-1.4215257463061256e-06,-9.95068022414438e-07,-2.0000049648284825e-08,220.3,130,337,-2.0001944296794364e-08,89.0,339,427,0.0,0.0,1.0247168752578813e-06,1.7908120998422563e-06,7.660952245834587e-07,0,1.999999983908559e-08,119985218.35051021,129.9998768195876,-0.10419022037796312,127834.69870185907,338.1686721384254,-0.13938009980140406,232668.2778635928,429.5631977169005,-0.10419022037720459,0.10419022037720459,-0.13938007979708222,0.13938007979708222,0.0,0.0,89.0,89,0.0,0.0,0.0,0.0,0.0,89.0,89,0.0,0.0,0.0,0.0,0.0,220.3,207,0.0,0.0,0.0,0.0,0.0,220.3,207,0.0,0.0,0.0,-1.5064296323124683e-12,1.0768369471105094e-12,89,-1.3152424871896623e-06,-9.206697410328123e-07,-2.000035998501228e-08,220.3,130,337,-2.0002611576488995e-08,89.0,339,427,0.0,0.0,9.503129704920669e-07,1.973756349367908e-06,1.0234433788748673e-06,0,0.0,0.0,0.0,0.0,0.0,0.0,0.0,0.0,0.0,0.0,0.0,0.0,1.4242032130928542e-12,-1.7688050283761502e-12,-9.950680224149717e-07,-2.000009945708711e-08,-2.0002119918273035e-08,-0.030637718839564843,-0.039658420376214566,1.0247168752569642e-06,0.0,0.0,0.0,0.0,0.0,0.0,0.0,0.0,0.0,0.0,0.0,0.0,0.0,6.820350535939494e-13,-2.0416043834552696e-12,-9.206697410333241e-07,-2.0000720113367785e-08,-2.000318166119227e-08,-0.1393800797976523,-0.10419022037756472,9.503129704910924e-07,0.0
5,5,1.999999982757532e-08,119991255.5736664,129.99992712978056,-0.045591223833652765,127859.43655660597,338.170040028258,-0.030164002977343545,229312.54904677405,429.4286509489769,-0.045591223835223134,0.045591223835223134,-0.03016398297452661,0.03016398297452661,0.0,0.0,89.0,89,0.0,0.0,0.0,0.0,0.0,89.0,89,0.0,0.0,0.0,0.0,0.0,220.3,207,0.0,0.0,0.0,0.0,0.0,220.3,207,0.0,0.0,0.0,-1.9740923769942213e-12,1.854350289668314e-12,89,-1.7235615801048371e-06,-1.2064931060734255e-06,-2.000004964864753e-08,220.3,130,337,-2.0002290067515324e-08,89.0,339,427,0.0,0.0,1.236141945772924e-06,1.980916523140773e-06,7.44774577367429e-07,0,1.999999983866874e-08,119985218.35058221,129.9998768195882,-0.13150563851167998,127361.27840321703,338.14249416868194,-0.18071495649013905,232017.7040202283,429.53711318722054,-0.13150563851104796,0.13150563851104796,-0.18071493648569056,0.18071493648569056,0.0,0.0,89.0,89,0.0,0.0,0.0,0.0,0.0,89.0,89,0.0,0.0,0.0,0.0,0.0,220.3,207,0.0,0.0,0.0,0.0,0.0,220.3,207,0.0,0.0,0.0,-1.6331297768217892e-12,1.203413328079042e-12,89,-1.4258631378322812e-06,-9.98104196482589e-07,-2.000035998399065e-08,220.3,130,337,-2.0002738216751158e-08,89.0,339,427,0.0,0.0,1.0277474052573045e-06,2.0238406050749648e-06,9.960931998169454e-07,0,0.0,0.0,0.0,0.0,0.0,0.0,0.0,0.0,0.0,0.0,0.0,0.0,1.7696316524024356e-12,-2.114575768453121e-12,-1.2064931060736556e-06,-2.000009945763946e-08,-2.0002465688946353e-08,-0.03016398297470223,-0.04559122383527294,1.2361419457725029e-06,0.0,0.0,0.0,0.0,0.0,0.0,0.0,0.0,0.0,0.0,0.0,0.0,0.0,8.085498869160268e-13,-2.1682437580942456e-12,-9.981041964829428e-07,-2.00007201112087e-08,-2.0003308302315005e-08,-0.18071493648626064,-0.1315056385114081,1.027747405256589e-06,0.0
6,6,1.9999999827730694e-08,119991255.5737384,129.99992712978116,-0.07059574443395103,127605.29187664375,338.15598699385794,-0.029168607737889693,229207.54205891766,429.42444073069146,-0.07059574443626089,0.07059574443626089,-0.029168587734332556,0.029168587734332556,0.0,0.0,89.0,89,0.0,0.0,0.0,0.0,0.0,89.0,89,0.0,0.0,0.0,0.0,0.0,220.3,207,0.0,0.0,0.0,0.0,0.0,220.3,207,0.0,0.0,0.0,-2.714657578147531e-12,2.594195323120078e-12,89,-2.370141776975769e-06,-1.65909924388303e-06,-2.0000049649014527e-08,220.3,130,337,-2.000303027444848e-08,89.0,339,427,0.0,0.0,1.6887480712145632e-06,2.4327554090700943e-06,7.44007337855422e-07,0,1.9999999838161233e-08,119985218.35065421,129.9998768195888,-0.1743746021987667,126733.52983530147,338.10778255394024,-0.2854180211984236,230990.19914391398,429.49591574020366,-0.17437460219791667,0.17437460219791667,-0.2854180011941933,0.2854180011941933,0.0,0.0,89.0,89,0.0,0.0,0.0,0.0,0.0,89.0,89,0.0,0.0,0.0,0.0,0.0,220.3,207,0.0,0.0,0.0,0.0,0.0,220.3,207,0.0,0.0,0.0,-1.4148468268631988e-12,9.853099180673776e-13,89,-1.2352824438350851e-06,-8.646977106842583e-07,-2.000035998298046e-08,220.3,130,337,-2.000252003276828e-08,89.0,339,427,0.07357298277434086,-38033.553825319046,38033.55382622339,38033.5538266229,3.9951605396912877e-07,0,0.0,0.0,0.0,0.0,0.0,0.0,0.0,0.0,0.0,0.0,0.0,0.0,2.5091160070322685e-12,-2.8547827276881274e-12,-1.6590992438830812e-06,-2.0000099458193803e-08,-2.0003205895825195e-08,-0.029168587734508176,-0.0705957444363107,1.6887480712144527e-06,0.0,0.0,0.0,0.0,0.0,0.0,0.0,0.0,0.0,0.0,0.0,0.0,0.0,5.905340952732639e-13,-1.9500588503145306e-12,-8.646977106841084e-07,-2.0000720109069844e-08,-2.0003090119205897e-08,-0.2854180011947634,-0.1743746021982768,38033.55382622339,-38033.553825319046
7,7,1.9999999827985363e-08,119991255.5738104,129.99992712978175,-0.08260265893342528,127307.92230448342,338.1395438213008,-0.028207076267335044,229105.99658435525,429.42036930056537,-0.08260265893665866,0.08260265893665866,-0.02820705626285339,0.02820705626285339,0.0,0.0,89.0,89,0.0,0.0,0.0,0.0,0.0,89.0,89,0.0,0.0,0.0,0.0,0.0,220.3,207,0.0,0.0,0.0,0.0,0.0,220.3,207,0.0,0.0,0.0,-3.63963697729294e-12,3.5182130043118267e-12,89,-3.177732204244332e-06,-2.224412542971005e-06,-2.0000049649412034e-08,220.3,130,337,-2.0003954791392984e-08,89.0,339,427,0.07477177315670108,-38653.26851965903,38653.26852192309,38653.268522276005,3.529069718952104e-07,0,1.99999998318449e-08,119985218.35072622,129.9998768195894,-0.4672235975928475,125051.52488396721,338.0147753997253,-0.03695104530634754,230857.17538081112,429.490582199158,-0.19347358759004882,0.19347358759004882,-0.310701035304135,0.310701035304135,0.0,0.0,89.0,89,0.0,0.0,0.0,-0.27374999000099814,0.273749990000638,89.0,89,239008.37876965702,259228.1765397582,1.0,0.0,0.0,220.3,207,0.0,0.0,0.0,0.0,0.0,220.3,207,0.0,0.0,0.0,0.0,0.0,89,0.0,0.0,-2.000035998064316e-08,220.3,130,337,0.27374998999949773,89.0,339,427,0.27945187048193765,-144462.64589011064,-114765.53064962487,4.131636453747695e-07,114765.53065003804,0,0.0,0.0,0.0,0.0,0.0,0.0,0.0,0.0,0.0,0.0,0.0,0.0,3.4326466138252314e-12,-3.7792996866186185e-12,-2.224412542970993e-06,-2.0000099458784615e-08,-2.00041304127005e-08,-0.02820705626302901,-0.08260265893670847,38653.26852192309,-38653.26851965903,0.0,0.0,0.0,-0.27374999000135825,0.2737499900000679,259228.1765397582,0.0,0.0,0.0,0.0,0.0,0.0,0.0,0.0,0.0,-2.0000720105610667e-08,0.27374998999892763,-0.3107010353047051,-0.19347358759040895,-114765.53064962487,-144462.64589011064
8,8,1.9999999828163872e-08,119991255.5738824,129.99992712978235,-0.10918021420213442,126914.87353335574,338.1178100281623,-0.029600532757754414,228999.43466642735,429.4160967379051,-0.10918021420476628,0.10918021420476628,-0.02960051275387489,0.02960051275387489,0.0,0.0,89.0,89,0.0,0.0,0.0,0.0,0.0,89.0,89,0.0,0.0,0.0,0.0,0.0,220.3,207,0.0,0.0,0.0,0.0,0.0,220.3,207,0.0,0.0,0.0,-3.0372142828611717e-12,2.916390481848324e-12,89,-2.651762870369197e-06,-1.8562340092584146e-06,-2.000004964981544e-08,220.3,130,337,-2.000335266348624e-08,89.0,339,427,0.2358591708815945,-121927.39960626901,121927.3996081649,121927.39960852648,3.615769479596958e-07,0,1.9999999836682688e-08,119985218.35079822,129.99987681958999,-0.5302704365561246,123142.55131236518,337.9092179224863,-0.0562437848358548,230654.69775540204,429.48246392990484,-0.2565204265537426,0.2565204265537426,-0.32999377483322556,0.32999377483322556,0.0,0.0,89.0,89,0.0,0.0,0.0,-0.2737499900005814,0.2737499900002213,89.0,89,239008.37876929322,259228.1765393636,1.0,0.0,0.0,220.3,207,0.0,0.0,0.0,0.0,0.0,220.3,207,0.0,0.0,0.0,0.0,0.0,89,0.0,0.0,-2.0000359980863897e-08,220.3,130,337,0.27374998999908107,89.0,339,427,0.4971078908988494,-256979.92676983005,-2248.249769510837,2.3364514471092417e-07,2248.249769744482,0,0.0,0.0,0.0,0.0,0.0,0.0,0.0,0.0,0.0,0.0,0.0,0.0,2.8311258243277476e-12,-3.1771718449018142e-12,-1.8562340092584045e-06,-2.000009945939783e-08,-2.0003528284699923e-08,-0.02960051275405051,-0.10918021420481609,121927.3996081649,-121927.39960626901,0.0,0.0,0.0,-0.2737499900009416,0.2737499899996512,259228.1765393636,0.0,0.0,0.0,0.0,0.0,0.0,0.0,0.0,0.0,-2.0000720104715267e-08,0.27374998999851097,-0.32999377483379566,-0.2565204265541027,-2248.249769510837,-256979.92676983005
9,9,1.9999999827583115e-08,119991255.5739544,129.99992712978295,-0.11784073596472172,126490.64688388274,338.0943522414427,-0.03417094548109145,228876.41926269542,429.41116447851215,-0.11784073596654658,0.11784073596654658,-0.034170925478019726,0.034170925478019726,0.0,0.0,89.0,89,0.0,0.0,0.0,0.0,0.0,89.0,89,0.0,0.0,0.0,0.0,0.0,220.3,207,0.0,0.0,0.0,0.0,0.0,220.3,207,0.0,0.0,0.0,-2.229022772893695e-12,2.1089932152351487e-12,89,-1.946138807144136e-06,-1.3622971650008223e-06,-2.0000049650163835e-08,220.3,130,337,-2.00025448648804e-08,89.0,339,427,0.3846877203897489,-198864.319043838,198864.31904523994,198864.3190454621,2.221470621772292e-07,0,1.9999999836157524e-08,119985218.3508702,129.99987681959058,-0.6490173727874551,120806.08877033033,337.78002226715114,0.06270848574515718,230880.44830408462,429.4915153188401,-0.2722220828356481,0.2722220828356481,-0.31408678420027886,0.31408678420027886,-0.37679527995086565,0.37679527995050555,89.0,89,328976.1909719869,356807.1485596387,1.0,0.0,0.0,89.0,89,0.0,0.0,0.0,0.0,0.0,220.3,207,0.0,0.0,0.0,0.0,0.0,220.3,207,0.0,0.0,0.0,-1.6839746646284957e-12,1.2541802838479568e-12,89,-1.4702553127252362e-06,-1.0291787189073558e-06,-2.0000359979762437e-08,220.3,130,337,0.37679526994714635,89.0,339,427,0.6902159686444646,-356807.1485586373,5.7503256897090686e-08,5.176769829288543e-07,4.601737260319835e-07,0,0.0,0.0,0.0,0.0,0.0,0.0,0.0,0.0,0.0,0.0,0.0,0.0,2.0241268814013888e-12,-2.369373361879724e-12,-1.3622971650007867e-06,-2.0000099459965965e-08,-2.000272048598193e-08,-0.03417092547819535,-0.11784073596659639,198864.31904523994,-198864.319043838,-0.3767952799512258,0.37679527994993545,356807.1485596387,0.0,0.0,0.0,0.0,0.0,0.0,0.0,0.0,0.0,8.592774044948583e-13,-2.2190592734208658e-12,-1.0291787189070905e-06,-2.0000720102508356e-08,0.37679526994657625,-0.31408678420084896,-0.2722220828360082,5.750325689731048e-08,-356807.1485586373
10,10,1.999999982758133e-08,119991255.5740264,129.99992712978354,-0.3849931435266299,125104.67156718687,338.0177141673896,0.21177940586101984,229638.82512379508,429.4417328736527,-0.10455218725669659,0.10455218725669659,-0.0686615304073911,0.0686615304073911,-0.2804409462718995,0.28044094627184973,89.0,89,244850.1857804893,265564.1928204873,1.0,0.0,0.0,89.0,89,0.0,0.0,0.0,0.0,0.0,220.3,207,0.0,0.0,0.0,0.0,0.0,220.3,207,0.0,0.0,0.0,-2.420493060762708e-12,2.300240208111221e-12,89,-2.113309637196402e-06,-1.4793167460373846e-06,-2.0000049650567307e-08,220.3,130,337,0.2804409362689378,89.0,339,427,0.5137134929205837,-265564.1928206651,1.6868153165206552e-06,1.9453830469451547e-06,2.5856773042463693e-07,0,1.999999983570306e-08,119985218.35094221,129.99987681959118,-0.6861293856718436,118336.0229819117,337.64343896546563,0.18005861475863327,231528.6593172157,429.517505111672,-0.23456823461458334,0.23456823461458334,-0.2715025162922561,0.2715025162922561,-0.45156114105631884,0.45156114105595874,89.0,89,394253.51664454705,427606.8510244545,1.0,0.0,0.0,89.0,89,0.0,0.0,0.0,0.0,0.0,220.3,207,0.0,0.0,0.0,0.0,0.0,220.3,207,0.0,0.0,0.0,-1.6839752218441488e-12,1.2541837510057227e-12,89,-1.4702557988537055e-06,-1.0291790591972841e-06,-2.0000359978640088e-08,220.3,130,337,0.4515611310525996,89.0,339,427,0.8271725442451721,-427606.85102342005,2.4473098384677897e-08,5.000907314905126e-07,4.756176331060544e-07,0,-0.2804409462719494,0.2804409462716741,265564.1928204873,0.0,0.0,0.0,0.0,0.0,0.0,0.0,0.0,0.0,2.2152584275577284e-12,-2.5607431402953257e-12,-1.4793167460372685e-06,-2.0000099460590248e-08,0.2804409362687622,-0.06866153040756673,-0.10455218725674639,1.6868153165207908e-06,-265564.1928206651,-0.45156114105667894,0.45156114105538864,427606.8510244545,0.0,0.0,0.0,0.0,0.0,0.0,0.0,0.0,0.0,8.592830586101162e-13,-2.219061169655079e-12,-1.029179059197019e-06,-2.0000720100286638e-08,0.45156113105202955,-0.2715025162928262,-0.23456823461494347,2.4473098384897576e-08,-427606.85102342005
11,11,1.9999999827662164e-08,119991255.5740984,129.99992712978414,-0.4201363010599189,123592.18088337117,337.93408037417936,0.25641337377056267,230561.9132693691,429.4787437685358,-0.08646839796549013,0.08646839796549013,-0.07725450932234389,0.07725450932234389,-0.3336678930963951,0.3336678930963453,89.0,89,291322.1007834882,315967.57134868565,1.0,0.0,0.0,89.0,89,0.0,0.0,0.0,0.0,0.0,220.3,207,0.0,0.0,0.0,0.0,0.0,220.3,207,0.0,0.0,0.0,-2.4205077007394914e-12,2.300306926534767e-12,89,-2.1133224137718935e-06,-1.4793256896402678e-06,-2.0000049650916235e-08,220.3,130,337,0.3336678830934334,89.0,339,427,0.6112149495870927,-315967.5713484508,1.2741749811903001e-06,1.5448500302295595e-06,2.7067504903939473e-07,0,1.9999999835296717e-08,119985218.35101421,129.99987681959178,-0.707944637138319,115787.42228821374,337.5025130439557,0.2613033993839788,232469.35155499802,429.55522183644734,-0.21260345150928933,0.21260345150928933,-0.23403776623868,0.23403776623868,-0.4953411756280884,0.4953411756277283,89.0,89,432477.4270288133,469064.45447810553,1.0,0.0,0.0,89.0,89,0.0,0.0,0.0,0.0,0.0,220.3,207,0.0,0.0,0.0,0.0,0.0,220.3,207,0.0,0.0,0.0,-1.6839757045313832e-12,1.2541863954809434e-12,89,-1.4702562199880854e-06,-1.02917935399135e-06,-2.000035997749504e-08,220.3,130,337,0.49534116562436903,89.0,339,427,0.9073690875066988,-469064.4544770423,-4.305398785414032e-09,4.874817476614435e-07,4.917871464470772e-07,0,-0.33366789309644496,0.3336678930961697,315967.57134868565,0.0,0.0,0.0,0.0,0.0,0.0,0.0,0.0,0.0,2.2153563323763365e-12,-2.5607680494024653e-12,-1.4793256896401721e-06,-2.0000099461171167e-08,0.3336678830932578,-0.07725450932251951,-0.08646839796553994,1.2741749811904346e-06,-315967.5713484508,-0.4953411756284485,0.4953411756271582,469064.45447810553,0.0,0.0,0.0,0.0,0.0,0.0,0.0,0.0,0.0,8.592874385237506e-13,-2.219062869890247e-12,-1.029179353991085e-06,-2.000072009804786e-08,0.49534116562379893,-0.2340377662392501,-0.21260345150964946,-4.305398785194454e-09,-469064.4544770423
12,12,1.999999982780151e-08,119991255.5741704,129.99992712978477,-0.43844311992557994,122013.78565163907,337.84680236193964,0.2873039643223862,231596.2075409297,429.52021343396973,-0.08445424222702769,0.08445424222702769,-0.06668489337464388,0.06668489337464388,-0.3539888677005187,0.35398886770046883,89.0,89,309064.14050060237,335210.5645342759,1.0,0.0,0.0,89.0,89,0.0,0.0,0.0,0.0,0.0,220.3,207,0.0,0.0,0.0,0.0,0.0,220.3,207,0.0,0.0,0.0,-2.4205162237736107e-12,2.3003146638482125e-12,89,-2.113329855240402e-06,-1.4793308986682247e-06,-2.0000049651233724e-08,220.3,130,337,0.3539888576975569,89.0,339,427,0.6484390389437005,-335210.5645337791,1.0122247385497735e-06,1.2951936308936391e-06,2.82968892344e-07,0,-1.0600000105863132,119981402.3509761,129.99984501959148,0.8774897716349306,118946.3854660995,337.67718920957094,-0.1975782073706091,231758.0700084638,429.5267032527375,-0.18251025895222833,0.18251025895222833,-0.19757818736604332,0.19757818736604332,0.0,0.0,89.0,89,0.0,0.0,0.0,0.0,0.0,89.0,89,0.0,0.0,0.0,-1.0600000205863132,1.0600000205863132,220.3,207,2290811.6244899663,2484611.30638825,1.0,0.0,0.0,220.3,207,0.0,0.0,0.0,-1.7504688726682878e-12,1.3206144897360842e-12,89,-1.528310751230501e-06,-1.0698175258611497e-06,1.06,220.3,130,337,-2.0002855504875746e-08,89.0,339,427,0.9075888237412905,-469178.04712465435,-2015433.259262496,4.3755443197044536e-07,2015433.2592629336,0,-0.3539888677005685,0.3539888677002932,335210.5645342759,0.0,0.0,0.0,0.0,0.0,0.0,0.0,0.0,0.0,2.2153635049693412e-12,-2.5607763040177073e-12,-1.4793308986681295e-06,-2.000009946172581e-08,0.3539888576973813,-0.0666848933748195,-0.0844542422270775,1.0122247385499069e-06,-335210.5645337791,0.0,0.0,0.0,0.0,0.0,0.0,-1.0600000205863132,1.0600000205866342,2484611.30638825,0.0,0.0,0.0,9.256831160396156e-13,-2.285525309923539e-12,-1.0698175258610842e-06,1.06,-2.000342559710417e-08,-0.19757818736661342,-0.18251025895258846,-2015433.259262496,-469178.04712465435
13,13,1.9999999828033022e-08,119991255.5742424,129.99992712978536,-0.3911334549345452,120605.70521387471,337.7689419761433,0.27183726834953703,232574.82170698803,429.5594506251359,-0.06092554717676036,0.06092554717676036,-0.058370619406725555,0.058370619406725555,-0.33020789775975123,0.33020789775970144,89.0,89,288301.2134550177,312691.1208839672,1.0,0.0,0.0,89.0,89,0.0,0.0,0.0,0.0,0.0,220.3,207,0.0,0.0,0.0,0.0,0.0,220.3,207,0.0,0.0,0.0,-2.4205362983379894e-12,2.3003328484739453e-12,89,-2.113347382355457e-06,-1.4793431676487696e-06,-2.000004965152143e-08,220.3,130,337,0.33020788775678944,89.0,339,427,0.6048769083203855,-312691.120882862,4.0385777516299973e-07,1.077808990429222e-06,6.739512152663539e-07,0,-1.060000010594016,119977586.35093796,129.99981321959115,-0.595608896762399,116802.19343775486,337.55862523121374,1.3462044658103305,236604.40608538102,429.7210153950515,-0.1491393164504477,0.1491393164504477,-0.16026512509152888,0.16026512509152888,-0.7532347904530001,0.7532347904526401,89.0,89,657641.7631962956,713277.4004298216,1.0,-0.7532347904530001,0.7532347904526401,89.0,89,657641.7631962956,713277.4004298216,1.0,-1.0600000205940159,1.0600000205940159,220.3,207,2290811.6245066132,2484611.306406305,1.0,0.0,0.0,220.3,207,0.0,0.0,0.0,0.0,0.0,89,0.0,0.0,1.06,220.3,130,337,1.5064695909035697,89.0,339,427,0.8371170424435377,-432747.6594184728,-3478418.4478474725,4.376820367725917e-07,3478418.44784791,0,-0.33020789775980103,0.3302078977595258,312691.1208839672,0.0,0.0,0.0,0.0,0.0,0.0,0.0,0.0,0.0,2.2153804666531216e-12,-2.560795834480962e-12,-1.4793431676486781e-06,-2.000009946225261e-08,0.33020788775661386,-0.05837061940690118,-0.06092554717681017,4.038577751631309e-07,-312691.120882862,-0.7532347904533603,0.75323479045207,713277.4004298216,-0.7532347904533603,0.75323479045207,713277.4004298216,-1.0600000205940159,1.0600000205947242,2484611.306406305,0.0,0.0,0.0,0.0,0.0,0.0,1.06,1.5064695909029997,-0.16026512509209898,-0.14913931645080783,-3478418.4478474725,-432747.6594184728
14,14,1.9999999828324365e-08,119991255.5743144,129.99992712978596,-0.3313387075672532,119412.8858666326,337.702984540708,0.22641110521576233,233389.90168576478,429.59213097051844,-0.057588707574316916,0.057588707574316916,-0.04733887477564717,0.04733887477564717,-0.2737499900006629,0.2737499900006131,89.0,89,239008.3787696353,259228.17653973462,1.0,0.0,0.0,89.0,89,0.0,0.0,0.0,0.0,0.0,220.3,207,0.0,0.0,0.0,0.0,0.0,220.3,207,0.0,0.0,0.0,-8.188052733295713e-12,8.06298952613703e-12,89,-7.14890920565964e-06,-5.00423644396177e-06,-2.0000049651785033e-08,220.3,130,337,0.27374997999193634,89.0,339,427,0.49767636182026426,-257273.79781552698,-1954.378719173691,4.07358746322789e-07,1954.3787195810498,0,-1.0600000105919427,119973770.35089983,129.99978141959085,0.9225092909669272,120123.2268852358,337.7422631389131,-0.16218833487952886,236020.5280798147,429.69760501155537,-0.1374907396255787,0.1374907396255787,-0.16218831487499166,0.16218831487499166,0.0,0.0,89.0,89,0.0,0.0,0.0,0.0,0.0,89.0,89,0.0,0.0,0.0,-1.0600000205919426,1.0600000205919426,220.3,207,2290811.6245021326,2484611.3064014455,1.0,0.0,0.0,220.3,207,0.0,0.0,0.0,-1.721861716376436e-12,1.2920358076926335e-12,89,-1.5033341241923427e-06,-1.052333886934425e-06,1.06,220.3,130,337,-2.000282691321959e-08,89.0,339,427,0.7025998704330214,-363209.00665225263,-2121402.2997481106,4.3390520468734407e-07,2121402.299748544,0,-0.2737499900007127,0.2737499900004375,259228.17653973462,0.0,0.0,0.0,0.0,0.0,0.0,0.0,0.0,0.0,7.975680028133078e-12,-8.325665454897866e-12,-5.004236443961783e-06,-2.000009946274959e-08,0.2737499799917607,-0.04733887477582279,-0.05758870757436673,-1954.378719173691,-257273.79781552698,0.0,0.0,0.0,0.0,0.0,0.0,-1.0600000205919426,1.0600000205921445,2484611.3064014455,0.0,0.0,0.0,8.971192934644794e-13,-2.256932693609781e-12,-1.0523338869343398e-06,1.06,-2.0003397006374202e-08,-0.16218831487556176,-0.13749073962593883,-2121402.2997481106,-363209.00665225263
15,15,1.999999982875587e-08,119991255.5743864,129.99992712978656,-0.04969050130787507,119234.00006192425,337.69309297670736,-0.040459527247407354,233244.2473876741,429.58629101261,-0.049690501309281744,0.049690501309281744,-0.04045950724475422,0.04045950724475422,0.0,0.0,89.0,89,0.0,0.0,0.0,0.0,0.0,89.0,89,0.0,0.0,0.0,0.0,0.0,220.3,207,0.0,0.0,0.0,0.0,0.0,220.3,207,0.0,0.0,0.0,-1.8102272310228281e-12,1.6906003574013777e-12,89,-1.5804925371185993e-06,-1.1063447759828968e-06,-2.000004965205491e-08,220.3,130,337,-2.000212626940999e-08,89.0,339,427,0.32599011824461455,-168520.59331142562,168520.5933125716,168520.59331295703,3.8542364810730644e-07,0,-0.6359999800013805,119971480.75097182,129.99976233959143,0.47628920359439436,121837.86801817562,337.8370749241865,-0.16541860746060186,235425.02109295654,429.6737283681401,-0.159710796406339,0.159710796406339,-0.1654185874558078,0.1654185874558078,0.0,0.0,89.0,89,0.0,0.0,0.0,0.0,0.0,89.0,89,0.0,0.0,0.0,-0.63599999000138,0.63599999000138,220.3,207,1374486.9263915524,1490766.7314442,1.0,0.0,0.0,220.3,207,0.0,0.0,0.0,-1.9788674567853102e-12,1.5487978305254944e-12,89,-1.7277233089131662e-06,-1.2094063162390188e-06,0.6359999800006602,220.3,130,337,-2.0003083796229285e-08,89.0,339,427,0.5186243614651183,-268102.8663402457,-1222663.8651027156,4.2159723136669986e-07,1222663.8651031372,0,0.0,0.0,0.0,0.0,0.0,0.0,0.0,0.0,0.0,0.0,0.0,0.0,1.6059346301172766e-12,-1.950778698872868e-12,-1.1063447759828363e-06,-2.0000099463288064e-08,-2.0002301889571914e-08,-0.040459507244929846,-0.04969050130933156,168520.5933125716,-168520.59331142562,0.0,0.0,0.0,0.0,0.0,0.0,-0.63599999000138,0.6359999900010199,1490766.7314442,0.0,0.0,0.0,1.1537598804754627e-12,-2.5138155539425223e-12,-1.2094063162389146e-06,0.6359999800003001,-2.0003653889275288e-08,-0.16541858745637789,-0.15971079640669913,-1222663.8651027156,-268102.8663402457
16,16,1.9999999829618893e-08,119991255.5744584,129.99992712978715,-0.057330971458963514,119027.60856467199,337.6816804741471,-0.03949047665876491,233102.08167170256,429.58059092817604,-0.057330971461220674,0.057330971461220674,-0.03949045665526044,0.03949045665526044,0.0,0.0,89.0,89,0.0,0.0,0.0,0.0,0.0,89.0,89,0.0,0.0,0.0,0.0,0.0,220.3,207,0.0,0.0,0.0,0.0,0.0,220.3,207,0.0,0.0,0.0,-2.66196948613262e-12,2.5415116448300766e-12,89,-2.3241403271764626e-06,-1.6268982290235669e-06,-2.0000049652349104e-08,220.3,130,337,-2.0002977598753068e-08,89.0,339,427,0.11821470325038548,-61111.091456138085,61111.09145780463,61111.09145817351,3.688846161194905e-07,0,1.9999999832977547e-08,119971480.75104383,129.99976233959202,-0.1641365859206296,121246.97630886135,337.80440132457016,-0.18074884198652916,234774.32526180503,429.6476389474026,-0.16413658591946778,0.16413658591946778,-0.18074882198261222,0.18074882198261222,0.0,0.0,89.0,89,0.0,0.0,0.0,0.0,0.0,89.0,89,0.0,0.0,0.0,0.0,0.0,220.3,207,0.0,0.0,0.0,0.0,0.0,220.3,207,0.0,0.0,0.0,-1.105050446305186e-12,6.758488761853724e-13,89,-9.6480226549937e-07,-6.753615858510191e-07,-2.000035997465366e-08,220.3,130,337,-2.0002206659871613e-08,89.0,339,427,0.32243077805000214,-166680.59237948904,166680.59238020304,166680.59238043072,2.2768351148167705e-07,0,0.0,0.0,0.0,0.0,0.0,0.0,0.0,0.0,0.0,0.0,0.0,0.0,2.4564295032582087e-12,-2.8021082142839877e-12,-1.6268982290235893e-06,-2.000009946384732e-08,-2.0003153218699966e-08,-0.03949045665543607,-0.05733097146127049,61111.09145780463,-61111.091456138085,0.0,0.0,0.0,0.0,0.0,0.0,0.0,0.0,0.0,0.0,0.0,0.0,2.812476378112506e-13,-1.640424000756567e-12,-6.753615858517495e-07,-2.00007200926196e-08,-2.0002776752818212e-08,-0.18074882198318232,-0.1641365859198279,166680.59238020304,-166680.59237948904
17,17,1.9999999829738245e-08,119991255.5745304,129.99992712978775,-0.05919582477491375,118814.5035954823,337.6698967474002,-0.03789000122140783,232965.67766730548,429.57512185754325,-0.05919582478106694,0.05919582478106694,-0.037889981214003665,0.037889981214003665,0.0,0.0,89.0,89,0.0,0.0,0.0,0.0,0.0,89.0,89,0.0,0.0,0.0,0.0,0.0,220.3,207,0.0,0.0,0.0,0.0,0.0,220.3,207,0.0,0.0,0.0,-6.563539561981295e-12,6.4393834809675075e-12,89,-5.730562793540589e-06,-4.011393955478399e-06,-2.000004965259893e-08,220.3,130,337,-2.0006877306330715e-08,89.0,339,427,0.0,0.0,4.0410426653708344e-06,4.261918579551382e-06,2.2087591418062877e-07,0,1.99999998326813e-08,119971480.75111583,129.99976233959262,-0.17459104250255297,120618.44855585216,337.76964662446886,-0.1905718376874929,234088.26664613007,429.62013166824386,-0.174591042501634,0.174591042501634,-0.19057181768333167,0.19057181768333167,0.0,0.0,89.0,89,0.0,0.0,0.0,0.0,0.0,89.0,89,0.0,0.0,0.0,0.0,0.0,220.3,207,0.0,0.0,0.0,0.0,0.0,220.3,207,0.0,0.0,0.0,-1.3457225272213862e-12,9.162660954566061e-13,89,-1.1749306955588847e-06,-8.224514868908944e-07,-2.0000359974581206e-08,220.3,130,337,-2.0002450955898827e-08,89.0,339,427,0.11917990763987955,-61610.05387031612,61610.053871178214,61610.05387140125,2.2303543344855595e-07,0,0.0,0.0,0.0,0.0,0.0,0.0,0.0,0.0,0.0,0.0,0.0,0.0,6.3524564862504574e-12,-6.701816028020627e-12,-4.011393955478354e-06,-2.0000099464368084e-08,-2.000705292604831e-08,-0.03788998121417928,-0.059195824781116756,4.041042665370911e-06,0.0,0.0,0.0,0.0,0.0,0.0,0.0,0.0,0.0,0.0,0.0,0.0,0.0,5.215351869910739e-13,-1.880975364422056e-12,-8.224514868907326e-07,-2.000072009245578e-08,-2.0003021048765213e-08,-0.19057181768390177,-0.17459104250199411,61610.053871178214,-61610.05387031612
18,18,1.9999999830023176e-08,119991255.5746024,129.99992712978835,0.5555071200514972,120814.32922766768,337.78047792662215,-0.6604332984416594,230588.1177929155,429.4797944297008,-0.06950460297681736,0.06950460297681736,-0.03542155541216789,0.03542155541216789,0.0,0.0,89.0,89,0.0,0.0,0.0,0.0,0.0,89.0,89,0.0,0.0,0.0,0.0,0.0,220.3,207,0.0,0.0,0.0,0.0,0.0,220.3,207,0.0,0.0,0.0,-0.6250117230286135,0.6250117230285638,89,-545691.4852590521,-381984.0396813365,-2.0000049652980852e-08,220.3,130,337,-0.6250117430289647,89.0,339,427,0.0,0.0,381984.0396813662,381984.0396815651,1.9893412651219895e-07,0,1.9999999832359994e-08,119971480.75118783,129.99976233959325,-0.18201639714512116,119963.18952612972,337.733413807449,-0.22037658670610186,233294.91093398808,429.5883223496996,-0.18201639714443693,0.18201639714443693,-0.22037656670170555,0.22037656670170555,0.0,0.0,89.0,89,0.0,0.0,0.0,0.0,0.0,89.0,89,0.0,0.0,0.0,0.0,0.0,220.3,207,0.0,0.0,0.0,0.0,0.0,220.3,207,0.0,0.0,0.0,-1.580914960464134e-12,1.1511797442805316e-12,89,-1.3802749021295723e-06,-9.661924314904434e-07,-2.0000359974506948e-08,220.3,130,337,-2.000268602477768e-08,89.0,339,427,0.006622110122458065,-3423.299861840627,3423.2998628464625,3423.2998630653565,2.188940331464955e-07,0,0.0,0.0,0.0,0.0,0.0,0.0,0.0,0.0,0.0,0.0,0.0,0.0,0.6250117230285139,-0.6250117230287892,-381984.0396813365,-2.0000099465066655e-08,-0.6250117430291403,-0.03542155541234351,-0.06950460297686717,381984.0396813662,0.0,0.0,0.0,0.0,0.0,0.0,0.0,0.0,0.0,0.0,0.0,0.0,0.0,7.563042175623336e-13,-2.116044284870049e-12,-9.661924314903157e-07,-2.000072009229606e-08,-2.000325611758018e-08,-0.22037656670227565,-0.18201639714479706,3423.2998628464625,-3423.299861840627
19,19,1.9999999830130114e-08,119991255.5746744,129.99992712978894,-0.058348479153618814,120604.27470271465,337.76886287544147,-0.035035073893564694,230461.99152689867,429.4747374413775,-0.05834847918944802,0.05834847918944802,-0.03503505385645489,0.03503505385645489,0.0,0.0,89.0,89,0.0,0.0,0.0,0.0,0.0,89.0,89,0.0,0.0,0.0,0.0,0.0,220.3,207,0.0,0.0,0.0,0.0,0.0,220.3,207,0.0,0.0,0.0,-3.628378458260806e-11,3.613017129528755e-11,89,-3.167901663524806e-05,-2.2175311644673738e-05,-2.000004965269351e-08,220.3,130,337,-2.0036582941534767e-08,89.0,339,427,0.0,0.0,2.220496035143697e-05,2.240758858626605e-05,2.0262823482905982e-07,0,1.9999999831686232e-08,119971480.75125983,129.99976233959384,-0.15444597042602948,119407.18403259602,337.70266925545445,-0.2398167378322196,232431.5706777921,429.5537070254495,-0.1544459704259259,0.1544459704259259,-0.23981671782724223,0.23981671782724223,0.0,0.0,89.0,89,0.0,0.0,0.0,0.0,0.0,89.0,89,0.0,0.0,0.0,0.0,0.0,220.3,207,0.0,0.0,0.0,0.0,0.0,220.3,207,0.0,0.0,0.0,-2.1622569608670574e-12,1.7320452433804427e-12,89,-1.8878388785533609e-06,-1.3214872149869824e-06,-2.00003599743745e-08,220.3,130,337,-2.0003267102568943e-08,89.0,339,427,0.0,0.0,1.3511303794553777e-06,1.6038988993195745e-06,2.5276851986478944e-07,0,0.0,0.0,0.0,0.0,0.0,0.0,0.0,0.0,0.0,0.0,0.0,0.0,3.6028476837261356e-11,-3.6407451213930984e-11,-2.2175311644673802e-05,-2.0000099464555014e-08,-2.0036758561234824e-08,-0.035035053856630506,-0.058348479189497836,2.2204960351436943e-05,0.0,0.0,0.0,0.0,0.0,0.0,0.0,0.0,0.0,0.0,0.0,0.0,0.0,1.3369402384486438e-12,-2.6971221404574568e-12,-1.3214872149865018e-06,-2.0000720092087604e-08,-2.0003837195320877e-08,-0.23981671782781233,-0.15444597042628602,1.3511303794559695e-06,0.0
20,20,1.9999999830330583e-08,119991255.5747464,129.99992712978954,-0.05936851843039779,120390.54803636522,337.75704477169495,-0.03381775056583258,230340.2476248617,429.4698561623983,-0.05936851843713819,0.05936851843713819,-0.03381773055784067,0.03381773055784067,0.0,0.0,89.0,89,0.0,0.0,0.0,0.0,0.0,89.0,89,0.0,0.0,0.0,0.0,0.0,220.3,207,0.0,0.0,0.0,0.0,0.0,220.3,207,0.0,0.0,0.0,-7.151570531423148e-12,7.026864948041636e-12,89,-6.24396684873239e-06,-4.370776794112618e-06,-2.000004965263364e-08,220.3,130,337,-2.000746506221341e-08,89.0,339,427,0.0,0.0,4.400425494337788e-06,4.618291317941248e-06,2.1786582360362969e-07,0,1.999999983107031e-08,119971480.75133182,129.99976233959444,-0.16855872593817245,118800.3726192186,337.66911536926716,-0.22820413898570668,231610.03577744355,429.5207678722544,-0.1685587259378006,0.1685587259378006,-0.2282041189809978,0.2282041189809978,0.0,0.0,89.0,89,0.0,0.0,0.0,0.0,0.0,89.0,89,0.0,0.0,0.0,0.0,0.0,220.3,207,0.0,0.0,0.0,0.0,0.0,220.3,207,0.0,0.0,0.0,-1.893619817151267e-12,1.463665690573034e-12,89,-1.6532944294640088e-06,-1.15730610062454e-06,-2.000035997428013e-08,220.3,130,337,-2.0002998595309105e-08,89.0,339,427,0.0,0.0,1.1869492682237757e-06,1.6661813143081455e-06,4.792320460845614e-07,0,0.0,0.0,0.0,0.0,0.0,0.0,0.0,0.0,0.0,0.0,0.0,0.0,6.939663386492506e-12,-7.289571778976754e-12,-4.370776794112507e-06,-2.000009946443425e-08,-2.0007640682012417e-08,-0.03381773055801628,-0.059368518437188,4.400425494337955e-06,0.0,0.0,0.0,0.0,0.0,0.0,0.0,0.0,0.0,0.0,0.0,0.0,0.0,1.0686890646385095e-12,-2.428614912534071e-12,-1.1573061006243118e-06,-2.0000720091931915e-08,-2.0003568688017622e-08,-0.2282041189815679,-0.16855872593816074,1.1869492682239665e-06,0.0
21,21,1.999999983052231e-08,119991255.5748184,129.99992712979017,-0.03645612658183664,120259.30598067062,337.74978768835297,-0.03304893363112803,230221.27146378963,429.4650858550207,-0.036456126584618755,0.036456126584618755,-0.033048913627098164,0.033048913627098164,0.0,0.0,89.0,89,0.0,0.0,0.0,0.0,0.0,89.0,89,0.0,0.0,0.0,0.0,0.0,220.3,207,0.0,0.0,0.0,0.0,0.0,220.3,207,0.0,0.0,0.0,-3.1876187984553915e-12,3.066694882780463e-12,89,-2.7830795693818623e-06,-1.9481556985672214e-06,-2.000004965262418e-08,220.3,130,337,-2.0003503003214168e-08,89.0,339,427,0.0,0.0,1.9778043947961555e-06,2.4107208758598173e-06,4.329164810638274e-07,0,1.99999998304514e-08,119971480.75140382,129.99976233959504,-0.12558872815701194,118348.25319785335,337.6441152402764,-0.1778675092309747,230969.71274421204,429.49509434520525,-0.12558872815645775,0.12558872815645775,-0.17786748922644835,0.17786748922644835,0.0,0.0,89.0,89,0.0,0.0,0.0,0.0,0.0,89.0,89,0.0,0.0,0.0,0.0,0.0,220.3,207,0.0,0.0,0.0,0.0,0.0,220.3,207,0.0,0.0,0.0,-1.710998349706284e-12,1.2812226699668818e-12,89,-1.4938494213957774e-06,-1.0456945949768182e-06,-2.0000359974196795e-08,220.3,130,337,-2.00028160624186e-08,89.0,339,427,0.0,0.0,1.0753377627361005e-06,1.5716853568846124e-06,4.963475941484988e-07,0,0.0,0.0,0.0,0.0,0.0,0.0,0.0,0.0,0.0,0.0,0.0,0.0,2.9813834962403934e-12,-3.3275127285565674e-12,-1.948155698567098e-06,-2.0000099464415025e-08,-2.000367862305198e-08,-0.03304891362727378,-0.03645612658466857,1.9778043947963194e-06,0.0,0.0,0.0,0.0,0.0,0.0,0.0,0.0,0.0,0.0,0.0,0.0,0.0,8.863354314952799e-13,-2.2460820464031796e-12,-1.045694594976712e-06,-2.0000720091798944e-08,-2.0003386155093918e-08,-0.17786748922701845,-0.12558872815681787,1.0753377627360865e-06,0.0
22,22,1.999999983071106e-08,119991255.5748904,129.99992712979076,-0.03920929369827488,120118.15252335682,337.74198254999004,-0.033963322385491726,230099.00350320185,429.460183564098,-0.03920929370018122,0.03920929370018122,-0.0339633023823385,0.0339633023823385,0.0,0.0,89.0,89,0.0,0.0,0.0,0.0,0.0,89.0,89,0.0,0.0,0.0,0.0,0.0,220.3,207,0.0,0.0,0.0,0.0,0.0,220.3,207,0.0,0.0,0.0,-2.3105566663758815e-12,2.190485689601218e-12,89,-2.0173252440167147e-06,-1.4121276708115929e-06,-2.0000049652633945e-08,220.3,130,337,-2.0002626365387955e-08,89.0,339,427,0.0,0.0,1.441776359576052e-06,1.9106824252692564e-06,4.689060656933214e-07,0,1.999999982982652e-08,119971480.75147583,129.99976233959563,-0.09694594588478339,117999.24779266813,337.6248168431366,-0.135496037226314,230481.9270101973,429.4755367475763,-0.09694594588410142,0.09694594588410142,-0.13549601722191557,0.13549601722191557,0.0,0.0,89.0,89,0.0,0.0,0.0,0.0,0.0,89.0,89,0.0,0.0,0.0,0.0,0.0,220.3,207,0.0,0.0,0.0,0.0,0.0,220.3,207,0.0,0.0,0.0,-1.583045617296934e-12,1.1533877638544858e-12,89,-1.382135149016301e-06,-9.674946043114264e-07,-2.0000359974121416e-08,220.3,130,337,-2.0002688171333163e-08,89.0,339,427,0.0,0.0,9.971377754520844e-07,2.019999246310661e-06,1.022861470857758e-06,0,0.0,0.0,0.0,0.0,0.0,0.0,0.0,0.0,0.0,0.0,0.0,0.0,2.105601454499127e-12,-2.4508748709243616e-12,-1.4121276708114815e-06,-2.0000099464426278e-08,-2.000280198524447e-08,-0.03396330238251412,-0.03920929370023103,1.4417763595761677e-06,0.0,0.0,0.0,0.0,0.0,0.0,0.0,0.0,0.0,0.0,0.0,0.0,0.0,7.585584937605749e-13,-2.1181909757745836e-12,-9.67494604311844e-07,-2.000072009168351e-08,-2.0003258263987575e-08,-0.13549601722248567,-0.09694594588446154,9.971377754512651e-07,0.0
23,23,1.9999999830894114e-08,119991255.57496239,129.99992712979136,-0.0361538120101182,119988.0,337.734785646438,-0.03389050082543612,229977.0,429.4552917842928,-0.03615381201174397,0.03615381201174397,-0.033890480822563726,0.033890480822563726,0.0,0.0,89.0,89,0.0,0.0,0.0,0.0,0.0,89.0,89,0.0,0.0,0.0,0.0,0.0,220.3,207,0.0,0.0,0.0,0.0,0.0,220.3,207,0.0,0.0,0.0,-2.029588292149092e-12,1.90978846493594e-12,89,-1.7720145185186659e-06,-1.2404101629631146e-06,-2.0000049652649645e-08,220.3,130,337,-2.000234553375974e-08,89.0,339,427,0.0,0.0,1.270058847884112e-06,2.071274066513556e-06,8.012152186290155e-07,0,-0.6359999800007271,119969191.15154782,129.99974325959624,0.5524308354033741,119988.0,337.73478564643807,-0.14025814165753642,229977.0,429.4552917842928,-0.08356916459683643,0.08356916459683643,-0.14025812165261167,0.14025812165261167,0.0,0.0,89.0,89,0.0,0.0,0.0,0.0,0.0,89.0,89,0.0,0.0,0.0,-0.635999990000727,0.635999990000727,220.3,207,1374486.9263901412,1490766.7314426696,1.0,0.0,0.0,220.3,207,0.0,0.0,0.0,-2.1095844018631065e-12,1.6793910978564105e-12,89,-1.8418509882803355e-06,-1.2892956917960528e-06,0.6359999800000068,220.3,130,337,-2.0003214449989234e-08,89.0,339,427,0.0,0.0,-1490766.7314413607,6.747575172298916e-07,1490766.7314420354,0,0.0,0.0,0.0,0.0,0.0,0.0,0.0,0.0,0.0,0.0,0.0,0.0,1.8250393786873463e-12,-2.1700432225665358e-12,-1.240410162963354e-06,-2.0000099464444972e-08,-2.0002521153624466e-08,-0.03389048082273934,-0.03615381201179378,1.2700588478836822e-06,0.0,0.0,0.0,0.0,0.0,0.0,0.0,-0.635999990000727,0.6359999900003669,1490766.7314426696,0.0,0.0,0.0,1.2842917341931718e-12,-2.6444696020186593e-12,-1.2892956917959584e-06,0.6359999799996467,-2.0003784542636556e-08,-0.14025812165318177,-0.08356916459719654,-1490766.7314413607,0.0
