,t,B0w.Q,B0w.W,B0w.z,B1w.Q,B1w.W,B1w.z,B4w.Q,B4w.W,B4w.z,Irrigation1w.Qin,Irrigation1w.Qout,Irrigation4w.Qin,Irrigation4w.Qout,Pump4w.Qin,Pump4w.Qout,Pump4w.H,Pump4w.Hfix,Pump4w.Ph,Pump4w.Pe,Pump4w.PumpOn,Pump5w.Qin,Pump5w.Qout,Pump5w.H,Pump5w.Hfix,Pump5w.Ph,Pump5w.Pe,Pump5w.PumpOn,Pump7w.Qin,Pump7w.Qout,Pump7w.H,Pump7w.Hfix,Pump7w.Ph,Pump7w.Pe,Pump7w.PumpOn,Pump8w.Qin,Pump8w.Qout,Pump8w.H,Pump8w.Hfix,Pump8w.Ph,Pump8w.Pe,Pump8w.PumpOn,Pipe0w.Q,Pipe0w.H,Pipe0w.zlow,Pipe0w.zhigh,Pipe0w.Qp,Pipe0w.Qn,Pipe2w.Q,Pipe2w.H,Pipe2w.zlow,Pipe2w.zhigh,Pipe2w.Qp,Pipe2w.Qn,PVw.forecast,PVw.P,Gridw.P,Gridw.Psell,Gridw.Pbuy,EBgw.P_bal,EBpvw.P_bal,B0s.Q,B0s.W,B0s.z,B1s.Q,B1s.W,B1s.z,B4s.Q,B4s.W,B4s.z,Irrigation1s.Qin,Irrigation1s.Qout,Irrigation4s.Qin,Irrigation4s.Qout,Pump4s.Qin,Pump4s.Qout,Pump4s.H,Pump4s.Hfix,Pump4s.Ph,Pump4s.Pe,Pump4s.PumpOn,Pump5s.Qin,Pump5s.Qout,Pump5s.H,Pump5s.Hfix,Pump5s.Ph,Pump5s.Pe,Pump5s.PumpOn,Pump7s.Qin,Pump7s.Qout,Pump7s.H,Pump7s.Hfix,Pump7s.Ph,Pump7s.Pe,Pump7s.PumpOn,Pump8s.Qin,Pump8s.Qout,Pump8s.H,Pump8s.Hfix,Pump8s.Ph,Pump8s.Pe,Pump8s.PumpOn,Pipe0s.Q,Pipe0s.H,Pipe0s.zlow,Pipe0s.zhigh,Pipe0s.Qp,Pipe0s.Qn,Pipe2s.Q,Pipe2s.H,Pipe2s.zlow,Pipe2s.zhigh,Pipe2s.Qp,Pipe2s.Qn,PVs.forecast,PVs.P,Grids.P,Grids.Psell,Grids.Pbuy,EBgs.P_bal,EBpvs.P_bal,p4r1w_expanded.Q,p4c2_Qw_expanded.Q,p4ebw_expanded.P,p5r1w_expanded.Q,p5c0_Qw_expanded.Q,p5ebw_expanded.P,p7r0w_expanded.Q,p7c0_Qw_expanded.Q,p7ebw_expanded.P,p8r0w_expanded.Q,p8c2_Qw_expanded.Q,p8ebw_expanded.P,c0r1_Qw_expanded.Q,c2r4_Qw_expanded.Q,r4i4w_expanded.Q,r1i1w_expanded.Q,gridebw_expanded.P,pvebw_expanded.P,p4r1s_expanded.Q,p4c2_Qs_expanded.Q,p4ebs_expanded.P,p5r1s_expanded.Q,p5c2_Qs_expanded.Q,p5ebs_expanded.P,p7r0s_expanded.Q,p7c0_Qs_expanded.Q,p7ebs_expanded.P,p8r0s_expanded.Q,p8c0_Qs_expanded.Q,p8ebs_expanded.P,c0r1_Qs_expanded.Q,c2r4_Qs_expanded.Q,r4i4s_expanded.Q,r1i1s_expanded.Q,gridebs_expanded.P,pvebs_expanded.P
0,0,-0.4044987987288972,119998543.80432458,129.99998786503605,0.3616648520577745,121301.99346740799,337.80744352093546,-0.03306572547228357,229880.96338829977,429.4514413222962,-0.04283394667047635,0.04283394667047635,-0.03306572547292994,0.03306572547292994,-6.392830327255202e-13,6.392830327255532e-13,88.0,88,5.518802564881764e-07,5.985686079047466e-07,0.0,-7.091194278316933e-15,7.091194278316933e-15,88.0,88,6.121686196555824e-09,6.639572881296989e-09,0.0,-0.40449879032027064,0.40449879032027064,210.5649778610301,206,835549.8653085781,906236.2964301282,1.0,-8.408626588485786e-09,8.408626588485786e-09,210.5649778610301,206,0.01736921588288701,0.018838628940224526,0.0,0.4044987987288972,210.5649778610301,129.99998786503605,337.80744352093546,0.4044987987288972,0.0,6.463742270049222e-13,88.0,337.80744352093546,429.4514413222962,4.671788440588198e-09,4.6711420663611866e-09,0.0,-6.639572881296989e-09,-906236.3152693555,4.5811000585156535e-07,906236.3152698136,0,0,-0.7300364879874675,119997371.86864324,129.99997809890536,0.22584883250758941,120813.05579702732,337.7804075117522,0.2690752656841238,230968.67095646283,429.4950525750914,-0.10024548564043212,0.10024548564043212,-0.1348669041553222,0.1348669041553222,-0.4039421698394392,0.4039421698394392,92.53773758153963,88,366696.7651501605,397718.83421926305,1.0,-6.806537148798139e-15,6.806537148798139e-15,92.53773758153963,88,6.1789417909274275e-09,6.701672224433219e-09,0.0,-0.36501824399373384,0.36501824399373384,220.86939633882682,206,790895.5337868705,857804.2665801198,1.0,-0.3650182439937337,0.3650182439937337,220.86939633882682,206,790895.5337868703,857804.2665801197,1.0,0.7300364879874675,220.86939633882682,129.99997809890536,337.7804075117522,0.7300364879874675,0.0,0.40394216983944603,92.53773758153963,337.7804075117522,429.4950525750914,0.40394216983944603,0.0,0.0,-6.701672224433219e-09,-2113327.367379503,5.461802507648153e-07,2113327.367380049,0,0,-6.392830327255524e-13,6.39283032726739e-13,5.985686079047466e-07,-7.091194278316933e-15,7.091194278316933e-15,6.639572881296989e-09,-0.40449879032027064,0.40449879032027064,906236.2964301282,-8.408626588485786e-09,8.408626588485786e-09,0.018838628940224526,0.4044987987288972,6.463742270049222e-13,-0.03306572547292994,-0.04283394667047635,-906236.3152693555,-6.639572881296989e-09,-0.4039421698394392,0.4039421698394392,397718.83421926305,-6.806537148798139e-15,6.80653714879814e-15,6.701672224433219e-09,-0.36501824399373384,0.36501824399373384,857804.2665801198,-0.3650182439937337,0.3650182439937337,857804.2665801197,0.7300364879874675,0.40394216983944603,-0.1348669041553222,-0.10024548564043212,-2113327.367379503,-6.701672224433219e-09
1,1,-0.5115273553099404,119996702.30584547,129.9999725192154,0.4696158698543872,122992.61059888378,337.9009268891865,-0.0333801584753419,229760.79481778856,429.4466232056811,-0.04191148545488257,0.04191148545488257,-0.033380158476012556,0.033380158476012556,-6.635735269711695e-13,6.635735269711658e-13,88.0,88,5.728497543551909e-07,6.213120979991224e-07,0.0,-7.091194272950441e-15,7.091194272950441e-15,88.0,88,6.12168619196912e-09,6.639572876322257e-09,0.0,-0.5115273469013139,0.5115273469013139,213.30032056292765,206,1070358.7707640983,1160909.7296790655,1.0,-8.408626620854174e-09,8.408626620854174e-09,213.30032056292765,206,0.01759485061401441,0.019083352075937542,0.0,0.5115273553099404,213.30032056292765,129.9999725192154,337.9009268891865,0.5115273553099404,0.0,6.706647212456658e-13,88.0,337.9009268891865,429.4466232056811,4.663794109419559e-09,4.663123444698312e-09,0.0,-6.639572876322257e-09,-1160909.748763039,4.464978316354295e-07,1160909.7487634856,0,0,-0.7547725348152537,119994654.6875179,129.99995545572932,0.23710059399176706,121666.61793539768,337.82760558056435,0.2906317385882104,232014.9452153804,429.53700257390943,-0.09564164959747024,0.09564164959747024,-0.13139855263780612,0.13139855263780612,-0.4220302912260097,0.4220302912260097,92.9532270502695,88,384837.25010256615,417393.98058846657,1.0,-6.775363002167735e-15,6.775363002167735e-15,92.9532270502695,88,6.178258102343179e-09,6.700930696684576e-09,0.0,-0.37738626740762604,0.37738626740762604,221.89411606278927,206,821487.3616845825,890984.1233021502,1.0,-0.37738626740762765,0.37738626740762765,221.89411606278927,206,821487.3616845859,890984.123302154,1.0,0.7547725348152537,221.89411606278927,129.99995545572932,337.82760558056435,0.7547725348152537,1.8389084189879975e-32,0.4220302912260165,92.9532270502695,337.82760558056435,429.53700257390943,0.4220302912260165,0.0,0.0,-6.700930696684576e-09,-2199362.2271927707,5.412613098448677e-07,2199362.227193312,0,0,-6.635735269711695e-13,6.635735269731987e-13,6.213120979991224e-07,-7.091194272950441e-15,7.091194273119848e-15,6.639572876322257e-09,-0.5115273469013139,0.5115273469013139,1160909.7296790655,-8.408626620854172e-09,8.408626620854174e-09,0.019083352075937542,0.5115273553099404,6.706647212456658e-13,-0.033380158476012556,-0.04191148545488257,-1160909.748763039,-6.639572876322257e-09,-0.4220302912260097,0.4220302912260097,417393.98058846657,-6.775363002167735e-15,6.775363002167735e-15,6.700930696684576e-09,-0.37738626740762604,0.37738626740762604,890984.1233021502,-0.37738626740762765,0.37738626740762765,890984.123302154,0.7547725348152537,0.4220302912260165,-0.13139855263780612,-0.09564164959747024,-2199362.2271927707,-6.700930696684576e-09
2,2,-0.5092065949185177,119994869.16210376,129.99995724301752,0.4691223251229762,124681.45096932648,337.9943120107069,-0.0334648516239487,229640.32135194234,429.44179286439453,-0.040084269794871466,0.040084269794871466,-0.03346485162461878,0.03346485162461878,-6.629866157539824e-13,6.629866157539905e-13,88.0,88,5.723430856566687e-07,6.207625657881439e-07,0.0,-7.091194272697815e-15,7.091194272697815e-15,88.0,88,6.121686192113687e-09,6.639572876479053e-09,0.0,-0.5092065865098911,0.5092065865098911,213.23422884100748,206,1065172.4859308964,1155284.69189902,1.0,-8.408626622265495e-09,8.408626622265495e-09,213.23422884100748,206,0.01758939880155944,0.019077439047244512,0.0,0.5092065949185177,213.23422884100748,129.99995724301752,337.9943120107069,0.5092065949185177,1.405724055965107e-32,6.700778100267942e-13,88.0,337.9943120107069,429.44179286439453,4.664152099068926e-09,4.663482021258894e-09,0.0,-6.639572876479053e-09,-1155284.7109770798,4.274105296645067e-07,1155284.7109775073,0,0,-0.7878508288566054,119991818.42453402,129.99993182020444,0.24717502491799126,122556.44802510244,337.87680910063284,0.29324452390336525,233070.6255014325,429.5793297040807,-0.09473141010940546,0.09473141010940546,-0.15269986992584333,0.15269986992584333,-0.44594439382920187,0.44594439382920187,93.53047465040196,88,409169.1239690294,443784.29931565013,1.0,-6.7325409100435855e-15,6.7325409100435855e-15,93.53047465040196,88,6.1773348972815715e-09,6.6999293896763255e-09,0.0,-0.393925414428301,0.393925414428301,223.3177791059881,206,862991.0825854699,935999.0049733946,1.0,-0.3939254144283044,0.3939254144283044,223.3177791059881,206,862991.0825854775,935999.004973403,1.0,0.7878508288566053,223.3177791059881,129.99993182020444,337.87680910063284,0.7878508288566053,0.0,0.4459443938292086,93.53047465040196,337.87680910063284,429.5793297040807,0.4459443938292086,4.632398065119053e-40,0.0,-6.6999293896763255e-09,-2315782.3092624475,5.422606670348924e-07,2315782.3092629896,0,0,-6.629866157539932e-13,6.629866157555152e-13,6.207625657881439e-07,-7.091194272697815e-15,7.091194273206036e-15,6.639572876479053e-09,-0.5092065865098911,0.5092065865098911,1155284.69189902,-8.408626622265495e-09,8.408626622265495e-09,0.019077439047244512,0.5092065949185177,6.700778100267942e-13,-0.03346485162461878,-0.040084269794871466,-1155284.7109770798,-6.639572876479053e-09,-0.44594439382920187,0.44594439382920187,443784.29931565013,-6.7325409100435855e-15,6.7325409100435855e-15,6.6999293896763255e-09,-0.393925414428301,0.393925414428301,935999.0049733946,-0.3939254144283044,0.3939254144283044,935999.004973403,0.7878508288566053,0.4459443938292086,-0.15269986992584333,-0.09473141010940546,-2315782.3092624475,-6.6999293896763255e-09
3,3,-0.5463371970591046,119992902.34819435,129.99994085290163,0.5105859295677229,126519.56031577029,338.09595102152736,-0.03024604071195149,229531.43560537932,429.43742712864156,-0.035751267490701934,0.035751267490701934,-0.03024604071263128,0.03024604071263128,-6.726970577787e-13,6.726970577787115e-13,88.0,88,5.807259160469832e-07,6.298545727190708e-07,0.0,-7.09119427105779e-15,7.09119427105779e-15,88.0,88,6.1216861907507834e-09,6.63957287500085e-09,0.0,-8.408626629774281e-09,8.408626629774281e-09,214.32771288764212,206,0.01767959881518017,0.019175269864620575,0.0,-0.5463371886504779,0.5463371886504779,214.32771288764212,206,1148703.9130685169,1245882.7690547905,1.0,0.5463371970591046,214.32771288764212,129.99994085290163,338.09595102152736,0.5463371970591046,4.525482334174697e-40,6.797882520508688e-13,88.0,338.09595102152736,429.43742712864156,4.661753818620294e-09,4.6610740303682404e-09,0.0,-6.63957287500085e-09,-1245882.7882306904,4.2792423910674236e-07,1245882.7882311183,0,0,-0.7225381862638672,119989217.28706348,129.99991014405887,0.2345079959479515,123400.67681051508,337.9234910778621,0.2526641058192226,233980.2162823817,429.6157994268713,-0.08960992548363095,0.08960992548363095,-0.14575615901306224,0.14575615901306224,-0.398420264832278,0.398420264832278,92.41452345360126,88,361202.4234946667,391759.67841070145,1.0,-6.815839302709701e-15,6.815839302709701e-15,92.41452345360126,88,6.179147728154025e-09,6.701895583681156e-09,0.0,-0.7225381778552388,0.7225381778552388,220.56551391400447,206,1563390.3143522765,1695651.100165159,1.0,-8.408628482031359e-09,8.408628482031359e-09,220.56551391400447,206,0.018194150466646093,0.019733351916102055,0.0,0.7225381862638672,220.56551391400447,129.99991014405887,337.9234910778621,0.7225381862638672,0.0,0.3984202648322848,92.41452345360126,337.9234910778621,429.6157994268713,0.3984202648322848,0.0,0.0,-6.701895583681156e-09,-2087410.7983092126,5.423601388105726e-07,2087410.7983097548,0,0,-6.726970577787107e-13,6.726970577776951e-13,6.298545727190708e-07,-7.09119427105779e-15,7.091194272413043e-15,6.63957287500085e-09,-8.408626629774281e-09,8.408626629774281e-09,0.019175269864620575,-0.5463371886504779,0.5463371886504779,1245882.7690547905,0.5463371970591046,6.797882520508688e-13,-0.03024604071263128,-0.035751267490701934,-1245882.7882306904,-6.63957287500085e-09,-0.398420264832278,0.398420264832278,391759.67841070145,-6.815839302709701e-15,6.815839302709701e-15,6.701895583681156e-09,-0.7225381778552388,0.7225381778552388,1695651.100165159,-8.408628482031359e-09,8.408628482031359e-09,0.019733351916102055,0.7225381862638672,0.3984202648322848,-0.14575615901306224,-0.08960992548363095,-2087410.7983092126,-6.701895583681156e-09
4,4,-0.40327034267861844,119991450.5749607,129.99992875479134,0.36361192230180756,127828.56323605681,338.16833287532535,-0.030637718838743094,229421.13981755983,429.43300485777974,-0.03965842037616476,0.03965842037616476,-0.030637718839389223,0.030637718839389223,-6.390371849855993e-13,6.390371849855963e-13,88.0,88,5.516680210542934e-07,5.983384176293856e-07,0.0,-7.091194278528523e-15,7.091194278528523e-15,88.0,88,6.121686196903836e-09,6.639572881674443e-09,0.0,-0.4032703342699918,0.4032703342699918,210.53729244302724,206,832902.7885810244,903365.2804566427,1.0,-8.4086265878494e-09,8.4086265878494e-09,210.53729244302724,206,0.01736693214945828,0.018836152005920044,0.0,0.4032703426786184,210.53729244302724,129.99992875479134,338.16833287532535,0.4032703426786184,0.0,6.461283792639635e-13,88.0,338.16833287532535,429.43300485777974,4.672894464371731e-09,4.6722483359924716e-09,0.0,-6.639572881674443e-09,-903365.299293393,4.28574632444723e-07,903365.2992938216,0,0,-0.6359999800027406,119986927.68713546,129.99989106405945,0.5318097496278964,125315.19190917551,338.0293549761144,-0.13938006979944256,233478.44803110373,429.59568120512535,-0.10419022037720459,0.10419022037720459,-0.13938007979708222,0.13938007979708222,-9.997632474827704e-09,9.997632474827704e-09,88.0,88,0.008630756162869261,0.009360906901159722,0.0,-7.167607111230223e-15,7.167607111230223e-15,88.0,88,6.187651866864705e-09,6.711119161458467e-09,0.0,-0.3179999900013703,0.3179999900013703,217.2854376903213,206,677839.2843971921,735183.6056368678,1.0,-0.3179999900013703,0.3179999900013703,217.2854376903213,206,677839.2843971921,735183.6056368678,1.0,0.6359999800027406,217.2854376903213,129.99989106405945,338.0293549761144,0.6359999800027406,0.0,9.997639642434821e-09,88.0,338.0293549761144,429.59568120512535,1.1531469191801909e-08,1.5338295493670862e-09,0.0,-6.711119161458467e-09,-1470367.2206346425,5.394439865745873e-07,1470367.220635182,0,0,-6.390371849855886e-13,6.39037184984241e-13,5.983384176293856e-07,-7.091194278528523e-15,7.091194278528523e-15,6.639572881674443e-09,-0.4032703342699918,0.4032703342699918,903365.2804566427,-8.4086265878494e-09,8.4086265878494e-09,0.018836152005920044,0.4032703426786184,6.461283792639635e-13,-0.030637718839389223,-0.03965842037616476,-903365.299293393,-6.639572881674443e-09,-9.997632474827704e-09,9.997632474827714e-09,0.009360906901159722,-7.167607111230223e-15,7.167607113479236e-15,6.711119161458467e-09,-0.3179999900013703,0.3179999900013703,735183.6056368678,-0.3179999900013703,0.3179999900013703,735183.6056368678,0.6359999800027406,9.997639642434821e-09,-0.13938007979708222,-0.10419022037720459,-1470367.2206346425,-6.711119161458467e-09
5,5,-8.766453508724449e-12,119991450.57496066,129.99992875479134,-0.04559122382702831,127664.4348302795,338.1592573277563,-0.030163982973954975,229312.5494788536,429.42865096630095,-0.045591223835223134,0.045591223835223134,-0.03016398297452661,0.03016398297452661,-5.645440216684319e-13,5.645440216684259e-13,88.0,88,4.873595630274943e-07,5.285895477521629e-07,0.0,-7.09119433618482e-15,7.09119433618482e-15,88.0,88,6.121686246798075e-09,6.6395729357896705e-09,0.0,-4.383226754362368e-12,4.3832267543622244e-12,206.0,206,8.857887618820445e-06,9.607253382668596e-06,0.0,-4.383226754362355e-12,4.3832267543622244e-12,206.0,206,8.857887618820446e-06,9.607253382668598e-06,0.0,8.766453508724549e-12,206.0,129.99992875479134,338.1592573277563,4.6380640035388925e-09,4.629297550030168e-09,5.716352160055565e-13,88.0,338.1592573277563,429.42865096630095,4.926512515901955e-09,4.92594088068595e-09,0.0,-6.6395729357896705e-09,-1.9743096313089357e-05,4.424759136438785e-07,2.0185572226733236e-05,0,0,-0.4117277409060326,119985445.4672682,129.99987871222723,0.28022209240451185,126323.99144183173,338.08513696036556,-0.18071492649521773,232827.87429572095,429.5695966797748,-0.13150563851104796,0.13150563851104796,-0.18071493648569056,0.18071493648569056,-9.990465656683317e-09,9.990465656683319e-09,88.0,88,0.008624569192101575,0.009354196520717544,0.0,-7.16760775656576e-15,7.16760775656576e-15,88.0,88,6.1876524235293765e-09,6.711119765216244e-09,0.0,-0.411727732497406,0.411727732497406,210.72960054042125,206,851147.1940918053,923153.1389282054,1.0,-8.408626604367078e-09,8.408626604367078e-09,210.72960054042125,206,0.017382795414486278,0.01885335728252308,0.0,0.41172774090603265,210.72960054042125,129.99987871222723,338.08513696036556,0.41172774090603265,1.6860945012800716e-32,9.990472824291074e-09,88.0,338.08513696036556,429.5695966797748,1.125174561884132e-08,1.261272794550246e-09,0.0,-6.711119765216244e-09,-923153.1671357591,5.343271642923896e-07,923153.1671362935,0,0,-5.645440216684319e-13,5.645440216676637e-13,5.285895477521629e-07,-7.09119433618482e-15,7.0911943378788855e-15,6.6395729357896705e-09,-4.383226754362265e-12,4.3832267543622115e-12,9.607253382668596e-06,-4.383226754362252e-12,4.3832267543621986e-12,9.607253382668596e-06,8.766453508724549e-12,5.716352160055565e-13,-0.03016398297452661,-0.045591223835223134,-1.9743096313089357e-05,-6.6395729357896705e-09,-9.990465656683317e-09,9.990465656683314e-09,0.009354196520717544,-7.16760775656576e-15,7.167607757582199e-15,6.711119765216244e-09,-0.411727732497406,0.411727732497406,923153.1389282054,-8.408626604367078e-09,8.408626604367078e-09,0.01885335728252308,0.41172774090603265,9.990472824291074e-09,-0.18071493648569056,-0.13150563851104796,-923153.1671357591,-6.711119765216244e-09
6,6,-2.618047305909328e-12,119991450.57496066,129.99992875479134,-0.0705957444341478,127410.29015031658,338.1452042933562,-0.029168587733827616,229207.5425630118,429.42444075090293,-0.07059574443626089,0.07059574443626089,-0.029168587734332556,0.029168587734332556,-4.978485384166431e-13,4.978485384166527e-13,88.0,88,4.297826862451317e-07,4.6614174213137924e-07,0.0,-7.0911943360376416e-15,7.091194336037642e-15,88.0,88,6.121686246405033e-09,6.639572935363377e-09,0.0,-1.3090236529546537e-12,1.3090236529546638e-12,206.0,206,2.645353539309962e-06,2.869147005759178e-06,0.0,-1.3090236529545988e-12,1.309023652954664e-12,206.0,206,2.645353539309962e-06,2.869147005759178e-06,0.0,2.6180473059094298e-12,206.0,129.99992875479134,338.1452042933562,4.638643191991073e-09,4.636025144685159e-09,5.049397327538794e-13,88.0,338.1452042933562,429.42444075090293,4.9266539622356355e-09,4.9261490225028845e-09,0.0,-6.639572935363377e-09,-6.204435753649735e-06,4.907820682820836e-07,6.6952178219318184e-06,0,0,-4.37582279339469e-12,119985445.46726818,129.99987871222723,-0.17437461219647785,125696.24283792442,338.0504253436337,-0.28541799119125627,231800.36952743243,429.5283992370892,-0.17437460219791667,0.17437460219791667,-0.2854180011941933,0.2854180011941933,-3.075086865400731e-12,3.075086865400683e-12,88.00000000000001,88,2.6546609891633105e-06,2.8792418537563026e-06,0.0,-9.999861935282318e-09,9.999861935282318e-09,88.00000000000001,88,0.008632680811490523,0.009362994372549373,0.0,-2.187911396697285e-12,2.1879113966973454e-12,206.0,206,4.421462625129797e-06,4.795512608600648e-06,0.0,-2.1879113966972784e-12,2.1879113966973454e-12,206.0,206,4.421462625129797e-06,4.795512608600648e-06,0.0,4.375822793394665e-12,206.0,129.99987871222723,338.0504253436337,4.6915456152585845e-09,4.687169792465189e-09,1.000293702214772e-08,88.00000000000001,338.0504253436337,429.5283992370892,1.5664393207862034e-08,5.661456185714316e-09,0.07357298277434086,-0.009362994372549373,-1.2470267070957598e-05,3.2999272447252817e-07,1.2800259795430128e-05,0,0,-4.978485384166538e-13,4.978485384162293e-13,4.6614174213137924e-07,-7.091194336037642e-15,7.091194336884675e-15,6.639572935363377e-09,-1.3090236529546796e-12,1.309023652954531e-12,2.869147005759178e-06,-1.3090236529546505e-12,1.3090236529541042e-12,2.869147005759178e-06,2.6180473059094298e-12,5.049397327538794e-13,-0.029168587734332556,-0.07059574443626089,-6.204435753649735e-06,-6.639572935363377e-09,-3.075086865400731e-12,3.075086865402812e-12,2.8792418537563026e-06,-9.999861935282318e-09,9.999861935282326e-09,0.009362994372549373,-2.1879113966973365e-12,2.1879113966974294e-12,4.795512608600648e-06,-2.18791139669733e-12,2.187911396697423e-12,4.795512608600648e-06,4.375822793394665e-12,1.000293702214772e-08,-0.2854180011941933,-0.17437460219791667,-1.2470267070957598e-05,-0.009362994372549373
7,7,-8.645068788138044e-13,119991450.57496066,129.99992875479134,-0.08260266780458353,127112.92054622008,338.1287611190331,-0.028207047394064013,229105.99719239317,429.4203693249445,-0.08260265893665866,0.08260265893665866,-0.02820705626285339,0.02820705626285339,-3.7102398325601325e-13,3.7102398325600896e-13,88.0,88,3.2029758426617333e-07,3.4739434302188e-07,0.0,-8.868418355196774e-09,8.868418355196774e-09,88.0,88,0.00765592819767427,0.008303609758865805,0.0,-4.322534394081064e-13,4.3225343940810177e-13,206.0,206,8.735236855597577e-07,9.474226524509302e-07,0.0,-4.322534394057024e-13,4.322534394057155e-13,206.0,206,8.735236855597577e-07,9.474226524509303e-07,0.0,8.645068788136416e-13,206.0,129.99992875479134,338.1287611190331,4.399407047086823e-09,4.398542540208008e-09,8.86878937918003e-09,88.0,338.1287611190331,429.4203693249445,1.426096429875912e-08,5.392174919579088e-09,0.07477177315670108,-0.008303609758865805,-2.2422396479237405e-06,3.212953408748515e-07,2.563534988798592e-06,0,0,-0.31799999000770907,119984300.66730416,129.99986917222753,0.1245263924077869,126144.53785059246,338.07521400037575,-0.31070102529426175,230681.84583637308,429.48355242267326,-0.19347358759004882,0.19347358759004882,-0.310701035304135,0.310701035304135,-1.0011341455772558e-11,1.0011341455772551e-11,88.00000000000001,88,8.64259085193921e-06,9.37374278952192e-06,0.0,-9.999861933265147e-09,9.999861933265147e-09,88.00000000000001,88,0.008632680809749138,0.00936299437066067,0.0,-0.3179999900019273,0.3179999900019273,208.8213594226928,206,651434.9159464167,706545.4619809292,1.0,-5.781731129954278e-12,5.781731129954471e-12,208.8213594226928,206,1.1844093242404934e-05,1.2846088115406654e-05,0.0,0.317999990007709,208.8213594226928,129.99986917222753,338.07521400037575,0.317999990007709,0.0,1.000987327472092e-08,88.00000000000001,338.07521400037575,429.48355242267326,2.228684995253782e-08,1.2276976677816904e-08,0.27945187048193765,-0.00936299437066067,-706545.462003149,3.3224153324220745e-07,706545.4620034812,0,0,-3.710239832560025e-13,3.710239832534943e-13,3.4739434302188e-07,-8.868418355196774e-09,8.868418355196781e-09,0.008303609758865805,-4.322534394080935e-13,4.322534394080872e-13,9.474226524509302e-07,-4.322534394057089e-13,4.3225343940639314e-13,9.474226524509303e-07,8.645068788136416e-13,8.86878937918003e-09,-0.02820705626285339,-0.08260265893665866,-2.2422396479237405e-06,-0.008303609758865805,-1.0011341455772558e-11,1.001134145577272e-11,9.37374278952192e-06,-9.999861933265147e-09,9.999861933265145e-09,0.00936299437066067,-0.3179999900019273,0.3179999900019273,706545.4619809292,-5.7817311299544816e-12,5.781731129954471e-12,1.2846088115406654e-05,0.317999990007709,1.000987327472092e-08,-0.310701035304135,-0.19347358759004882,-706545.462003149,-0.00936299437066067
8,8,-9.813901629679056e-13,119991450.57496065,129.99992875479134,-0.1091802229857085,126719.87174347152,338.10702732414615,-0.029600503971951287,228999.43537809415,429.41609676643907,-0.10918021420476628,0.10918021420476628,-0.02960051275387489,0.02960051275387489,-3.8862744554022304e-13,3.8862744554021425e-13,88.00000000000001,88,3.354943011863732e-07,3.6387668241472155e-07,0.0,-8.781534976242232e-09,8.781534976242232e-09,88.00000000000001,88,0.007580923514290396,0.00822225977688763,0.0,-4.906950814811567e-13,4.906950814811443e-13,206.0,206,9.916260623700357e-07,1.0755163366269366e-06,0.0,-4.90695081486766e-13,4.906950814867612e-13,206.0,206,9.916260623700355e-07,1.0755163366269366e-06,0.0,9.813901629679843e-13,206.0,129.99992875479134,338.10702732414615,4.39546014854758e-09,4.394478758384614e-09,8.781923603687774e-09,88.00000000000001,338.10702732414615,429.41609676643907,1.7233785160791852e-08,8.451861557104059e-09,0.2358591708815945,-0.00822225977688763,-2.514909355668595e-06,3.259349933722231e-07,2.840844349040818e-06,0,0,-2.166550814756132e-12,119984300.66730416,129.99986917222753,-0.25652043655334306,125221.06427900042,338.0241501501663,-0.3299937648314585,229493.86828297982,429.4359208800487,-0.2565204265537426,0.2565204265537426,-0.32999377483322556,0.32999377483322556,-1.9051386938285126e-12,1.9051386938285365e-12,88.00000000000001,88,1.6446681316083658e-06,1.7838049149765354e-06,0.0,-9.999861933300471e-09,9.999861933300471e-09,88.00000000000001,88,0.00863268080977963,0.009362994370693743,0.0,-1.083275407378039e-12,1.083275407378066e-12,206.0,206,2.1891479397540388e-06,2.3743470062408232e-06,0.0,-1.083275407378039e-12,1.0832754073780661e-12,206.0,206,2.1891479397540388e-06,2.374347006240823e-06,0.0,2.1665508147561492e-12,206.0,129.99986917222753,338.0241501501663,4.6903606917953975e-09,4.6881941409806445e-09,1.00017670719943e-08,88.00000000000001,338.0241501501663,429.4359208800487,2.7652299908908983e-08,1.765053283691467e-08,0.4971078908988494,-0.009362994370693743,-6.532498927458181e-06,1.9299250927293072e-07,6.725491436731113e-06,0,0,-3.8862744554022304e-13,3.8862744554063996e-13,3.6387668241472155e-07,-8.781534976242232e-09,8.781534976242226e-09,0.00822225977688763,-4.906950814811567e-13,4.90695081479646e-13,1.0755163366269366e-06,-4.90695081486766e-13,4.906950814864223e-13,1.0755163366269366e-06,9.813901629679843e-13,8.781923603687774e-09,-0.02960051275387489,-0.10918021420476628,-2.514909355668595e-06,-0.00822225977688763,-1.9051386938285425e-12,1.905138693827434e-12,1.7838049149765354e-06,-9.999861933300471e-09,9.99986193330047e-09,0.009362994370693743,-1.083275407378065e-12,1.0832754073780722e-12,2.3743470062408232e-06,-1.083275407378065e-12,1.0832754073780722e-12,2.374347006240823e-06,2.1665508147561492e-12,1.00017670719943e-08,-0.32999377483322556,-0.2565204265537426,-6.532498927458181e-06,-0.009362994370693743
9,9,-6.91509347104616e-13,119991450.57496066,129.99992875479134,-0.11784074473642958,126295.64506242037,338.0835695356804,-0.034170916707445216,228876.42007794735,429.4111645111994,-0.11784073596654658,0.11784073596654658,-0.034170925478019726,0.034170925478019726,-3.3877913286266666e-13,3.3877913286266767e-13,88.00000000000001,88,2.9246124981747864e-07,3.1720309090832827e-07,0.0,-8.770235729636952e-09,8.770235729636952e-09,88.00000000000001,88,0.00757116910068099,0.00821168015258242,0.0,-3.4575467355055024e-13,3.4575467355054636e-13,206.0,206,6.9872178959456e-07,7.578327435949675e-07,0.0,-3.4575467355407707e-13,3.4575467355406965e-13,206.0,206,6.9872178959456e-07,7.578327435949675e-07,0.0,6.915093471047379e-13,206.0,129.99992875479134,338.0835695356804,4.406350488657383e-09,4.405658979310277e-09,8.770574508769818e-09,88.00000000000001,338.0835695356804,429.4111645111994,1.7936897733799095e-08,9.166323225029272e-09,0.3846877203897489,-0.00821168015258242,-1.8328685780982634e-06,1.9679169437661375e-07,2.0296602724748773e-06,0,0,-3.146009939997506e-12,119984300.66730413,129.99986917222753,-0.6378521337652144,122924.79659744566,337.89717708614063,0.05154326673243349,229679.4240432166,429.443360673063,-0.2722220828356481,0.2722220828356481,-0.31408678420027886,0.31408678420027886,-1.4182069799690167e-12,1.4182069799690518e-12,91.71778914257406,88,1.2760338738309348e-06,1.3839846787754175e-06,0.0,-0.36563005093129414,0.36563005093129414,91.71778914257406,88,328976.19097110454,356807.1485586817,1.0,-1.573004969998754e-12,1.573004969998792e-12,206.0,206,3.178822823671759e-06,3.447747097257873e-06,0.0,-1.573004969998809e-12,1.5730049699987918e-12,206.0,206,3.1788228236717584e-06,3.447747097257873e-06,0.0,3.146009939997584e-12,206.0,129.99986917222753,337.89717708614063,4.691975659049653e-09,4.688829649109662e-09,0.36563005093271234,91.71778914257406,337.89717708614063,429.443360673063,0.36563005093271234,0.0,0.6902159686444646,-356807.1485586817,-8.279478873291164e-06,1.959700827294667e-07,8.475448956020629e-06,0,0,-3.38779132862672e-13,3.387791328643042e-13,3.1720309090832827e-07,-8.770235729636952e-09,8.770235729636949e-09,0.00821168015258242,-3.457546735505438e-13,3.4575467355136076e-13,7.578327435949675e-07,-3.4575467355406414e-13,3.4575467355390026e-13,7.578327435949675e-07,6.915093471047379e-13,8.770574508769818e-09,-0.034170925478019726,-0.11784073596654658,-1.8328685780982634e-06,-0.00821168015258242,-1.4182069799689866e-12,1.4182069799690433e-12,1.3839846787754175e-06,-0.36563005093129414,0.36563005093129414,356807.1485586817,-1.5730049699987282e-12,1.5730049699987048e-12,3.447747097257873e-06,-1.5730049699988348e-12,1.573004969998708e-12,3.447747097257873e-06,3.146009939997584e-12,0.36563005093271234,-0.31408678420027886,-0.2722220828356481,-8.279478873291164e-06,-356807.1485586817
10,10,-7.853099460537868e-13,119991450.57496065,129.99992875479134,-0.10455219600825481,125919.25715679066,338.0627570119386,-0.06866152165504756,228629.23859998918,429.4012538566843,-0.10455218725669659,0.10455218725669659,-0.0686615304073911,0.0686615304073911,-3.573125826714253e-13,3.573125826714209e-13,88.00000000000001,88,3.084608063683789e-07,3.345561891197168e-07,0.0,-8.75198622863465e-09,8.75198622863465e-09,88.00000000000001,88,0.007555414671455722,0.008194592919149373,0.0,-3.926549730274699e-13,3.9265497302746993e-13,206.0,206,7.935007287902788e-07,8.606298576901072e-07,0.0,-3.926549730263204e-13,3.9265497302631696e-13,206.0,206,7.935007287902788e-07,8.606298576901072e-07,0.0,7.853099460537001e-13,206.0,129.99992875479134,338.0627570119386,4.40170282770541e-09,4.400917517759359e-09,8.75234354121732e-09,88.00000000000001,338.0627570119386,429.4012538566843,1.942741806760324e-08,1.067507452638593e-08,0.5137134929205837,-0.008194592919149373,-2.055815904499931e-06,1.985729728960513e-07,2.2543888773959826e-06,0,0,-3.4513280032423465e-12,119984300.66730411,129.99986917222753,-0.6659004708939072,120527.55490222758,337.76462062258156,0.15982971999051915,230254.81103518244,429.46643061235204,-0.23456823461458334,0.23456823461458334,-0.2715025162922561,0.2715025162922561,-1.2692740118952213e-12,1.269274011895147e-12,93.17398092095682,88,1.160163096289959e-06,1.2583113842624285e-06,0.0,-0.43133223628150597,0.43133223628150597,93.17398092095682,88,394253.5166436283,427606.85102345806,1.0,-1.725664001621217e-12,1.7256640016211733e-12,206.0,206,3.4873253543161643e-06,3.782348540473063e-06,0.0,-1.7256640016212138e-12,1.725664001621173e-12,206.0,206,3.487325354316164e-06,3.782348540473063e-06,0.0,3.451328003242336e-12,206.0,129.99986917222753,337.76462062258156,4.692006008640343e-09,4.688554680637103e-09,0.4313322362827752,93.17398092095682,337.76462062258156,429.46643061235204,0.4313322362827752,1.0217683473777864e-32,0.8271725442451721,-427606.85102345806,-8.823008465208555e-06,1.9578990289768824e-07,9.018798368106243e-06,0,0,-3.5731258267141996e-13,3.573125826704053e-13,3.345561891197168e-07,-8.75198622863465e-09,8.751986228634652e-09,0.008194592919149373,-3.926549730274699e-13,3.9265497302801025e-13,8.606298576901072e-07,-3.9265497302631393e-13,3.9265497302716403e-13,8.606298576901072e-07,7.853099460537001e-13,8.75234354121732e-09,-0.0686615304073911,-0.10455218725669659,-2.055815904499931e-06,-0.008194592919149373,-1.2692740118951611e-12,1.2692740118951553e-12,1.2583113842624285e-06,-0.43133223628150597,0.43133223628150597,427606.85102345806,-1.7256640016211654e-12,1.7256640016211523e-12,3.782348540473063e-06,-1.7256640016211621e-12,1.725664001621149e-12,3.782348540473063e-06,3.451328003242336e-12,0.4313322362827752,-0.2715025162922561,-0.23456823461458334,-8.823008465208555e-06,-427606.85102345806
11,11,-8.289334670657864e-13,119991450.57496065,129.99992875479134,-0.38168290404378996,124545.19870223301,337.986777885669,0.21795999675678487,229413.8945883136,429.43271436285863,-0.08646839796549013,0.08646839796549013,-0.07725450932234389,0.07725450932234389,-3.552767566342624e-13,3.5527675663424783e-13,90.4236861239201,88,3.1515050676728776e-07,3.4181182946560504e-07,0.0,-0.2952145060787735,0.2952145060787735,90.4236861239201,88,261871.90545349897,284025.9278237516,1.0,-4.1446673353064023e-13,4.1446673353063225e-13,206.0,206,8.37579243124586e-07,9.084373569680976e-07,0.0,-4.1446673353515095e-13,4.1446673353515413e-13,206.0,206,8.37579243124586e-07,9.084373569680976e-07,0.0,8.289334670657634e-13,206.0,129.99992875479134,337.986777885669,4.3981282628989505e-09,4.397299329431879e-09,0.29521450607912875,90.4236861239201,337.986777885669,429.43271436285863,0.29521450607912875,2.5536642556106772e-27,0.6112149495870927,-284025.9278237516,-2.1586865434018e-06,1.9928797437808175e-07,2.3579745177798818e-06,0,0,-3.80722315730991e-12,119984300.66730411,129.99986917222753,-0.6810809082698119,118075.66363245627,337.62904228836493,0.2344396905256499,231098.7939210748,429.5002698096407,-0.21260345150928933,0.21260345150928933,-0.23403776623868,0.23403776623868,-1.20597220137384e-12,1.2059722013738895e-12,94.10349205567418,88,1.113299577573938e-06,1.2074832728567657e-06,0.0,-0.4684774567631239,0.4684774567631239,94.10349205567418,88,432477.42702786427,469064.45447707624,1.0,-1.903611578654955e-12,1.903611578654955e-12,206.0,206,3.846932494840653e-06,4.172377977050599e-06,0.0,-1.903611578654955e-12,1.903611578654955e-12,206.0,206,3.846932494840653e-06,4.172377977050599e-06,0.0,3.807223157310019e-12,206.0,129.99986917222753,337.62904228836493,4.692036310207453e-09,4.688229087050144e-09,0.4684774567643299,94.10349205567418,337.62904228836493,429.5002698096407,0.4684774567643299,1.260578382634886e-32,0.9073690875066988,-469064.45447707624,-9.552239226957965e-06,1.9631340367875355e-07,9.74855263063672e-06,0,0,-3.5527675663425707e-13,3.5527675663424844e-13,3.4181182946560504e-07,-0.2952145060787735,0.2952145060787735,284025.9278237516,-4.1446673353063376e-13,4.1446673353007194e-13,9.084373569680976e-07,-4.1446673353516387e-13,4.144667335343071e-13,9.084373569680976e-07,8.289334670657634e-13,0.29521450607912875,-0.07725450932234389,-0.08646839796549013,-2.1586865434018e-06,-284025.9278237516,-1.2059722013739004e-12,1.2059722013739026e-12,1.2074832728567657e-06,-0.4684774567631239,0.4684774567631239,469064.45447707624,-1.903611578654955e-12,1.9036115786551745e-12,4.172377977050599e-06,-1.903611578654955e-12,1.9036115786549625e-12,4.172377977050599e-06,3.807223157310019e-12,0.4684774567643299,-0.23403776623868,-0.21260345150928933,-9.552239226957965e-06,-469064.45447707624
12,12,-8.740225193287863e-13,119991450.57496065,129.99992875479134,-0.38460554265998376,123160.61874865706,337.9102169687924,0.23346640705918623,230254.37365372668,429.46641307569615,-0.08445424222702769,0.08445424222702769,-0.06668489337464388,0.06668489337464388,-3.6225068299550456e-13,3.6225068299550784e-13,90.50542523584646,88,3.2162724713456423e-07,3.4883649363835603e-07,0.0,-0.3001513004334679,0.3001513004334679,90.50542523584646,88,266491.79980618577,289036.659225798,1.0,-4.3701125966503747e-13,4.370112596650254e-13,206.0,206,8.831385742022012e-07,9.578509481585698e-07,0.0,-4.3701125966377084e-13,4.370112596637738e-13,206.0,206,8.831385742022014e-07,9.578509481585698e-07,0.0,8.740225193288478e-13,206.0,129.99992875479134,337.9102169687924,4.396228219481093e-09,4.395354196961763e-09,0.3001513004338301,90.50542523584646,337.9102169687924,429.46641307569615,0.3001513004338301,0.0,0.6484390389437005,-289036.659225798,-2.2645383899554954e-06,1.9992803651555533e-07,2.4644664264710505e-06,0,0,-0.7483147567039096,119981606.73417997,129.99984672278484,0.09722662101866072,118425.67946812343,337.648396557673,0.270999689366977,232074.39280279592,429.5393861040408,-0.18251025895222833,0.18251025895222833,-0.19757818736604332,0.19757818736604332,-1.2678237167408604e-11,1.2678237167408588e-11,94.10610895073442,88,1.1704306763839953e-05,1.2694475882689755e-05,0.0,-0.46857787672034207,0.46857787672034207,94.10610895073442,88,432582.159448959,469178.0471246844,1.0,-0.37415737835195895,0.37415737835195895,221.6233018053132,206,813464.7570706251,882282.8167794198,1.0,-0.37415737835195056,0.37415737835195056,221.6233018053132,206,813464.757070607,882282.8167794003,1.0,0.7483147567039095,221.6233018053132,129.99984672278484,337.648396557673,0.7483147567039095,0.0,0.4685778767330203,94.10610895073442,337.648396557673,429.5393861040408,0.4685778767330203,1.9900927850946732e-40,0.9075888237412905,-469178.0471246844,-1764565.6335715146,3.5201089180600377e-07,1764565.6335718667,0,0,-3.6225068299550456e-13,3.622506829955097e-13,3.4883649363835603e-07,-0.3001513004334679,0.3001513004334679,289036.659225798,-4.370112596650181e-13,4.3701125966479023e-13,9.578509481585698e-07,-4.370112596637644e-13,4.370112596639432e-13,9.578509481585698e-07,8.740225193288478e-13,0.3001513004338301,-0.06668489337464388,-0.08445424222702769,-2.2645383899554954e-06,-289036.659225798,-1.267823716740859e-11,1.2678237167408572e-11,1.2694475882689755e-05,-0.46857787672034207,0.46857787672034207,469178.0471246844,-0.37415737835195895,0.37415737835195895,882282.8167794198,-0.37415737835195056,0.37415737835195056,882282.8167794003,0.7483147567039095,0.4685778767330203,-0.19757818736604332,-0.18251025895222833,-1764565.6335715146,-469178.0471246844
13,13,-2.8721935922304316e-12,119991450.57496063,129.99992875479134,-0.35510312138554107,121882.24751166912,337.83952890649607,0.23580695480492736,231103.27869102443,429.50044962491614,-0.06092554717676036,0.06092554717676036,-0.058370619406725555,0.058370619406725555,-4.919318928121098e-13,4.919318928121051e-13,90.4066897806871,88,4.362892924595867e-07,4.7319879876310925e-07,0.0,-0.294177574211161,0.294177574211161,90.4066897806871,88,260903.03894296158,282975.0964674204,1.0,-1.436096796115236e-12,1.4360967961152158e-12,206.0,206,2.902150571397395e-06,3.147668732535136e-06,0.0,-1.4360967961152392e-12,1.4360967961152158e-12,206.0,206,2.902150571397395e-06,3.147668732535136e-06,0.0,2.87219359223026e-12,206.0,129.99992875479134,337.83952890649607,4.374759541527162e-09,4.371887347934928e-09,0.29417757421165297,90.4066897806871,337.83952890649607,429.50044962491614,0.29417757421165297,4.705509695978663e-27,0.6048769083203855,-282975.0964674204,-6.768536263833381e-06,3.466281055037463e-07,7.1151643693371275e-06,0,0,-0.7947575700920771,119978745.60692765,129.99982288005774,0.2096263348163787,119180.3342734624,337.6901255049056,0.2757267937337219,233067.0092602373,429.5791847121605,-0.1491393164504477,0.1491393164504477,-0.16026512509152888,0.16026512509152888,-9.98550117026238e-09,9.98550117026238e-09,93.2863737907425,88,0.0091381248195851,0.009911198285884057,0.0,-0.43599190883974964,0.43599190883974964,93.2863737907425,88,398993.34198386694,432747.6594185108,1.0,-0.3973787850460386,0.3973787850460386,223.62274470660068,206,871745.3884276622,945493.913695946,1.0,-0.3973787850460386,0.3973787850460386,223.62274470660068,206,871745.3884276622,945493.913695946,1.0,0.7947575700920771,223.62274470660068,129.99982288005774,337.6901255049056,0.7947575700920771,5.788893325672736e-33,0.4359919188252508,93.2863737907425,337.6901255049056,429.5791847121605,0.4359919188252508,0.0,0.8371170424435377,-432747.6594185108,-1890987.8373030901,3.522360991897298e-07,1890987.8373034424,0,0,-4.919318928121098e-13,4.919318928121159e-13,4.7319879876310925e-07,-0.294177574211161,0.294177574211161,282975.0964674204,-1.4360967961152101e-12,1.4360967961162108e-12,3.147668732535136e-06,-1.4360967961152134e-12,1.436096796116214e-12,3.147668732535136e-06,2.87219359223026e-12,0.29417757421165297,-0.058370619406725555,-0.06092554717676036,-6.768536263833381e-06,-282975.0964674204,-9.98550117026238e-09,9.98550117026238e-09,0.009911198285884057,-0.43599190883974964,0.43599190883974964,432747.6594185108,-0.3973787850460386,0.3973787850460386,945493.913695946,-0.3973787850460386,0.3973787850460386,945493.913695946,0.7947575700920771,0.4359919188252508,-0.16026512509152888,-0.1491393164504477,-1890987.8373030901,-432747.6594185108
14,14,-3.0283977237240773e-12,119991450.57496063,129.99992875479134,-0.057588716319279566,121674.92813291971,337.82806509634753,-0.04733886602765612,230932.85877332487,429.4936166981906,-0.057588707574316916,0.057588707574316916,-0.04733887477564717,0.04733887477564717,-5.094798678425982e-13,5.094798678425773e-13,88.00000000000001,88,4.3982378031111047e-07,4.770322996866709e-07,0.0,-8.747481569442238e-09,8.747481569442238e-09,88.00000000000001,88,0.007551525889268096,0.008190375151049995,0.0,-1.5141988618620078e-12,1.5141988618621162e-12,206.0,206,3.059983911982676e-06,3.318854568310929e-06,0.0,-1.514198861862095e-12,1.5141988618621162e-12,206.0,206,3.059983911982676e-06,3.318854568310929e-06,0.0,3.0283977237243197e-12,206.0,129.99992875479134,337.82806509634753,4.375773399531079e-09,4.372745001807352e-09,8.74799104931008e-09,88.00000000000001,337.82806509634753,429.4936166981906,1.9893549864098803e-08,1.1145558814788716e-08,0.49767636182026426,-0.008190375151049995,-7.114741436308529e-06,3.4353580956447266e-07,7.458277245873001e-06,0,0,-0.7653871290932697,119975990.2132629,129.99979991844387,0.25620946951797263,120102.6883637271,337.7411274529356,0.2094986050747266,233821.20423850633,429.6094238948387,-0.1374907396255787,0.1374907396255787,-0.16218831487499166,0.16218831487499166,-9.996022353847016e-09,9.996022353847016e-09,91.8419839393001,88,0.009006114885138033,0.009768020482796132,0.0,-0.3716869099536959,0.3716869099536959,91.8419839393001,88,334878.7041334153,363209.00665229425,1.0,-0.3826935645466346,0.3826935645466346,222.3443070609477,206,834730.3045271522,905347.4018732671,1.0,-0.38269356454663506,0.38269356454663506,222.3443070609477,206,834730.3045271533,905347.4018732683,1.0,0.7653871290932696,222.3443070609477,129.99979991844387,337.7411274529356,0.7653871290932696,0.0,0.37168691994971825,91.8419839393001,337.7411274529356,429.6094238948387,0.37168691994971825,3.1392728096731337e-32,0.7025998704330214,-363209.00665229425,-1810694.813514556,3.4904400630672496e-07,1810694.813514905,0,0,-5.094798678425768e-13,5.094798678436554e-13,4.770322996866709e-07,-8.747481569442238e-09,8.747481569442234e-09,0.008190375151049995,-1.5141988618620336e-12,1.514198861861289e-12,3.318854568310929e-06,-1.5141988618620175e-12,1.5141988618612729e-12,3.318854568310929e-06,3.0283977237243197e-12,8.74799104931008e-09,-0.04733887477564717,-0.057588707574316916,-7.114741436308529e-06,-0.008190375151049995,-9.996022353847016e-09,9.996022353847016e-09,0.009768020482796132,-0.3716869099536959,0.3716869099536959,363209.00665229425,-0.3826935645466346,0.3826935645466346,905347.4018732671,-0.38269356454663506,0.38269356454663506,905347.4018732683,0.7653871290932696,0.37168691994971825,-0.16218831487499166,-0.1374907396255787,-1810694.813514556,-363209.00665229425
15,15,-1.9739153437544332e-12,119991450.57496062,129.99992875479134,-0.049690510077325424,121496.04229664133,337.81817353060126,-0.04045949847473663,230787.20457881578,429.4877767444352,-0.049690501309281744,0.049690501309281744,-0.04045950724475422,0.04045950724475422,-4.718992794420903e-13,4.718992794420885e-13,88.00000000000001,88,4.073812099566168e-07,4.4184513010479043e-07,0.0,-8.769545694812056e-09,8.769545694812056e-09,88.00000000000001,88,0.007570573407417353,0.008211034064443984,0.0,-9.869576718771932e-13,9.869576718772683e-13,206.0,206,1.994503280789896e-06,2.1632356624619267e-06,0.0,-9.869576718771964e-13,9.869576718772683e-13,206.0,206,1.994503280789896e-06,2.1632356624619267e-06,0.0,1.973915343754427e-12,206.0,129.99992875479134,337.81817353060126,4.379951391532033e-09,4.377977476188283e-09,8.770017594091501e-09,88.00000000000001,337.81817353060126,429.4877767444352,1.7989066364176437e-08,9.21904877008493e-09,0.32599011824461455,-0.008211034064443984,-4.768316455028644e-06,3.31162931375629e-07,5.099479386404273e-06,0,0,-0.6359999800225234,119973700.61333482,129.99978083844445,0.19684606590282927,120811.33420097729,337.7803123153919,0.11402453025754737,234231.6925474335,429.625882279366,-0.159710796406339,0.159710796406339,-0.1654185874558078,0.1654185874558078,-9.993817891933462e-09,9.993817891933462e-09,90.17163996239898,88,0.008840369287739824,0.009588253023578984,0.0,-0.2794431077195373,0.2794431077195373,90.17163996239898,88,247190.84276574053,268102.8663402826,1.0,-0.3179999900112617,0.3179999900112617,217.28543769102333,206,677839.2844204663,735183.605662111,1.0,-0.3179999900112617,0.3179999900112617,217.28543769102333,206,677839.2844204663,735183.605662111,1.0,0.6359999800225234,217.28543769102333,129.99978083844445,337.7803123153919,0.6359999800225234,0.0,0.27944311771335517,90.17163996239898,337.7803123153919,429.625882279366,0.27944311771335517,8.274795144665398e-32,0.5186243614651183,-268102.8663402826,-1470367.220912475,3.390586797994203e-07,1470367.220912814,0,0,-4.718992794420903e-13,4.718992794453216e-13,4.4184513010479043e-07,-8.769545694812056e-09,8.76954569481206e-09,0.008211034064443984,-9.86957671877219e-13,9.869576718775696e-13,2.1632356624619267e-06,-9.869576718772223e-13,9.869576718775729e-13,2.1632356624619267e-06,1.973915343754427e-12,8.770017594091501e-09,-0.04045950724475422,-0.049690501309281744,-4.768316455028644e-06,-0.008211034064443984,-9.993817891933462e-09,9.993817891933462e-09,0.009588253023578984,-0.2794431077195373,0.2794431077195373,268102.8663402826,-0.3179999900112617,0.3179999900112617,735183.605662111,-0.3179999900112617,0.3179999900112617,735183.605662111,0.6359999800225234,0.27944311771335517,-0.1654185874558078,-0.159710796406339,-1470367.220912475,-268102.8663402826
16,16,-1.1067169597459472e-12,119991450.5749606,129.99992875479134,-0.057330980286530824,121289.65076760983,337.8067610262837,-0.03949044782884358,230645.03896663195,429.48207666416255,-0.057330971461220674,0.057330971461220674,-0.03949045665526044,0.03949045665526044,-4.047142401769303e-13,4.047142401769475e-13,87.99999999999999,88,3.493817092597041e-07,3.789389471363385e-07,0.0,-8.82601215209684e-09,8.82601215209684e-09,87.99999999999999,88,0.007619319770662161,0.008263904306575013,0.0,-5.53358479869659e-13,5.533584798696785e-13,206.0,206,1.1182600176380846e-06,1.2128633596942348e-06,0.0,-5.533584798763023e-13,5.533584798762686e-13,206.0,206,1.1182600176380846e-06,1.212863359694235e-06,0.0,1.1067169597458787e-12,206.0,129.99992875479134,337.8067610262837,4.390091205711394e-09,4.388984488751648e-09,8.82641686633702e-09,87.99999999999999,337.8067610262837,429.48207666416255,1.5341138606978667e-08,6.514721740641645e-09,0.11821470325038548,-0.008263904306575013,-2.8046656665248083e-06,3.2952271212296546e-07,3.1341883786477744e-06,0,0,-1.7767333125644938e-12,119973700.61333482,129.99978083844445,-0.16413659591918786,120220.4424556682,337.74763871378525,-0.18074881198111542,233580.9968243015,429.59979286295953,-0.16413658591946778,0.16413658591946778,-0.18074882198261222,0.18074882198261222,-1.6348730067904123e-12,1.6348730067904846e-12,88.00000000000001,88,1.4113531693022535e-06,1.5307518105230514e-06,0.0,-9.99986193332159e-09,9.99986193332159e-09,88.00000000000001,88,0.008632680809797863,0.009362994370713517,0.0,-8.883666562822625e-13,8.883666562822728e-13,206.0,206,1.795264641014594e-06,1.947141693074397e-06,0.0,-8.883666562822868e-13,8.883666562822727e-13,206.0,206,1.795264641014594e-06,1.947141693074397e-06,0.0,1.776733312564602e-12,206.0,129.99978083844445,337.74763871378525,4.6926007189624e-09,4.690823985649836e-09,1.0001496806328384e-08,88.00000000000001,337.74763871378525,429.59979286295953,2.342069986448517e-08,1.3419203058156774e-08,0.32243077805000214,-0.009362994370713517,-5.425035196671846e-06,1.8903618083482214e-07,5.614071377506668e-06,0,0,-4.0471424017695177e-13,4.0471424017373306e-13,3.789389471363385e-07,-8.82601215209684e-09,8.826012152096836e-09,0.008263904306575013,-5.533584798696849e-13,5.533584798711865e-13,1.2128633596942348e-06,-5.533584798762635e-13,5.533584798779626e-13,1.212863359694235e-06,1.106716959745879e-12,8.82641686633702e-09,-0.03949045665526044,-0.057330971461220674,-2.8046656665248083e-06,-0.008263904306575013,-1.6348730067904725e-12,1.6348730067926785e-12,1.5307518105230514e-06,-9.99986193332159e-09,9.999861933321592e-09,0.009362994370713517,-8.883666562822367e-13,8.883666562823353e-13,1.947141693074397e-06,-8.883666562822609e-13,8.883666562823337e-13,1.947141693074397e-06,1.776733312564602e-12,1.0001496806328384e-08,-0.18074882198261222,-0.16413658591946778,-5.425035196671846e-06,-0.009362994370713517
17,17,-4.835920470072132e-13,119991450.5749606,129.99992875479134,-0.05919582478087592,121076.54579839867,337.7949772995356,-0.0378899812137111,230508.63503426258,429.47660759641775,-0.05919582478106694,0.05919582478106694,-0.037889981214003665,0.037889981214003665,-2.8547147135807324e-13,2.854714713580737e-13,88.0,88,2.4644181179408813e-07,2.672904683233061e-07,0.0,-7.091194441496011e-15,7.091194441496011e-15,88.0,88,6.121686337239307e-09,6.639573033882111e-09,0.0,-2.417960235126931e-13,2.4179602351269747e-13,206.0,206,4.886359120652197e-07,5.299738742572883e-07,0.0,-2.417960234945476e-13,2.417960234945287e-13,206.0,206,4.886359120652197e-07,5.299738742572883e-07,0.0,4.835920470093463e-13,206.0,129.99992875479134,337.7949772995356,4.503202155598777e-09,4.502718563551767e-09,2.9256266580025676e-13,88.0,337.7949772995356,429.47660759641775,5.011599047633105e-09,5.011306484967305e-09,0.0,-6.639573033882111e-09,-1.3272382168378826e-06,1.9039548063765056e-07,1.5176336974755332e-06,0,0,-1.0875342021648479e-12,119973700.61333482,129.99978083844445,-0.1745910525014986,119591.91466666282,337.7128840116935,-0.19057180768237955,232894.93831664493,429.57228558813176,-0.174591042501634,0.174591042501634,-0.19057181768333167,0.19057181768333167,-1.0902018445229714e-12,1.0902018445230556e-12,88.00000000000001,88,9.41149448339902e-07,1.0207694667460978e-06,0.0,-9.999861934346274e-09,9.999861934346274e-09,88.00000000000001,88,0.008632680810682454,0.009362994371672944,0.0,-5.437671010824876e-13,5.437671010824795e-13,206.0,206,1.0988771838920833e-06,1.1918407634404374e-06,0.0,-5.437671010823858e-13,5.437671010823942e-13,206.0,206,1.0988771838920833e-06,1.1918407634404376e-06,0.0,1.0875342021649018e-12,206.0,129.99978083844445,337.7128840116935,4.694983883597513e-09,4.693896349395349e-09,1.0000952136190797e-08,88.00000000000001,337.7128840116935,429.57228558813176,1.781728207052426e-08,7.816329934333461e-09,0.11917990763987955,-0.009362994371672944,-3.4044509936269723e-06,1.8887614945499184e-07,3.5933271430819643e-06,0,0,-2.8547147135806784e-13,2.854714713580737e-13,2.672904683233061e-07,-7.091194441496011e-15,7.0911944419546056e-15,6.639573033882111e-09,-2.4179602351269954e-13,2.417960235136708e-13,5.299738742572883e-07,-2.417960234945282e-13,2.417960234958839e-13,5.299738742572883e-07,4.835920470093463e-13,2.9256266580025676e-13,-0.037889981214003665,-0.05919582478106694,-1.3272382168378826e-06,-6.639573033882111e-09,-1.0902018445230617e-12,1.0902018445224389e-12,1.0207694667460978e-06,-9.999861934346274e-09,9.999861934346277e-09,0.009362994371672944,-5.437671010824746e-13,5.437671010825196e-13,1.1918407634404374e-06,-5.437671010823729e-13,5.437671010823094e-13,1.1918407634404376e-06,1.0875342021649018e-12,1.0000952136190797e-08,-0.19057181768333167,-0.174591042501634,-3.4044509936269723e-06,-0.009362994371672944
18,18,-3.86562422023384e-13,119991450.57496062,129.99992875479134,-0.06950460297669021,120826.3292276826,337.7811414715488,-0.03542155541190848,230381.11743477974,429.4714948230679,-0.06950460297681736,0.06950460297681736,-0.03542155541216789,0.03542155541216789,-2.52320116436664e-13,2.523201164366661e-13,88.0,88,2.1782291011825212e-07,2.362504448137225e-07,0.0,-7.091194473495837e-15,7.091194473495837e-15,88.0,88,6.121686365061191e-09,6.639573064057691e-09,0.0,-1.9328121100968757e-13,1.9328121100967762e-13,206.0,206,3.905942680899114e-07,4.2363803480467623e-07,0.0,-1.932812110137136e-13,1.9328121101371283e-13,206.0,206,3.9059426808991146e-07,4.236380348046762e-07,0.0,3.8656242202338406e-13,206.0,129.99992875479134,337.7811414715488,4.451036196500191e-09,4.450649634078167e-09,2.594113109101942e-13,88.0,337.7811414715488,429.4714948230679,5.02277889193353e-09,5.022519480622621e-09,0.0,-6.639573064057691e-09,-1.0835265144230749e-06,1.8473704741864834e-07,1.2682635618417232e-06,0,0,-8.513285548252347e-13,119973700.6133348,129.99978083844445,-0.18201640714432807,118936.65560094324,337.6766511926832,-0.22037655670096312,232101.58271252146,429.54047627391844,-0.18201639714443693,0.18201639714443693,-0.22037656670170555,0.22037656670170555,-8.804986047909104e-13,8.804986047909044e-13,88.0,88,7.601168355443498e-07,8.244217305253251e-07,0.0,-9.99986194234542e-09,9.99986194234542e-09,88.0,88,0.008632680817587954,0.009362994379162642,0.0,-4.256642774132147e-13,4.2566427741320015e-13,206.0,206,8.602079116519334e-07,9.329803814012293e-07,0.0,-4.256642774120256e-13,4.256642774120345e-13,206.0,206,8.602079116519335e-07,9.329803814012293e-07,0.0,8.513285548252725e-13,206.0,129.99978083844445,337.6766511926832,4.69514854714287e-09,4.694297218588041e-09,1.000074244095021e-08,88.0,337.6766511926832,429.54047627391844,1.149115438525099e-08,1.4904119443007812e-09,0.006622110122458065,-0.009362994379162642,-2.6903824933277844e-06,1.878037710737666e-07,2.8781862644015508e-06,0,0,-2.52320116436664e-13,2.5232011643694345e-13,2.362504448137225e-07,-7.091194473495837e-15,7.091194473294668e-15,6.639573064057691e-09,-1.9328121100967787e-13,1.9328121101015528e-13,4.2363803480467623e-07,-1.932812110137136e-13,1.9328121101439044e-13,4.236380348046762e-07,3.8656242202338406e-13,2.594113109101942e-13,-0.03542155541216789,-0.06950460297681736,-1.0835265144230749e-06,-6.639573064057691e-09,-8.804986047909104e-13,8.804986047912073e-13,8.244217305253251e-07,-9.99986194234542e-09,9.999861942345418e-09,0.009362994379162642,-4.2566427741320176e-13,4.2566427741330506e-13,9.329803814012293e-07,-4.2566427741203854e-13,4.256642774120345e-13,9.329803814012293e-07,8.513285548252725e-13,1.000074244095021e-08,-0.22037656670170555,-0.18201639714443693,-2.6903824933277844e-06,-0.009362994379162642
19,19,-4.013943068273695e-13,119991450.57496062,129.99992875479134,-0.058348479189311554,120616.27470260108,337.769526420361,-0.03503505385618996,230254.99124089745,429.4664378376369,-0.05834847918944802,0.05834847918944802,-0.03503505385645489,0.03503505385645489,-2.5783469211741685e-13,2.578346921174104e-13,88.0,88,2.2258353301149106e-07,2.4141381020769094e-07,0.0,-7.091194469727421e-15,7.091194469727421e-15,88.0,88,6.121686361774471e-09,6.639573060492918e-09,0.0,-2.006971534105603e-13,2.006971534105596e-13,206.0,206,4.055808494531622e-07,4.39892461445946e-07,0.0,-2.0069715341681585e-13,2.006971534168164e-13,206.0,206,4.055808494531622e-07,4.39892461445946e-07,0.0,4.0139430682734675e-13,206.0,129.99992875479134,337.769526420361,4.4569621617011416e-09,4.456560767394314e-09,2.6492588658714093e-13,88.0,337.769526420361,429.4664378376369,5.021686287273933e-09,5.021421361387344e-09,0.0,-6.639573060492918e-09,-1.1211987330995828e-06,1.8566965541592927e-07,1.3068683885155121e-06,0,0,-7.793242480788621e-13,119973700.61333482,129.99978083844445,-0.1544459704259675,118380.65010740975,337.6459066406886,-0.2398167178264213,231238.24252834634,429.505860952556,-0.1544459704259259,0.1544459704259259,-0.23981671782724223,0.23981671782724223,-8.137577850706016e-13,8.137577850705971e-13,88.0,88,7.025008206947962e-07,7.619314758078052e-07,0.0,-7.167602286041337e-15,7.167602286041337e-15,88.0,88,6.18764770140074e-09,6.71111464360167e-09,0.0,-3.896621240393446e-13,3.896621240393284e-13,206.0,206,7.874525999861895e-07,8.540700650609431e-07,0.0,-3.8966212403956434e-13,3.896621240395467e-13,206.0,206,7.874525999861895e-07,8.540700650609431e-07,0.0,7.79324248078887e-13,206.0,129.99978083844445,337.6459066406886,4.671351224565225e-09,4.670571900317146e-09,8.209253873564151e-13,88.0,337.6459066406886,429.505860952556,4.9191537434984905e-09,4.918332818111134e-09,0.0,-6.71111464360167e-09,-2.4700716059296916e-06,1.862229460607418e-07,2.656294551990433e-06,0,0,-2.578346921174061e-13,2.5783469211727604e-13,2.4141381020769094e-07,-7.091194469727421e-15,7.091194469561546e-15,6.639573060492918e-09,-2.0069715341055706e-13,2.0069715341054835e-13,4.39892461445946e-07,-2.0069715341681261e-13,2.006971534173246e-13,4.39892461445946e-07,4.0139430682734675e-13,2.6492588658714093e-13,-0.03503505385645489,-0.05834847918944802,-1.1211987330995828e-06,-6.639573060492918e-09,-8.137577850706016e-13,8.137577850700889e-13,7.619314758078052e-07,-7.167602286041337e-15,7.167602285024898e-15,6.71111464360167e-09,-3.8966212403931877e-13,3.8966212403934553e-13,8.540700650609431e-07,-3.896621240395385e-13,3.896621240395573e-13,8.540700650609431e-07,7.79324248078887e-13,8.209253873564151e-13,-0.23981671782724223,-0.1544459704259259,-2.4700716059296916e-06,-6.71111464360167e-09
20,20,-4.720398086019215e-13,119991450.5749606,129.99992875479134,-0.0593685184369551,120402.54803622804,337.75770831661316,-0.03381773055755172,230133.24741089024,429.46155656154565,-0.05936851843713819,0.05936851843713819,-0.03381773055784067,0.03381773055784067,-2.8186107030077713e-13,2.818610703007548e-13,88.0,88,2.433250247699035e-07,2.639100051734311e-07,0.0,-7.091194436044646e-15,7.091194436044646e-15,88.0,88,6.121686332779655e-09,6.63957302904518e-09,0.0,-2.360199042990083e-13,2.360199042990154e-13,206.0,206,4.769631838043139e-07,5.173136483777809e-07,0.0,-2.3601990430292365e-13,2.3601990430291906e-13,206.0,206,4.769631838043139e-07,5.173136483777809e-07,0.0,4.720398086039152e-13,206.0,129.99992875479134,337.75770831661316,4.51314900949019e-09,4.512676969681581e-09,2.8895226473693956e-13,88.0,337.75770831661316,429.46155656154565,5.009386690025685e-09,5.009097737760949e-09,0.0,-6.63957302904518e-09,-1.298537301928993e-06,1.889899239163126e-07,1.4875272258453056e-06,0,0,-2.3885393501407474e-12,119973700.6133348,129.99978083844445,-0.16855872593746785,117773.83869403487,337.61235275450156,-0.22820411897894205,230416.70770002215,429.4729218022487,-0.1685587259378006,0.1685587259378006,-0.2282041189809978,0.2282041189809978,-2.0485939093529115e-12,2.048593909352827e-12,88.0,88,1.76851015006684e-06,1.9181238070139265e-06,0.0,-7.167602294194565e-15,7.167602294194565e-15,88.0,88,6.187647708375032e-09,6.711114651165979e-09,0.0,-1.1942696750703602e-12,1.1942696750703735e-12,206.0,206,2.413451815562715e-06,2.6176266980072834e-06,0.0,-1.194269675070357e-12,1.1942696750703735e-12,206.0,206,2.413451815562715e-06,2.6176266980072834e-06,0.0,2.3885393501407555e-12,206.0,129.99978083844445,337.61235275450156,4.660596068970041e-09,4.658207529619903e-09,2.0557615116468987e-12,88.0,337.61235275450156,429.4729218022487,4.918953323725668e-09,4.916897562214018e-09,0.0,-6.711114651165979e-09,-7.153377203028493e-06,3.093793624357162e-07,7.46275656546421e-06,0,0,-2.8186107030076103e-13,2.818610703008657e-13,2.639100051734311e-07,-7.091194436044646e-15,7.0911944361555116e-15,6.63957302904518e-09,-2.360199042990018e-13,2.3601990430020937e-13,5.173136483777809e-07,-2.3601990430292365e-13,2.3601990430359665e-13,5.173136483777809e-07,4.720398086039152e-13,2.8895226473693956e-13,-0.03381773055784067,-0.05936851843713819,-1.298537301928993e-06,-6.63957302904518e-09,-2.0485939093528513e-12,2.048593909352658e-12,1.9181238070139265e-06,-7.167602294194565e-15,7.167602294025158e-15,6.711114651165979e-09,-1.194269675070386e-12,1.1942696750703965e-12,2.6176266980072834e-06,-1.1942696750703828e-12,1.1942696750703933e-12,2.6176266980072834e-06,2.3885393501407555e-12,2.0557615116468987e-12,-0.2282041189809978,-0.1685587259378006,-7.153377203028493e-06,-6.711114651165979e-09
21,21,-1.1495114342907192e-12,119991450.5749606,129.99992875479134,-0.036456126583885994,120271.30598052604,337.7504512332708,-0.03304891362668142,230014.2713218342,429.45678625705546,-0.036456126584618755,0.036456126584618755,-0.033048913627098164,0.033048913627098164,-4.096547660321285e-13,4.096547660321326e-13,88.0,88,3.53646766421416e-07,3.835648225828807e-07,0.0,-7.091194434155922e-15,7.091194434155922e-15,88.0,88,6.121686331127801e-09,6.639573027253579e-09,0.0,-5.747557171453698e-13,5.747557171453596e-13,206.0,206,1.1615008385503714e-06,1.2597622977769754e-06,0.0,-5.747557171453956e-13,5.747557171453596e-13,206.0,206,1.1615008385503714e-06,1.2597622977769754e-06,0.0,1.1495114342905936e-12,206.0,129.99992875479134,337.7504512332708,4.494750095736458e-09,4.4936005843021705e-09,4.167459604661961e-13,88.0,337.7504512332708,429.45678625705546,5.0076625845282145e-09,5.007245838567753e-09,0.0,-6.639573027253579e-09,-2.903089418136832e-06,3.240735121538793e-07,3.2271629302907112e-06,0,0,-3.5909252813431954e-12,119973700.61333479,129.99978083844445,-0.12558872815559116,117321.71927267475,337.587352625511,-0.177867489223724,229776.38473881673,429.4472482780874,-0.12558872815645775,0.12558872815645775,-0.17786748922644835,0.17786748922644835,-2.71717675137218e-12,2.7171767513721784e-12,88.0,88,2.3456843459238937e-06,2.5441261886376287e-06,0.0,-7.167602298614669e-15,7.167602298614669e-15,88.0,88,6.187647712346995e-09,6.711114655473964e-09,0.0,-1.795462640671612e-12,1.7954626406715977e-12,206.0,206,3.6283786320276046e-06,3.93533474189545e-06,0.0,-1.7954626406716153e-12,1.7954626406715979e-12,206.0,206,3.628378632027605e-06,3.93533474189545e-06,0.0,3.5909252813431938e-12,206.0,129.99978083844445,337.587352625511,4.659190730979711e-09,4.6555998056983714e-09,2.7243443536724814e-12,88.0,337.587352625511,429.4472482780874,4.919018997555627e-09,4.916294653201956e-09,0.0,-6.711114655473964e-09,-1.0414795672428529e-05,3.094447152299212e-07,1.0724240387658451e-05,0,0,-4.096547660321285e-13,4.0965476603267595e-13,3.835648225828807e-07,-7.091194434155922e-15,7.091194434155922e-15,6.639573027253579e-09,-5.747557171453569e-13,5.74755717146137e-13,1.2597622977769754e-06,-5.747557171453569e-13,5.74755717146137e-13,1.2597622977769754e-06,1.1495114342905936e-12,4.167459604661961e-13,-0.033048913627098164,-0.036456126584618755,-2.903089418136832e-06,-6.639573027253579e-09,-2.7171767513722406e-12,2.71717675137328e-12,2.5441261886376287e-06,-7.167602298614669e-15,7.167602299292294e-15,6.711114655473964e-09,-1.795462640671612e-12,1.7954626406715658e-12,3.93533474189545e-06,-1.7954626406716153e-12,1.795462640671569e-12,3.93533474189545e-06,3.5909252813431938e-12,2.7243443536724814e-12,-0.17786748922644835,-0.12558872815645775,-1.0414795672428529e-05,-6.711114655473964e-09
22,22,-1.777659392934158e-12,119991450.57496059,129.99992875479134,-0.039209293698871765,120130.1525232101,337.7426460949077,-0.0339633023818703,229892.0034332595,429.4518839690201,-0.03920929370018122,0.03920929370018122,-0.0339633023823385,0.0339633023823385,-4.611134954336567e-13,4.611134954336436e-13,88.0,88,3.9807005833889636e-07,4.317462671788464e-07,0.0,-7.091194336311253e-15,7.091194336311253e-15,88.0,88,6.1216862465344294e-09,6.639572935503719e-09,0.0,-8.888296964670577e-13,8.88829696467079e-13,206.0,206,1.7962003804024613e-06,1.9481565947965957e-06,0.0,-8.888296964670577e-13,8.888296964670789e-13,206.0,206,1.7962003804024613e-06,1.9481565947965957e-06,0.0,1.7776593929341913e-12,206.0,129.99992875479134,337.7426460949077,4.638475331238498e-09,4.6366976718455645e-09,4.682046897709717e-13,88.0,337.7426460949077,429.4518839690201,4.927200449084586e-09,4.926732244394824e-09,0.0,-6.639572935503719e-09,-4.328059456772038e-06,3.221250622666672e-07,4.650184519038705e-06,0,0,-0.6359999800016399,119971411.01340678,129.99976175844506,0.5390540241216517,119262.31375951268,337.6946585942377,-0.13549600722602878,229288.59911280303,429.4276906847888,-0.09694594588410142,0.09694594588410142,-0.13549601722191557,0.13549601722191557,-9.99587962042057e-09,9.99587962042057e-09,88.0,88,0.008629242958716669,0.00935926568190528,0.0,-7.167607126971024e-15,7.167607126971024e-15,88.0,88,6.1876518806680475e-09,6.7111191764295534e-09,0.0,-0.31799999000081997,0.31799999000081997,217.2854376902822,206,677839.2843958971,735183.6056354633,1.0,-0.31799999000081997,0.31799999000081997,217.2854376902822,206,677839.2843958971,735183.6056354633,1.0,0.6359999800016399,217.2854376902822,129.99976175844506,337.6946585942377,0.6359999800016399,0.0,9.995886788027696e-09,88.0,337.6946585942377,429.4276906847888,1.150719590510869e-08,1.5113091170809922e-09,0.0,-6.7111191764295534e-09,-1470367.2206301922,5.435699243054637e-07,1470367.2206307359,0,0,-4.61113495433646e-13,4.611134954331353e-13,4.317462671788464e-07,-7.091194336311253e-15,7.091194337835912e-15,6.639572935503719e-09,-8.888296964670706e-13,8.888296964671867e-13,1.9481565947965957e-06,-8.888296964670706e-13,8.888296964671867e-13,1.9481565947965957e-06,1.7776593929341913e-12,4.682046897709717e-13,-0.0339633023823385,-0.03920929370018122,-4.328059456772038e-06,-6.639572935503719e-09,-9.99587962042057e-09,9.995879620420578e-09,0.00935926568190528,-7.167607126971024e-15,7.167607125788883e-15,6.7111191764295534e-09,-0.31799999000081997,0.31799999000081997,735183.6056354633,-0.31799999000081997,0.31799999000081997,735183.6056354633,0.6359999800016399,9.995886788027696e-09,-0.13549601722191557,-0.09694594588410142,-1470367.2206301922,-6.7111191764295534e-09
23,23,-9.596809409651538e-12,119991450.57496056,129.99992875479134,-0.03615381200272159,120000.0,337.7354491913572,-0.03389048082198929,229770.0,429.44699219210224,-0.03615381201174397,0.03615381201174397,-0.033890480822563726,0.033890480822563726,-5.673430640809756e-13,5.673430640809497e-13,88.0,88,4.897759203583309e-07,5.312103257682548e-07,0.0,-7.0911943369217606e-15,7.0911943369217606e-15,88.0,88,6.121686247230225e-09,6.639572936258378e-09,0.0,-4.7984047048257835e-12,4.798404704825769e-12,206.0,206,9.696904131794203e-06,1.0517249600644472e-05,0.0,-4.7984047048257835e-12,4.798404704825769e-12,206.0,206,9.696904131794203e-06,1.0517249600644474e-05,0.0,9.596809409651514e-12,206.0,129.99992875479134,337.7354491913572,4.635988230914734e-09,4.6263914215050815e-09,5.744342584180671e-13,88.0,337.7354491913572,429.44699219210224,4.927051676422696e-09,4.926477242164278e-09,0.0,-6.639572936258378e-09,-2.15657095270572e-05,4.723215261703451e-07,2.2038031053227543e-05,0,0,-0.5624616279118454,119969386.1515463,129.99974488459623,0.204912511246533,120000.0,337.7354491913572,0.13372183041586422,229770.0,429.44699219210224,-0.08356916459683643,0.08356916459683643,-0.14025812165261167,0.14025812165261167,-0.2739799520684689,0.2739799520684689,90.0875580431067,88,242132.23322758084,262616.3050190682,1.0,-6.996631191044041e-15,6.996631191044041e-15,90.0875580431067,88,6.183335395772126e-09,6.7064375225294215e-09,0.0,-0.5624616195032185,0.5624616195032185,214.8265300121635,206,1185358.7610122322,1285638.5694275836,1.0,-8.408626846702003e-09,8.408626846702003e-09,214.8265300121635,206,0.017720746012188735,0.019219898060942226,0.0,0.5624616279118454,214.8265300121635,129.99974488459623,337.7354491913572,0.5624616279118454,0.0,0.2739799520684759,90.0875580431067,337.7354491913572,429.44699219210224,0.2739799520684759,0.0,0.0,-6.7064375225294215e-09,-1548254.8936665503,5.438031831645058e-07,1548254.8936670942,0,0,-5.673430640809542e-13,5.673430640812038e-13,5.312103257682548e-07,-7.0911943369217606e-15,7.091194337260573e-15,6.639572936258378e-09,-4.7984047048257835e-12,4.798404704825903e-12,1.0517249600644472e-05,-4.7984047048257835e-12,4.7984047048256914e-12,1.0517249600644472e-05,9.596809409651514e-12,5.744342584180671e-13,-0.033890480822563726,-0.03615381201174397,-2.15657095270572e-05,-6.639572936258378e-09,-0.2739799520684689,0.2739799520684689,262616.3050190682,-6.996631191044041e-15,6.996631191044041e-15,6.7064375225294215e-09,-0.5624616195032185,0.5624616195032185,1285638.5694275836,-8.408626846702003e-09,8.408626846702003e-09,0.019219898060942226,0.5624616279118454,0.2739799520684759,-0.14025812165261167,-0.08356916459683643,-1548254.8936665503,-6.7064375225294215e-09
