,t,B0w.Q,B0w.W,B0w.z,B1w.Q,B1w.W,B1w.z,B4w.Q,B4w.W,B4w.z,Irrigation1w.Qin,Irrigation1w.Qout,Irrigation4w.Qin,Irrigation4w.Qout,Pump4w.Qin,Pump4w.Qout,Pump4w.H,Pump4w.Hfix,Pump4w.Ph,Pump4w.Pe,Pump4w.PumpOn,Pump5w.Qin,Pump5w.Qout,Pump5w.H,Pump5w.Hfix,Pump5w.Ph,Pump5w.Pe,Pump5w.PumpOn,Pump7w.Qin,Pump7w.Qout,Pump7w.H,Pump7w.Hfix,Pump7w.Ph,Pump7w.Pe,Pump7w.PumpOn,Pump8w.Qin,Pump8w.Qout,Pump8w.H,Pump8w.Hfix,Pump8w.Ph,Pump8w.Pe,Pump8w.PumpOn,Turb2w.Qin,Turb2w.Qout,Turb2w.H,Turb2w.Ph,Turb2w.Pe,Pipe0w.Q,Pipe0w.H,Pipe0w.zlow,Pipe0w.zhigh,Pipe0w.Qp,Pipe0w.Qn,Pipe2w.Q,Pipe2w.H,Pipe2w.zlow,Pipe2w.zhigh,Pipe2w.Qp,Pipe2w.Qn,PVw.forecast,PVw.P,Gridw.P,Gridw.Psell,Gridw.Pbuy,EBgw.P_bal,B0s.Q,B0s.W,B0s.z,B1s.Q,B1s.W,B1s.z,B4s.Q,B4s.W,B4s.z,Irrigation1s.Qin,Irrigation1s.Qout,Irrigation4s.Qin,Irrigation4s.Qout,Pump4s.Qin,Pump4s.Qout,Pump4s.H,Pump4s.Hfix,Pump4s.Ph,Pump4s.Pe,Pump4s.PumpOn,Pump5s.Qin,Pump5s.Qout,Pump5s.H,Pump5s.Hfix,Pump5s.Ph,Pump5s.Pe,Pump5s.PumpOn,Pump7s.Qin,Pump7s.Qout,Pump7s.H,Pump7s.Hfix,Pump7s.Ph,Pump7s.Pe,Pump7s.PumpOn,Pump8s.Qin,Pump8s.Qout,Pump8s.H,Pump8s.Hfix,Pump8s.Ph,Pump8s.Pe,Pump8s.PumpOn,Turb2s.Qin,Turb2s.Qout,Turb2s.H,Turb2s.Ph,Turb2s.Pe,Pipe0s.Q,Pipe0s.H,Pipe0s.zlow,Pipe0s.zhigh,Pipe0s.Qp,Pipe0s.Qn,Pipe2s.Q,Pipe2s.H,Pipe2s.zlow,Pipe2s.zhigh,Pipe2s.Qp,Pipe2s.Qn,PVs.forecast,PVs.P,Grids.P,Grids.Psell,Grids.Pbuy,EBgs.P_bal,p4r1w_expanded.Q,p4c2_Qw_expanded.Q,p4ebw_expanded.P,p5r1w_expanded.Q,p5c0_Qw_expanded.Q,p5ebw_expanded.P,p7r0w_expanded.Q,p7c0_Qw_expanded.Q,p7ebw_expanded.P,p8r0w_expanded.Q,p8c2_Qw_expanded.Q,p8ebw_expanded.P,t2r1w_expanded.Q,t2c2_Qw_expanded.Q,t2ebw_expanded.P,c0r1_Qw_expanded.Q,c2r4_Qw_expanded.Q,r4i4w_expanded.Q,r1i1w_expanded.Q,gridebw_expanded.P,pvebw_expanded.P,p4r1s_expanded.Q,p4c2_Qs_expanded.Q,p4ebs_expanded.P,p5r1s_expanded.Q,p5c2_Qs_expanded.Q,p5ebs_expanded.P,p7r0s_expanded.Q,p7c0_Qs_expanded.Q,p7ebs_expanded.P,p8r0s_expanded.Q,p8c0_Qs_expanded.Q,p8ebs_expanded.P,t2r1s_expanded.Q,t2c2_Qs_expanded.Q,t2ebs_expanded.P,c0r1_Qs_expanded.Q,c2r4_Qs_expanded.Q,r4i4s_expanded.Q,r1i1s_expanded.Q,gridebs_expanded.P,pvebs_expanded.P
0,0,-1.5051156657432103e-08,119999999.99994582,129.99999999999955,-0.04283392090652085,119845.79788473652,337.72692258845115,-0.03306573581057675,229880.9633510819,429.451441320804,-0.04283394667047635,0.04283394667047635,-0.03306572547292994,0.03306572547292994,-8.444639485664725e-09,8.390077428090012e-09,87.99999999999999,88,0.0072430055089075665,0.00785575434805609,0.0,-8.444639485664726e-09,8.390077428090012e-09,87.99999999999999,88,0.007243005508907567,0.007855754348056092,0.0,-7.49143734286566e-09,7.424340000727941e-09,206.0000000000001,206,0.015003617640391338,0.016272904165283545,0.0,-7.49143734286566e-09,7.424340000727941e-09,206.0000000000001,206,0.015003617640391336,0.016272904165283545,0.0,-2.7710074514015504e-08,2.7766265764386275e-08,87.99999999999999,-0.023921555772924593,-0.016745089041047247,1.491482478498679e-08,206.0000000000001,129.99999999999955,337.72692258845115,1.6189315143959445e-07,1.4697749431959778e-07,-1.0337646681169666e-08,87.99999999999999,337.72692258845115,429.451441320804,7.839755147328872e-09,1.8033257449300526e-08,0.0,0.0,-0.0315122279471164,2500000.009243881,2500000.040756109,0,-6.0236188459554425e-09,119999999.99997832,129.9999999999998,-0.1002453695844433,119639.116669496,337.7154940658157,-0.13486701438897283,229514.4787481997,429.4367472494105,-0.10024548564043212,0.10024548564043212,-0.1348669041553222,0.1348669041553222,-7.348063831080772e-09,7.279495708561633e-09,87.99999999999964,88,0.0062842723852612956,0.006815913649958263,0.0,-7.348063831080772e-09,7.279495708561633e-09,87.99999999999964,88,0.0062842723852612956,0.006815913649958263,0.0,-2.989507776436534e-09,2.947382266044867e-09,206.00000000000003,206,0.005956455102250301,0.006460363451464848,0.0,-2.9895077764365328e-09,2.9473822660448655e-09,206.00000000000003,206,0.005956455102250296,0.006460363451464842,0.0,-1.2488404994395444e-07,1.2488824525569806e-07,87.99999999999964,-0.1078099025297337,-0.0754669317708136,5.931515292601123e-09,206.00000000000003,129.9999999999998,337.7154940658157,1.5707284748180448e-07,1.5114072206321882e-07,-1.1023365067322338e-07,87.99999999999964,337.7154940658157,429.4367472494105,1.913300221929734e-09,1.1213977923052117e-07,0.0,0.0,0.04891437760648267,2500000.049457184,2500000.000542806,0,-8.47257707010992e-09,8.55647837731044e-09,0.00785575434805617,-8.472577070109921e-09,8.55647837731044e-09,0.007855754348056172,-7.525578328716052e-09,7.456996217197832e-09,0.016272904165283594,-7.525578328716052e-09,7.456996217197832e-09,0.016272904165283594,2.7794284811401072e-08,-2.7594747772241915e-08,-0.016745089041047264,1.4914824800568063e-08,-1.0337646723916307e-08,-0.033065725472929984,-0.04283394667047634,-0.0315122279471164,-3.851586160515879e-11,-7.382934402409075e-09,7.319078991817146e-09,0.006815913649958385,-7.382934402409075e-09,7.319078991817146e-09,0.006815913649958384,-3.011809422977723e-09,2.965452575541863e-09,0.006460363451465005,-3.0118094229777216e-09,2.9654525755418615e-09,0.006460363451464999,1.2489034229078268e-07,-1.2487898033372253e-07,-0.0754669317708136,5.931515308133977e-09,-1.1023365066099045e-07,-0.1348669041553222,-0.1002454856404321,0.04891437760648267,-3.851586160515873e-11
1,1,-1.416056125874458e-08,119999999.99989484,129.99999999999912,-0.04191145607734406,119694.91664285808,337.7185795482476,-0.03338017347375285,229760.7947265764,429.44662320202394,-0.04191148545488257,0.04191148545488257,-0.033380158476012556,0.033380158476012556,-8.31207231602342e-09,8.255709603370417e-09,87.99999999999999,88,0.007127009617331745,0.0077299453550237545,0.0,-8.31207231602342e-09,8.255709603370417e-09,87.99999999999999,88,0.007127009617331745,0.007729945355023755,0.0,-7.0433650392954155e-09,6.970667171346757e-09,206.0000000000001,206,0.014086818846892567,0.015278545387085328,0.0,-7.0433650392954155e-09,6.970667171346757e-09,206.0000000000001,206,0.014086818846892567,0.01527854538708533,0.0,-3.197749830643988e-08,3.202324217176622e-08,87.99999999999999,-0.027605536356157253,-0.019323875449310097,1.4013278155364686e-08,206.0000000000001,129.99999999999912,337.7185795482476,1.6142550597188744e-07,1.4741138075668052e-07,-1.4997740164669832e-08,87.99999999999999,337.7185795482476,429.44662320202394,6.995580814573449e-09,2.188234385021303e-08,0.0,0.0,-0.02669310599639249,2500000.011653442,2500000.038346548,0,-6.084701601729084e-09,119999999.99995641,129.99999999999963,-0.09564154760683852,119294.80709811139,337.6964553267335,-0.13139864876083737,229041.4436126607,429.41778107184507,-0.09564164959747024,0.09564164959747024,-0.13139855263780612,0.13139855263780612,-7.4028860364714464e-09,7.335037107253863e-09,87.99999999999973,88,0.006332219607275655,0.00686791714455084,0.0,-7.4028860364714464e-09,7.335037107253863e-09,87.99999999999973,88,0.006332219607275655,0.00686791714455084,0.0,-3.013326605450347e-09,2.9574053789729665e-09,206.00000000000006,206,0.00597672033315884,0.006482343094532694,0.0,-3.0133266054503453e-09,2.9574053789729644e-09,206.00000000000006,206,0.005976720333158837,0.006482343094532689,0.0,-1.1089103073488829e-07,1.1089628674860025e-07,87.99999999999973,-0.0957300088934575,-0.06701100622542024,5.966518753493494e-09,206.00000000000006,129.99999999999963,337.6964553267335,1.5708873682303198e-07,1.5112156453486446e-07,-9.612303129705387e-08,87.99999999999973,337.6964553267335,429.41778107184507,2.1523648518459566e-09,9.826625495293983e-08,0.0,0.0,0.04031048578576847,2500000.045155238,2500000.004844752,0,-8.34090039939461e-09,8.390577355398823e-09,0.0077299453550238395,-8.34090039939461e-09,8.390577355398823e-09,0.00772994535502384,-7.080280629372291e-09,7.006215539969242e-09,0.015278545387085386,-7.080280629372291e-09,7.006215539969242e-09,0.015278545387085386,3.204606110534908e-08,-3.188987196175737e-08,-0.019323875449310107,1.401327817094868e-08,-1.4997740207410188e-08,-0.0333801584760126,-0.041911485454882554,-0.02669310599639249,-3.851586160515874e-11,-7.437400437845919e-09,7.376175953846549e-09,0.006867917144550959,-7.437400437845919e-09,7.376175953846549e-09,0.006867917144550959,-3.0423508008645437e-09,2.9829326016427114e-09,0.006482343094532858,-3.0423508008645425e-09,2.9829326016427097e-09,0.0064823430945328536,1.1089891379363196e-07,-1.1088452441294537e-07,-0.06701100622542024,5.966518769027535e-09,-9.612303128481548e-08,-0.13139855263780612,-0.09564164959747022,0.04031048578576847,-3.851586160515878e-11
2,2,-1.3648646534734277e-08,119999999.99984571,129.99999999999872,-0.0400842382500104,119550.61338515805,337.71060024037934,-0.03346486937446128,229640.32119682836,429.4417928581753,-0.040084269794871466,0.040084269794871466,-0.03346485162461878,0.03346485162461878,-8.243263962336663e-09,8.185992020889517e-09,87.99999999999999,88,0.007066824419424328,0.007664668567705521,0.0,-8.243263962336665e-09,8.185992020889517e-09,87.99999999999999,88,0.007066824419424329,0.007664668567705521,0.0,-6.785609710472811e-09,6.7092808360926885e-09,206.0000000000001,206,0.013558600807867874,0.014705640789444675,0.0,-6.785609710472812e-09,6.709280836092689e-09,206.0000000000001,206,0.013558600807867876,0.014705640789444677,0.0,-3.45346140235688e-08,3.4575350857243734e-08,87.99999999999999,-0.029813042800674965,-0.02086912996047249,1.3494268413392952e-08,206.0000000000001,129.99999999999872,337.71060024037934,1.6115550497788714e-07,1.4766038060484946e-07,-1.7749842379685592e-08,87.99999999999999,337.71060024037934,429.4417928581753,6.562007892289425e-09,2.4215804941820093e-08,0.0,0.0,-0.023871488715312333,2500000.0130642503,2500000.036935739,0,-5.980485267381081e-09,119999999.99993488,129.99999999999946,-0.09473128210987876,118953.77448251582,337.6775977882667,-0.15269999213297472,228491.72364098197,429.3957402427168,-0.09473141010940546,0.09473141010940546,-0.15269986992584333,0.15269986992584333,-7.309243412732385e-09,7.240162421843126e-09,87.99999999999959,88,0.00625031714587376,0.006779085841511916,0.0,-7.309243412732386e-09,7.240162421843127e-09,87.99999999999959,88,0.006250317145873761,0.006779085841511917,0.0,-2.973011232981666e-09,2.9413015258259666e-09,206.00000000000003,206,0.0059441588797854335,0.006447026984583202,0.0,-2.973011232981668e-09,2.941301525825969e-09,206.00000000000003,206,0.0059441588797854395,0.006447026984583208,0.0,-1.3677494094969744e-07,1.3677846910148992e-07,87.99999999999959,-0.11807507092809279,-0.08265254964966494,5.908029865081889e-09,206.00000000000003,129.99999999999946,337.6775977882667,1.5705847944728831e-07,1.5114987221929105e-07,-1.222071314140156e-07,87.99999999999959,337.6775977882667,429.3957402427168,1.7507580753041178e-09,1.2395192782962954e-07,0.0,0.0,0.05620032403599001,2500000.053100157,2499999.996899833,0,-8.272541810401707e-09,8.306715043821722e-09,0.007664668567705609,-8.272541810401709e-09,8.306715043821722e-09,0.007664668567705609,-6.824323267367139e-09,6.746706219081304e-09,0.014705640789444738,-6.82432326736714e-09,6.7467062190813045e-09,0.01470564078944474,3.459567622379402e-08,-3.445931775474962e-08,-0.0208691299604725,1.3494268428978547e-08,-1.7749842422419933e-08,-0.03346485162461882,-0.04008426979487145,-0.023871488715312333,-3.851586160515873e-11,-7.344367974236723e-09,7.278826699158308e-09,0.006779085841512039,-7.344367974236724e-09,7.2788266991583085e-09,0.0067790858415120395,-2.9902426336905405e-09,2.953726243316919e-09,0.006447026984583353,-2.9902426336905413e-09,2.95372624331692e-09,0.006447026984583359,1.3678023273596375e-07,-1.3677074648426523e-07,-0.08265254964966494,5.9080298806145594e-09,-1.222071314017728e-07,-0.15269986992584333,-0.09473141010940545,0.05620032403599001,-3.851586160515869e-11
3,3,-1.3616552796816316e-08,119999999.99979669,129.99999999999832,-0.035751235806913834,119421.90893625315,337.7034834750464,-0.03024605863774106,229531.43538573247,429.43742711983487,-0.035751267490701934,0.035751267490701934,-0.03024604071263128,0.03024604071263128,-8.239093228661114e-09,8.181766686623937e-09,87.99999999999999,88,0.007063176808899444,0.007660712374077663,0.0,-8.239093228661114e-09,8.181766686623939e-09,87.99999999999999,88,0.007063176808899444,0.007660712374077663,0.0,-6.7694459250709584e-09,6.692880896427462e-09,206.0000000000001,206,0.013525459300249468,0.014669695553416037,0.0,-6.7694459250709584e-09,6.692880896427462e-09,206.0000000000001,206,0.013525459300249466,0.014669695553416035,0.0,-3.469824982797747e-08,3.4738693096790265e-08,87.99999999999999,-0.02995430629536092,-0.02096801440675266,1.3461711984651048e-08,206.0000000000001,129.99999999999832,337.7034834750464,1.611367483501818e-07,1.4767418029119317e-07,-1.7925109653431214e-08,87.99999999999999,337.7034834750464,429.43742711983487,6.535891825257365e-09,2.4365812602158013e-08,0.0,0.0,-0.02369280140971917,2500000.0131535945,2500000.0368463956,0,-5.816894257000991e-09,119999999.99991395,129.99999999999926,-0.08960973836856073,118631.179424389,337.6597597621085,-0.14575634044485172,227967.0008153805,429.37470166537804,-0.08960992548363095,0.08960992548363095,-0.14575615901306224,0.14575615901306224,-7.180452319740867e-09,7.109646811763215e-09,87.99999999999908,88,0.0061376469968861536,0.006656883944562246,0.0,-7.180452319740867e-09,7.109646811763215e-09,87.99999999999908,88,0.0061376469968861536,0.006656883944562246,0.0,-2.9097328482813024e-09,2.91614790606347e-09,206.00000000000006,206,0.005893296656221745,0.006391861883104101,0.0,-2.9097328482813024e-09,2.91614790606347e-09,206.00000000000006,206,0.0058932966562217455,0.006391861883104101,0.0,-1.957292096646536e-07,1.9573099171109532e-07,87.99999999999908,-0.1689691120640285,-0.11827837844481995,5.816049363637209e-09,206.00000000000006,129.99999999999926,337.6597597621085,1.5700990182161022e-07,1.5119338861177476e-07,-1.8143178949757742e-07,87.99999999999908,337.6597597621085,429.37470166537804,1.2687208661782644e-09,1.8269758520145402e-07,0.0,0.0,0.0921808868280026,2500000.0710904384,2499999.9789095516,0,-8.268398088286199e-09,8.30167967096014e-09,0.007660712374077751,-8.2683980882862e-09,8.30167967096014e-09,0.007660712374077751,-6.808276398408159e-09,6.730427947363665e-09,0.0146696955534161,-6.808276398408159e-09,6.730427947363665e-09,0.0146696955534161,3.4758872236602785e-08,-3.4623657829153464e-08,-0.020968014406752666,1.3461712000237172e-08,-1.792510969615981e-08,-0.03024604071263132,-0.03575126749070192,-0.02369280140971917,-3.851586160515878e-11,-7.2164309083964754e-09,7.146230817696092e-09,0.006656883944562374,-7.2164309083964754e-09,7.146230817696092e-09,0.006656883944562374,-2.9084471285004957e-09,2.907792750955107e-09,0.006391861883104228,-2.908447128500496e-09,2.9077927509551074e-09,0.006391861883104229,1.957318826259211e-07,-1.9572717630751724e-07,-0.11827837844481995,5.816049379165978e-09,-1.8143178948533138e-07,-0.14575615901306224,-0.08960992548363093,0.0921808868280026,-3.851586160515873e-11
4,4,-1.3191159316771894e-08,119999999.9997492,129.99999999999793,-0.0396583868094605,119279.1387437391,337.69558893864695,-0.03063773912602651,229421.1395248788,429.4330048460448,-0.03965842037616476,0.03965842037616476,-0.030637718839389223,0.030637718839389223,-8.18517359464666e-09,8.127145505011486e-09,87.99999999999999,88,0.007016023900504778,0.007609570391003192,0.0,-8.18517359464666e-09,8.127145505011486e-09,87.99999999999999,88,0.007016023900504778,0.007609570391003192,0.0,-6.555158237421086e-09,6.47537928557154e-09,206.0000000000001,206,0.013085925566775063,0.014192977838150964,0.0,-6.555158237421085e-09,6.47537928557154e-09,206.0000000000001,206,0.013085925566775061,0.014192977838150963,0.0,-3.691123172852227e-08,3.694797779710169e-08,87.99999999999999,-0.03186472904238094,-0.022305310329666667,1.3030040232682906e-08,206.0000000000001,129.99999999999793,337.69558893864695,1.6091094330355849e-07,1.4788003980911367e-07,-2.0286637157886116e-08,87.99999999999999,337.69558893864695,429.4330048460448,6.19954386177625e-09,2.6401590211878183e-08,0.0,0.0,-0.021299786090126088,2500000.014350102,2500000.0356498878,0,-5.76188465430442e-09,119999999.9998932,129.99999999999912,-0.10419000789582668,118256.09539596402,337.63901933679193,-0.13938028663229574,227465.23178350425,429.35458341233425,-0.10419022037720459,0.10419022037720459,-0.13938007979708222,0.13938007979708222,-7.144599639742294e-09,7.073307505201555e-09,87.9999999999988,88,0.006106276391737402,0.006622859427047334,0.0,-7.144599639742294e-09,7.073307505201555e-09,87.9999999999988,88,0.006106276391737403,0.006622859427047334,0.0,-2.887825386960245e-09,2.905792648367302e-09,206.00000000000003,206,0.005872360849033132,0.006369154933875657,0.0,-2.887825386960245e-09,2.9057926483673024e-09,206.00000000000003,206,0.005872360849033134,0.0063691549338756575,0.0,-2.2105825813080288e-07,2.210596750672398e-07,87.9999999999988,-0.19083517303498534,-0.13358462112448974,5.782632818196221e-09,206.00000000000003,129.99999999999912,337.63901933679193,1.569891165193145e-07,1.5120605391544557e-07,-2.0683521355087374e-07,87.9999999999988,337.63901933679193,429.35458341233425,1.160986539896397e-09,2.079938770874943e-07,0.0,0.0,0.10760059244115912,2500000.0788002913,2499999.9711996987,0,-8.214825541872493e-09,8.237048324839107e-09,0.007609570391003281,-8.214825541872493e-09,8.237048324839107e-09,0.007609570391003281,-6.595579658385948e-09,6.514588477667657e-09,0.014192977838151032,-6.595579658385947e-09,6.5145884776676565e-09,0.01419297783815103,3.6966315064182935e-08,-3.684532457262543e-08,-0.022305310329666674,1.3030040248268605e-08,-2.028663720060921e-08,-0.030637718839389264,-0.039658420376164745,-0.021299786090126088,-3.8515861605158623e-11,-7.180819212787286e-09,7.1095537557748776e-09,0.006622859427047463,-7.180819212787287e-09,7.1095537557748776e-09,0.006622859427047464,-2.8809423271522107e-09,2.8911015085005225e-09,0.006369154933875777,-2.8809423271522107e-09,2.8911015085005234e-09,0.006369154933875779,2.2106038347016267e-07,-2.2105664407794736e-07,-0.13358462112448974,5.782632833718688e-09,-2.068352135386257e-07,-0.13938007979708222,-0.10419022037720457,0.10760059244115912,-3.851586160515874e-11
5,5,-1.3204308299259562e-08,119999999.99970166,129.99999999999753,-0.045591190327980154,119115.01045855838,337.68651339774635,-0.030164003186989155,229312.5491134056,429.4286509516485,-0.045591223835223134,0.045591223835223134,-0.03016398297452661,0.03016398297452661,-8.186805022242256e-09,8.128798062041376e-09,87.99999999999999,88,0.007017450505863644,0.007611117685318665,0.0,-8.186805022242255e-09,8.128798062041375e-09,87.99999999999999,88,0.007017450505863642,0.007611117685318664,0.0,-6.561782976470887e-09,6.482105543717036e-09,206.0000000000001,206,0.013099518181914752,0.014207720370840431,0.0,-6.561782976470887e-09,6.482105543717035e-09,206.0000000000001,206,0.013099518181914752,0.014207720370840431,0.0,-3.684150392547207e-08,3.687835938366886e-08,87.99999999999999,-0.03180453443205445,-0.022263174102438128,1.3043384812082942e-08,206.0000000000001,129.99999999999753,337.68651339774635,1.609148007679011e-07,1.4787055380624313e-07,-2.021246241310992e-08,87.99999999999999,337.68651339774635,429.4286509516485,6.2097152270848836e-09,2.6337278505068583e-08,0.0,0.0,-0.02137450197136451,2500000.014312744,2500000.035687246,0,-5.9606062490100664e-09,119999999.99987175,129.99999999999892,-0.13150550448244788,117782.6755798272,337.61284139372884,-0.18071506473535606,226814.65755045696,429.32849886703,-0.13150563851104796,0.13150563851104796,-0.18071493648569056,0.18071493648569056,-7.291813117909597e-09,7.222500831971171e-09,87.99999999999953,88,0.006235070430054288,0.006762549273378,0.0,-7.291813117909597e-09,7.222500831971171e-09,87.99999999999953,88,0.006235070430054288,0.006762549273378,0.0,-2.965427342319639e-09,2.938560072267641e-09,206.00000000000003,206,0.005938615032225493,0.006441014134735104,0.0,-2.965427342319639e-09,2.938560072267641e-09,206.00000000000003,206,0.005938615032225493,0.006441014134735104,0.0,-1.4278056563489352e-07,1.4278381604490856e-07,87.99999999999953,-0.12325960661149181,-0.08628172462804426,5.897263570609917e-09,206.00000000000003,129.99999999999892,337.61284139372884,1.5704162509139771e-07,1.5114380249284532e-07,-1.2824966553903867e-07,87.99999999999953,337.61284139372884,429.32849886703,1.6798148404551444e-09,1.29924015206714e-07,0.0,0.0,0.05987459785033337,2500000.0549372938,2499999.9950626963,0,-8.21644651517948e-09,8.23899172594545e-09,0.0076111176853187554,-8.216446515179478e-09,8.238991725945449e-09,0.007611117685318754,-6.602154149629782e-09,6.521261323461868e-09,0.0142077203708405,-6.602154149629782e-09,6.521261323461868e-09,0.014207720370840499,3.689675115395855e-08,-3.6775344957409216e-08,-0.022263174102438135,1.3043384827667153e-08,-2.0212462455827754e-08,-0.030163982974526653,-0.04559122383522312,-0.02137450197136451,-3.8515861605158856e-11,-7.327052224356275e-09,7.260798795588692e-09,0.006762549273378124,-7.327052224356275e-09,7.260798795588692e-09,0.006762549273378123,-2.980303124505034e-09,2.9483522635770208e-09,0.006441014134735253,-2.9803031245050336e-09,2.9483522635770208e-09,0.006441014134735253,1.4278544087497198e-07,-1.4277672831524486e-07,-0.08628172462804426,5.897263586123289e-09,-1.282496655267897e-07,-0.18071493648569056,-0.13150563851104793,0.05987459785033337,-3.8515861605158804e-11
6,6,-1.44306211564144e-08,119999999.99964972,129.9999999999971,-0.07059571617127496,118860.86588034178,337.67246036897234,-0.02916860130659419,229207.54214870188,429.42444073429135,-0.07059574443626089,0.07059574443626089,-0.029168587734332556,0.029168587734332556,-8.350337704425635e-09,8.294487924514288e-09,87.99999999999999,88,0.007160485832526033,0.007766253614453566,0.0,-8.350337704425635e-09,8.294487924514288e-09,87.99999999999999,88,0.007160485832526034,0.007766253614453566,0.0,-7.1792877473209415e-09,7.1083923269612366e-09,206.0000000000001,206,0.014365138657230474,0.01558041069113945,0.0,-7.1792877473209415e-09,7.1083923269612366e-09,206.0000000000001,206,0.014365138657230474,0.015580410691139454,0.0,-3.06630325193406e-08,3.0711689648650453e-08,87.99999999999999,-0.02647078459491057,-0.01852954921643742,1.4286851036101925e-08,206.0000000000001,129.9999999999971,337.67246036897234,1.6155478918368536e-07,1.4726709911123505e-07,-1.3572261505969665e-08,87.99999999999999,337.67246036897234,429.42444073429135,7.238463307278236e-09,2.0690776062089174e-08,0.0,0.0,-0.028163779356233022,2500000.0109181055,2500000.0390818845,0,-7.561277943489323e-09,119999999.99984452,129.99999999999872,-0.174374559102476,117154.9271670583,337.578129787566,-0.285418036898934,225787.1526176208,429.28730141774696,-0.17437460219791667,0.17437460219791667,-0.2854180011941933,0.2854180011941933,-7.878211834668689e-09,7.816442860628121e-09,87.99999999999996,88,0.0067478030873927,0.007318658446196186,0.0,-7.878211834668689e-09,7.816442860628121e-09,87.99999999999996,88,0.0067478030873927,0.007318658446196187,0.0,-3.721043744550153e-09,3.602536223420667e-09,206.00000000000003,206,0.007280440203086443,0.007896355968640724,0.0,-3.721043744550153e-09,3.602536223420667e-09,206.00000000000003,206,0.007280440203086443,0.007896355968640722,0.0,-5.155857841465044e-08,5.157992209752712e-08,87.99999999999996,-0.04450948966172464,-0.031156642763207253,7.324291166353316e-09,206.00000000000003,129.99999999999872,337.578129787566,1.5773984507733803e-07,1.5041467146479105e-07,-3.5704740780376064e-08,87.99999999999996,337.578129787566,429.28730141774696,4.597558982663412e-09,4.025842152428848e-08,0.07357298277434086,-38033.55305282347,38033.5537794374,2519016.801889714,2480983.248110276,0,-8.378912091612983e-09,8.437871739562755e-09,0.00776625361445365,-8.378912091612984e-09,8.437871739562755e-09,0.00776625361445365,-7.2153105782072e-09,7.143005992086004e-09,0.015580410691139506,-7.215310578207201e-09,7.143005992086004e-09,0.01558041069113951,3.0735959020732715e-08,-3.056795369354108e-08,-0.018529549216437433,1.4286851051683434e-08,-1.357226154868248e-08,-0.029168587734332597,-0.07059574443626088,-0.028163779356233022,-3.8515861605158804e-11,-7.909715633248417e-09,7.888429579483428e-09,0.007318658446196287,-7.909715633248417e-09,7.888429579483428e-09,0.007318658446196288,-3.7806389717446625e-09,3.661704352329481e-09,0.007896355968640887,-3.780638971744663e-09,3.661704352329481e-09,0.007896355968640887,5.159058070241173e-08,-5.152547819034239e-08,-0.031156642763207253,7.324291181854036e-09,-3.570474076812759e-08,-0.2854180011941933,-0.17437460219791664,38033.5537794374,-38033.55305282347
7,7,-1.5525985571766537e-08,119999999.99959382,129.99999999999662,-0.08260263505645303,118563.49639413855,337.6560172011682,-0.02820706413799881,229105.99671780507,429.42036930591604,-0.08260265893665866,0.08260265893665866,-0.02820705626285339,0.02820705626285339,-8.52422565790163e-09,8.470779708186313e-09,88.0,88,0.007312673461933561,0.007931316119233953,0.0,-8.524225657901632e-09,8.470779708186315e-09,88.0,88,0.007312673461933565,0.007931316119233955,0.0,-7.730108429707588e-09,7.665546073614753e-09,206.0000000000001,206,0.015491056841661568,0.016801580088570123,0.0,-7.730108429707591e-09,7.665546073614755e-09,206.0000000000001,206,0.015491056841661573,0.016801580088570127,0.0,-2.5494574541266753e-08,2.5557492599890637e-08,88.0,-0.022008959741325818,-0.015406271818928115,1.5394570527250973e-08,206.0000000000001,129.99999999999662,337.6560172011682,1.621093155162117e-07,1.467139344895556e-07,-7.875145293748666e-09,88.0,337.6560172011682,429.42036930591604,8.349496356644136e-09,1.6057680991134855e-08,0.07477177315670108,-38653.26761195346,38653.23355243286,2519326.641776211,2480673.4082237785,0,-1.6574853551170484e-08,119999999.99978486,129.9999999999982,-0.46722356880939986,115472.92231934446,337.48512263908077,-0.03695103761754214,225654.12888219763,429.2819678778111,-0.19347358759004882,0.19347358759004882,-0.310701035304135,0.310701035304135,-0.273750008598495,0.273750008598495,90.08405530848911,88,241919.61207895758,262385.69639800175,1.0,-8.686189130963286e-09,8.627445804317904e-09,90.08405530848911,88,0.00762430760526604,0.0082693141054948,0.0,-8.256624667067458e-09,8.196259241093417e-09,206.0000000000001,206,0.016563546827719697,0.017964801331583267,0.0,-8.256624667067458e-09,8.196259241093417e-09,206.0000000000001,206,0.016563546827719697,0.017964801331583267,0.0,-1.95268866648214e-08,1.9605052089915144e-08,90.08405530848911,-0.0168571570106449,-0.011800009907451253,1.6451504346376467e-08,206.0000000000001,129.9999999999982,337.48512263908077,1.6256582992369892e-07,1.4611358023817626e-07,0.2737499976865928,90.08405530848911,337.48512263908077,429.2819678778111,0.2737499987103693,1.0237765015128768e-09,0.27945187048193765,-144462.6448564371,-117923.08394047148,2441038.4830297595,2558961.5669702305,0,-8.551611423788612e-09,8.658937079327372e-09,0.00793131611923403,-8.551611423788614e-09,8.658937079327373e-09,0.007931316119234033,-7.762992785883269e-09,7.696880006134455e-09,0.016801580088570172,-7.76299278588327e-09,7.696880006134457e-09,0.016801580088570175,2.5588857894816183e-08,-2.535998006895332e-08,-0.015406271818928138,1.539457054282789e-08,-7.8751453364567e-09,-0.02820705626285343,-0.08260265893665865,38653.23355243286,-38653.26761195346,-0.27375000859849496,0.273750008598495,262385.69639800175,-8.716184902267527e-09,8.654990363697628e-09,0.008269314105494889,-8.287426775585244e-09,8.225379495873477e-09,0.01796480133158331,-8.287426775585244e-09,8.225379495873477e-09,0.01796480133158331,1.9643824466093836e-08,-1.9566892573397413e-08,-0.011800009907451166,1.6451504361859775e-08,0.2737499976865928,-0.310701035304135,-0.1934735875900488,-117923.08394047148,-144462.6448564371
8,8,-1.6355919056572644e-08,119999999.99953493,129.9999999999961,-0.10918019361754946,118170.44769711536,337.63428341212733,-0.029600516272155094,228999.43485922532,429.4160967456353,-0.10918021420476628,0.10918021420476628,-0.02960051275387489,0.02960051275387489,-8.684464562483047e-09,8.633352380199865e-09,88.0,88,0.007453017731868432,0.008083533331744646,0.0,-8.684464562483046e-09,8.633352380199864e-09,88.0,88,0.007453017731868431,0.008083533331744644,0.0,-8.1468119667225e-09,8.085750718545699e-09,206.0000000000001,206,0.0163402256921439,0.017722587518594336,0.0,-8.1468119667225e-09,8.085750718545699e-09,206.0000000000001,206,0.0163402256921439,0.017722587518594336,0.0,-2.166149910124452e-08,2.173878542463492e-08,88.0,-0.01869994438810105,-0.013089961071670805,1.6231317300464212e-08,206.0000000000001,129.9999999999961,337.63428341212733,1.625206332479631e-07,1.4628853121428082e-07,-3.518280076605048e-09,88.0,337.63428341212733,429.4160967456353,9.375384171898962e-09,1.2673967886507302e-08,0.2358591708815945,-121927.39865786403,121927.3601355834,2560963.7050677864,2439036.3449322027,0,-0.7310485392960915,119997368.22504339,129.99997806854202,-0.14309283166617168,114957.78812534624,337.4566380823709,0.2876271696084509,226689.58669278809,429.32348419493366,-0.2565204265537426,0.2565204265537426,-0.32999377483322556,0.32999377483322556,-0.3088104808932647,0.3088104808932647,98.60828110304094,88,298726.9656404602,323998.8781349894,1.0,-0.3088104808932091,0.30881048089320917,98.60828110304094,88,298726.9656404065,323998.87813493115,1.0,-8.81191198236236e-09,8.753271970709458e-09,220.9106518749052,206,0.018969564411801518,0.02057436487180215,0.0,-0.7310485304542355,0.7310485304542355,220.9106518749052,206,1584279.7567395475,1718307.7621903988,1.0,-1.7295486256149285e-08,1.7391486169141504e-08,98.60828110304094,-0.014930830496536861,-0.010451581347575586,0.7310485392350001,220.9106518749052,129.99997806854202,337.4566380823709,0.7310485393203932,8.539302249209598e-11,0.6176209444416765,98.60828110304094,337.4566380823709,429.32348419493366,0.6176209445746705,1.3299412924594786e-10,0.4971078908988494,-256979.92537850497,-2109325.603204598,1445337.2233976894,3554662.8266022876,0,-8.71069679692354e-09,8.871926617282441e-09,0.008083533331744717,-8.710696796923539e-09,8.87192661728244e-09,0.008083533331744717,-8.177959528286322e-09,8.11526627583802e-09,0.017722587518594377,-8.177959528286324e-09,8.115266275838022e-09,0.017722587518594377,2.1777293060037425e-08,-2.148182963046316e-08,-0.01308996107167084,1.6231317316034326e-08,-3.5182801193085226e-09,-0.02960051275387493,-0.10918021420476627,121927.3601355834,-121927.39865786403,-0.3088104808932647,0.30881048089326474,323998.8781349894,-0.3088104808932091,0.30881048089320917,323998.87813493115,-8.841856008774035e-09,8.780764705964762e-09,0.020574364871802187,-0.7310485304542355,0.7310485304542355,1718307.7621903988,1.74390445449704e-08,-1.7344797382768206e-08,-0.010451581347575479,0.7310485392350001,0.6176209444416765,-0.32999377483322556,-0.2565204265537426,-2109325.603204598,-256979.92537850497
9,9,-0.3180000287618891,119998855.1994314,129.99999045999527,0.2001592891085912,118891.0211379063,337.67412781631754,-0.034170920265848545,228876.41954626827,429.4111644898819,-0.11784073596654658,0.11784073596654658,-0.034170925478019726,0.034170925478019726,-9.102600546568322e-09,9.057960888579271e-09,88.0,88,0.007819569819335107,0.008481095248736668,0.0,-9.102600546568322e-09,9.057960888579271e-09,88.0,88,0.007819569819335105,0.008481095248736668,0.0,-8.735541325501986e-09,8.676860729903359e-09,208.82136012220965,206,0.017774927266021742,0.019278662978331685,0.0,-0.3180000199963833,0.3180000199963833,208.82136012220965,206,651434.9795733846,706545.5309906559,1.0,-1.4451554449598321e-08,1.456781136639936e-08,88.0,-0.012475751652768746,-0.008733026156938297,0.3180000287007569,208.82136012220965,129.99999045999527,337.67412781631754,0.318000029429545,7.287881034626224e-10,5.2121713065134615e-09,88.0,337.67412781631754,429.4111644898819,1.1963853238986726e-08,6.355305651674606e-09,0.3846877203897489,-198864.31796231275,-507681.2405361705,2246159.404731904,2753840.6452680747,0,-0.9392011051650353,119993987.10106479,129.99994989250885,-0.07338795972983717,114693.59147031883,337.4420292198834,0.4262801979522703,228224.19540541625,429.3850137921039,-0.2722220828356481,0.2722220828356481,-0.31408678420027886,0.31408678420027886,-0.3701834997969721,0.3701834997969722,103.24386429375949,88,374930.1069150781,406648.70598164655,1.0,-0.3701834997969117,0.3701834997969117,103.24386429375949,88,374930.1069150169,406648.7059815802,1.0,-0.4696005525825176,0.4696005525825176,230.61055417717486,206,1062372.4164317565,1152247.740164595,1.0,-0.46960055258251765,0.46960055258251765,230.61055417717486,206,1062372.4164317565,1152247.740164595,1.0,-1.739252064247945e-08,1.7487569338117294e-08,103.24386429375949,-0.015014598510753445,-0.010510218957527198,0.9392011051650353,230.61055417717486,129.99994989250885,337.4420292198834,0.9392011052100466,4.501139308400124e-11,0.7403669821525491,103.24386429375949,337.4420292198834,429.3850137921039,0.7403669822351725,8.26233715624309e-11,0.6902159686444646,-356807.14700588206,-2760985.7347763153,1119507.1576118297,3880492.892388145,0,-9.125634856195732e-09,9.466251462135641e-09,0.008481095248736723,-9.125634856195732e-09,9.466251462135641e-09,0.008481095248736723,-8.765505780395474e-09,8.704373621110264e-09,0.019278662978331723,-0.3180000199963833,0.3180000199963833,706545.5309906559,1.4625650560571244e-08,-1.4116707855857324e-08,-0.008733026156938384,0.31800002870075694,5.212171263814306e-09,-0.03417092547801977,-0.11784073596654657,-507681.2405361705,-198864.31796231275,-0.3701834997969721,0.3701834997969722,406648.70598164655,-0.3701834997969117,0.37018349979691173,406648.7059815802,-0.4696005525825176,0.4696005525825176,1152247.740164595,-0.46960055258251765,0.46960055258251765,1152247.740164595,1.7534659343114186e-08,-1.74413347285017e-08,-0.01051021895752709,0.9392011051650353,0.7403669821525491,-0.31408678420027886,-0.2722220828356481,-2760985.7347763153,-356807.14700588206
10,10,-0.4137729989551566,119997365.61663516,129.9999780468053,0.008653032168369598,118922.17205371243,337.67585031899387,0.23190624909353819,229711.28204300502,429.4446380083717,-0.10455218725669659,0.10455218725669659,-0.0686615304073911,0.0686615304073911,-0.3005677881976499,0.3005677881976499,90.51238294784552,88,266882.09718937083,289459.97525962134,1.0,-8.811911236909793e-09,8.753271247158658e-09,90.51238294784552,88,0.007772283401777818,0.008429808461798246,0.0,-0.4137729901133007,0.4137729901133007,210.7767058485171,206,855566.4737649428,927946.2839099164,1.0,-8.811911888814996e-09,8.753271880491722e-09,210.7767058485171,206,0.01809936415715383,0.019630546808192956,0.0,-1.7428834120199855e-08,1.7523569916455725e-08,90.51238294784552,-0.015045947265449925,-0.010532163085814734,0.4137729988940653,210.7767058485171,129.9999780468053,337.67585031899387,0.4137729992748782,3.808129058842364e-10,0.30056777950092944,90.51238294784552,337.67585031899387,429.4446380083717,0.3005677803314489,8.305194539319917e-10,0.5137134929205837,-265564.1916916891,-951842.085006041,2024078.9824969093,2975921.0675029503,0,-1.0149575442339174,119990333.25390555,129.99991944378255,-0.006452863585858423,114670.36116140973,337.4407446904167,0.5153396570059372,230079.41817063763,429.45939829706987,-0.23456823461458334,0.23456823461458334,-0.2715025162922561,0.2715025162922561,-0.3934210953877149,0.39342109538771497,105.21774404706659,88,406083.7739499396,440437.9327005853,1.0,-0.39342109538733294,0.39342109538733294,105.21774404706659,88,406083.77394954534,440437.93270015763,1.0,-0.5074787721169586,0.5074787721169586,234.74087298516883,206,1168626.1579840104,1267490.4099609659,1.0,-0.5074787721169588,0.5074787721169588,234.74087298516883,206,1168626.157984011,1267490.4099609666,1.0,-1.742821511969697e-08,1.7522929769728937e-08,105.21774404706659,-0.015045412898484286,-0.010531789028938787,1.0149575442339174,234.74087298516883,129.99991944378255,337.4407446904167,1.0149575442710488,3.7131508624760725e-11,0.7868421732981933,105.21774404706659,337.4407446904167,429.45939829706987,0.7868421733687633,7.057008061438787e-11,0.8271725442451721,-427606.8494019003,-2988249.825388986,1005875.1123055005,3994124.9376944867,0,-0.3005677881976499,0.3005677881976499,289459.97525962134,-8.841855245135528e-09,8.78076395769888e-09,0.008429808461798334,-0.41377299011330076,0.41377299011330076,927946.2839099164,-8.841855913600798e-09,8.78076460827794e-09,0.019630546808192994,1.7570505932318342e-08,-1.7477484390986683e-08,-0.010532163085814629,0.4137729988940653,0.3005677795009294,-0.06866153040739115,-0.10455218725669657,-951842.085006041,-265564.1916916891,-0.3934210953877149,0.39342109538771497,440437.9327005853,-0.39342109538733294,0.393421095387333,440437.93270015763,-0.5074787721169586,0.5074787721169586,1267490.4099609659,-0.5074787721169588,0.5074787721169588,1267490.4099609666,1.7569855328415622e-08,-1.747685457287394e-08,-0.010531789028938681,1.0149575442339174,0.7868421732981933,-0.2715025162922561,-0.23456823461458332,-2988249.825388986,-427606.8494019003
11,11,-0.4651694939906666,119995691.00645679,129.99996409172047,0.04704998720852544,119091.55200766312,337.6852162530748,0.2543965994649038,230627.10980107865,429.48135780056884,-0.08646839796549013,0.08646839796549013,-0.07725450932234389,0.07725450932234389,-8.811911273970161e-09,8.753271279751781e-09,91.05889026802956,88,0.007819211917097986,0.00848070706843617,0.0,-0.3316511175034096,0.3316511175034096,91.05889026802956,88,296259.8684440811,321323.0677267691,1.0,-8.811911905537455e-09,8.753271896591006e-09,212.03707616780588,206,0.018207592005066435,0.019747930591178423,0.0,-0.4651694851488107,0.4651694851488107,212.03707616780588,206,967591.471799221,1049448.450975294,1.0,-1.744840509069801e-08,1.7542891900352485e-08,91.05889026802956,-0.015062842537021595,-0.010543989775914904,0.4651694939295753,212.03707616780588,129.99996409172047,337.6852162530748,0.46516949421076276,2.811874941949338e-10,0.3316511087872478,91.05889026802956,337.6852162530748,429.48135780056884,0.33165110944684534,6.595974744975371e-10,0.6112149495870927,-315967.5702000956,-1054803.9661866156,1972598.0419066357,3027402.0080932514,0,-1.0748247727307796,119986463.88472372,129.99988719903936,0.03814369747909834,114807.67847233449,337.4483377074904,0.5900398575964606,232203.5616579849,429.54456508390797,-0.21260345150928933,0.21260345150928933,-0.23403776623868,0.23403776623868,-0.41203882066993125,0.41203882066993125,106.88588029911378,88,432043.5055548471,468593.82381219865,1.0,-0.41203882066990516,0.41203882066990516,106.88588029911378,88,432043.50555481977,468593.8238121689,1.0,-0.5374123863653898,0.5374123863653898,238.23142735084957,206,1255959.7800213585,1362212.3427563543,1.0,-0.5374123863653897,0.5374123863653897,238.23142735084957,206,1255959.7800213583,1362212.342756354,1.0,-1.7456192331900814e-08,1.755064698329626e-08,106.88588029911378,-0.01506956511249775,-0.010548695578748213,1.0748247727307796,238.23142735084957,129.99988719903936,337.4483377074904,1.0748247727630516,3.2272012463357725e-11,0.8240776238351405,106.88588029911378,337.4483377074904,429.54456508390797,0.8240776238978059,6.266546409682487e-11,0.9073690875066988,-469064.45279740926,-3192547.8697909703,903726.0901045164,4096273.9598954865,0,-8.84185528438886e-09,8.780763997501147e-09,0.008480707068436259,-0.3316511175034096,0.3316511175034096,321323.0677267691,-8.841855930627505e-09,8.780764626033836e-09,0.01974793059117846,-0.4651694851488107,0.4651694851488107,1049448.450975294,1.7589705130172205e-08,-1.7496925818567595e-08,-0.010543989775914798,0.4651694939295753,0.33165110878724774,-0.07725450932234393,-0.08646839796549012,-1054803.9661866156,-315967.5702000956,-0.41203882066993125,0.41203882066993125,468593.82381219865,-0.41203882066990516,0.41203882066990516,468593.8238121689,-0.5374123863653898,0.5374123863653898,1362212.3427563543,-0.5374123863653897,0.5374123863653897,1362212.342756354,1.7597444546376165e-08,-1.7504695868271897e-08,-0.010548695578748107,1.0748247727307796,0.8240776238351405,-0.23403776623868,-0.2126034515092893,-3192547.8697909703,-469064.45279740926
12,12,-0.4765976424088149,119993975.25494412,129.99994979379122,0.3921433946821075,120503.2682285187,337.76327768098963,-0.06668488667610573,230387.0442090447,429.4717324549998,-0.08445424222702769,0.08445424222702769,-0.06668489337464388,0.06668489337464388,-9.217398093916173e-09,9.1682973438844e-09,88.0,88,0.007914824879493973,0.008584408763008785,0.0,-9.217398093916173e-09,9.1682973438844e-09,88.0,88,0.007914824879493973,0.008584408763008785,0.0,-0.476597633566959,0.476597633566959,212.33735423110764,206,992766.9041407113,1076753.6921265852,1.0,-8.811911908719086e-09,8.753271899688412e-09,212.33735423110764,206,0.01823337684481443,0.019775896794809653,0.0,-1.2947790941273264e-08,1.3013832245398494e-08,88.0,-0.011177585494570269,-0.007824309846199399,0.4765976423477236,212.33735423110764,129.99994979379122,337.76327768098963,0.47659764261159177,2.638681685808995e-10,6.698538285044636e-09,88.0,337.76327768098963,429.4717324549998,1.12499079170042e-08,4.2239351652785035e-09,0.6484390389437005,-335210.56338080694,-741543.1578661826,2129228.4460669113,2870771.603933094,0,-1.1213935026986437,119982426.86811401,129.99985355723427,0.08557240604483338,115115.73913409589,337.46537204823557,0.6557326504280943,234564.19919952602,429.6392140167603,-0.18251025895222833,0.18251025895222833,-0.19757818736604332,0.19757818736604332,-0.4266554276602477,0.4266554276602477,108.2495563245147,88,453077.407934622,491407.1669572907,1.0,-0.4266554276600075,0.4266554276600075,108.2495563245147,88,453077.4079343669,491407.166957014,1.0,-0.5606967513493217,0.5606967513493217,241.08490252408524,206,1326071.8673337467,1438255.8214031958,1.0,-0.5606967513493221,0.5606967513493221,241.08490252408524,206,1326071.8673337472,1438255.8214031965,1.0,-1.7477718490182234e-08,1.7571973768315715e-08,108.2495563245147,-0.015088148249892429,-0.010561703774924488,1.121393502698644,241.08490252408524,129.99985355723427,337.46537204823557,1.1213935027277644,2.9120702099132275e-11,0.8533108377941375,108.2495563245147,337.46537204823557,429.6392140167603,0.8533108378514687,5.733111508140198e-11,0.9075888237412905,-469178.04539751075,-3390147.920761483,804926.0646192678,4195073.985380751,0,-9.242622848702144e-09,9.51368245677752e-09,0.008584408763008852,-9.242622848702144e-09,9.51368245677752e-09,0.008584408763008852,-0.476597633566959,0.476597633566959,1076753.6921265852,-8.84185593385015e-09,8.780764629340335e-09,0.01977589679480969,1.3046657208979022e-08,-1.2656261052510218e-08,-0.007824309846199504,0.47659764234772367,6.698538242363389e-09,-0.06668489337464392,-0.08445424222702767,-741543.1578661826,-335210.56338080694,-0.4266554276602477,0.4266554276602478,491407.1669572907,-0.4266554276600075,0.4266554276600075,491407.166957014,-0.5606967513493217,0.5606967513493217,1438255.8214031958,-0.5606967513493221,0.5606967513493221,1438255.8214031965,1.7618673178723074e-08,-1.752611780922839e-08,-0.010561703774924382,1.121393502698644,0.8533108377941375,-0.19757818736604332,-0.1825102589522283,-3390147.920761483,-469178.04539751075
13,13,-0.43746651666899394,119992400.37548411,129.99993666979572,0.061716134617782206,120725.44631314272,337.77556310937877,0.25645421543844477,231310.27938462308,429.50874924499936,-0.06092554717676036,0.06092554717676036,-0.058370619406725555,0.058370619406725555,-0.3148248435506394,0.31482484355063944,90.75637917029113,88,280294.87978912727,304007.4618103333,1.0,-8.811911258602414e-09,8.753271266089342e-09,90.75637917029113,88,0.007793235330761191,0.00845253289670429,0.0,-0.43746650782713803,0.43746650782713803,211.33941700102383,206,906972.9230394961,983701.6518866553,1.0,-8.811911897434112e-09,8.753271888784559e-09,211.33941700102383,206,0.01814768409846277,0.019682954553647335,0.0,-1.7437646706875564e-08,1.7532259303925613e-08,90.75637917029113,-0.01505355501710879,-0.01053748851197594,0.43746651660790264,211.33941700102383,129.99993666979572,337.77556310937877,0.4374665169378269,3.2992425748879173e-10,0.31482483484517043,90.75637917029113,337.77556310937877,429.50874924499936,0.3148248355912207,7.460502237116245e-10,0.6048769083203855,-312691.1197452339,-975018.0115497535,2012491.0192250616,2987509.030774815,0,-1.1264696036060262,119978371.57754102,129.99981976314618,0.12081989321043529,115550.69074965345,337.48942287635714,0.6962452689461489,237070.68216773216,429.739710570754,-0.1491393164504477,0.1491393164504477,-0.16026512509152888,0.16026512509152888,-0.4282552057829605,0.4282552057829605,108.40169563488554,88,455415.42252384307,493942.97453779075,1.0,-0.42825520578315485,0.42825520578315485,108.40169563488554,88,455415.42252404976,493942.9745380149,1.0,-0.5632348018030131,0.5632348018030131,241.4032521247787,206,1333833.4532066558,1446674.0273391062,1.0,-0.5632348018030131,0.5632348018030131,241.4032521247787,206,1333833.4532066558,1446674.0273391062,1.0,-1.7480049629891033e-08,1.7574283172671746e-08,108.40169563488554,-0.01509016068004716,-0.010563112476032798,1.1264696036060264,241.4032521247787,129.99981976314618,337.48942287635714,1.1264696036348316,2.8805346125605182e-11,0.8565103940376778,108.40169563488554,337.48942287635714,429.739710570754,0.8565103940944656,5.678791100522001e-11,0.8371170424435377,-432747.65768603346,-3448486.3355048723,775756.857247573,4224243.192752445,0,-0.3148248435506394,0.3148248435506394,304007.4618103333,-8.841855268182327e-09,8.780763981120974e-09,0.008452532896704378,-0.43746650782713803,0.43746650782713803,983701.6518866553,-8.84185592237923e-09,8.780764617442055e-09,0.019682954553647374,1.757913453992676e-08,-1.7486232952755957e-08,-0.010537488511975834,0.4374665166079027,0.3148248348451704,-0.058370619406725596,-0.060925547176760346,-975018.0115497535,-312691.1197452339,-0.42825520578296045,0.4282552057829605,493942.97453779075,-0.4282552057831548,0.42825520578315485,493942.9745380149,-0.5632348018030131,0.5632348018030131,1446674.0273391062,-0.5632348018030131,0.5632348018030131,1446674.0273391062,1.762097188200386e-08,-1.7528437589329175e-08,-0.010563112476032692,1.1264696036060264,0.8565103940376778,-0.16026512509152888,-0.14913931645044767,-3448486.3355048723,-432747.65768603346
14,14,-0.31800001602548533,119991255.57542641,129.99992712979522,0.2604113052788161,121662.92701214647,337.8274014894481,-0.047338870136461396,231139.85945213182,429.5019163176807,-0.057588707574316916,0.057588707574316916,-0.04733887477564717,0.04733887477564717,-9.070006854306373e-09,9.024928138347618e-09,88.0,88,0.007791053563748375,0.008450166555041733,0.0,-9.070006854306373e-09,9.024928138347617e-09,88.0,88,0.0077910535637483735,0.008450166555041733,0.0,-0.3180000073191217,0.3180000073191217,208.8213598962085,206,651434.9528985096,706545.502059121,1.0,-8.67635996989307e-09,8.617600822665907e-09,208.8213598962085,206,0.017653530799919298,0.019146996529196717,0.0,-1.4904838396985398e-08,1.501871314799759e-08,88.0,-0.012867061844079857,-0.009006943290856065,0.31800001596427513,208.8213598962085,129.99992712979522,337.8274014894481,0.3180000166930679,7.287927858421417e-10,4.639185900207179e-09,88.0,337.8274014894481,429.5019163176807,1.1788661924882386e-08,6.767092504225063e-09,0.49767636182026426,-257273.79674628458,-449271.7323532228,2275364.158823381,2724635.891176604,0,-1.0874610037046546,119974456.71792768,129.99978713931606,0.11798233062699265,115975.42713991064,337.5129088494026,0.6697996186697871,239481.96079494338,429.8363899401442,-0.1374907396255787,0.1374907396255787,-0.16218831487499166,0.16218831487499166,-0.41599397552767453,0.41599397552767453,107.25019106152779,88,437677.40122027654,474704.3397183042,1.0,-0.41599397552763573,0.4159939755276358,107.25019106152779,88,437677.40122023574,474704.33971826005,1.0,-0.5437305018523273,0.5437305018523273,238.99374302663898,206,1274791.7226656717,1382637.443238256,1.0,-0.5437305018523273,0.5437305018523273,238.99374302663898,206,1274791.7226656717,1382637.4432382558,1.0,-1.7462056654891046e-08,1.7556456428796627e-08,107.25019106152779,-0.01507462767501239,-0.010552239372508461,1.0874610037046546,238.99374302663898,129.99978713931606,337.5129088494026,1.0874610037360228,3.136824622249521e-11,0.8319879335447787,107.25019106152779,337.5129088494026,429.8363899401442,0.8319879336059316,6.115285397829301e-11,0.7025998704330214,-363209.00495992583,-3351474.550400911,824262.7497995466,4175737.300200457,0,-9.093258225746824e-09,9.419703790040751e-09,0.00845016655504179,-9.093258225746822e-09,9.419703790040751e-09,0.008450166555041789,-0.3180000073191217,0.3180000073191217,706545.502059121,-8.70636363951258e-09,8.645153378046532e-09,0.019146996529196755,1.507537432744226e-08,-1.4582605157660137e-08,-0.009006943290856148,0.31800001596427513,4.6391858575428515e-09,-0.04733887477564721,-0.0575887075743169,-449271.7323532228,-257273.79674628458,-0.41599397552767453,0.4159939755276746,474704.3397183042,-0.41599397552763573,0.4159939755276358,474704.33971826005,-0.5437305018523273,0.5437305018523273,1382637.443238256,-0.5437305018523273,0.5437305018523273,1382637.4432382558,1.760322697427066e-08,-1.7510531509361165e-08,-0.010552239372508355,1.0874610037046546,0.8319879335447787,-0.16218831487499166,-0.13749073962557867,-3351474.550400911,-363209.00495992583
15,15,-1.6105439114433796e-08,119991255.57536843,129.99992712979474,-0.049690479723873214,121484.04128514051,337.8175099297441,-0.04045951209067325,230994.2052086054,429.49607636196,-0.049690501309281744,0.049690501309281744,-0.04045950724475422,0.04045950724475422,-8.632762881948324e-09,8.58088677500176e-09,88.0,88,0.007407725701274472,0.008034409654310853,0.0,-8.632762881948322e-09,8.580886775001758e-09,88.0,88,0.007407725701274471,0.008034409654310853,0.0,-8.021115745059766e-09,7.959135152078647e-09,206.0000000000001,206,0.016084354868038962,0.01744507035579072,0.0,-8.021115745059766e-09,7.959135152078647e-09,206.0000000000001,206,0.016084354868038962,0.017445070355790716,0.0,-2.28164035540156e-08,2.2888971344703292e-08,88.0,-0.01969694958842298,-0.013787864711896145,1.59790195724152e-08,206.0000000000001,129.99992712979474,337.8175099297441,1.623689893417569e-07,1.4638918730400827e-07,-4.845918896026933e-09,88.0,337.8175099297441,429.49607636196,9.045800337950078e-09,1.3689992226157393e-08,0.32599011824461455,-168520.59237677115,168520.55520567583,2584260.302602832,2415739.7473971564,0,-0.9594330801319522,119971002.7588392,129.99975835632367,0.04702027517791498,116144.70013055112,337.5222688689034,0.5872834211851272,241596.18111120985,429.9211588609242,-0.159710796406339,0.159710796406339,-0.1654185874558078,0.1654185874558078,-0.37635101304600715,0.3763510130460072,103.75604233042814,88,383067.6649952771,415474.6908842486,1.0,-0.3763510130457643,0.3763510130457643,103.75604233042814,88,383067.66499503,415474.6908839804,1.0,-0.47971654006597614,0.47971654006597614,231.6822802058014,206,1090301.2723967948,1182539.3409943546,1.0,-0.4797165400659761,0.4797165400659761,231.6822802058014,206,1090301.2723967948,1182539.3409943546,1.0,-1.7402069880535692e-08,1.7497027857869698e-08,103.75604233042814,-0.015022842193123945,-0.010515989535186548,0.9594330801319523,231.6822802058014,129.99975835632367,337.5222688689034,0.9594330801746329,4.2680672393858884e-11,0.752702008640935,103.75604233042814,337.5222688689034,429.9211588609242,0.7527020087200864,7.915143071125545e-11,0.5186243614651183,-268102.8647696333,-2927925.1884713154,1036037.4307643339,3963962.6192356492,0,-8.659372669598194e-09,8.802264337543726e-09,0.008034409654310928,-8.659372669598192e-09,8.802264337543724e-09,0.008034409654310926,-8.052719557216898e-09,7.989118545749766e-09,0.01744507035579076,-8.052719557216898e-09,7.989118545749766e-09,0.01744507035579076,2.2925134243089663e-08,-2.2652174536278786e-08,-0.013787864711896176,1.5979019587997437e-08,-4.8459189386821466e-09,-0.040459507244754264,-0.04969050130928173,168520.55520567583,-168520.59237677115,-0.37635101304600715,0.3763510130460072,415474.6908842486,-0.3763510130457643,0.3763510130457643,415474.6908839804,-0.47971654006597614,0.47971654006597614,1182539.3409943546,-0.4797165400659761,0.4797165400659761,1182539.3409943546,1.7544073201183383e-08,-1.7450836549602446e-08,-0.010515989535186442,0.9594330801319523,0.7527020086409351,-0.1654185874558078,-0.15971079640633898,-2927925.1884713154,-268102.8647696333
16,16,-1.1976411594588602e-08,119991255.57532533,129.99992712979437,-0.05733093193770242,121277.64993016479,337.8060974350511,-0.039490484240344875,230852.03946534015,429.4903762764316,-0.057330971461220674,0.057330971461220674,-0.03949045665526044,0.03949045665526044,-8.041750116349815e-09,7.981890596916767e-09,87.99999999999997,88,0.006890629478728025,0.007473567764347289,0.0,-8.041750116349815e-09,7.981890596916767e-09,87.99999999999997,88,0.006890629478728026,0.007473567764347289,0.0,-5.94291297454301e-09,5.853288938210626e-09,206.00000000000009,206,0.011828789607379552,0.012829489812776257,0.0,-5.942912974543009e-09,5.8532889382106255e-09,206.00000000000009,206,0.01182878960737955,0.012829489812776255,0.0,-4.383036177006645e-08,4.3858217848405605e-08,87.99999999999997,-0.03783787509851899,-0.026486512568963297,1.1796010735048101e-08,206.00000000000009,129.99992712979437,337.8060974350511,1.602141528118193e-07,1.4841727877122697e-07,-2.758508429874279e-08,87.99999999999997,337.8060974350511,429.4903762764316,5.3234376288588175e-09,3.2848006322137435e-08,0.11821470325038548,-61111.090646638724,61111.07652703614,2530555.5632635127,2469444.4867364764,0,-0.5032242015890555,119969191.15171349,129.9997432595976,-0.20841239880148257,115394.41549486578,337.48078157199564,0.36675119250837496,242916.48540424,429.9740959976835,-0.16413658591946778,0.16413658591946778,-0.18074882198261222,0.18074882198261222,-0.2737500167388266,0.2737500167388266,96.33622175935146,88,258709.73515113397,280596.2420294295,1.0,-0.2737500167388266,0.2737500167388266,96.33622175935146,88,258709.73515113397,280596.2420294295,1.0,-8.811911933674104e-09,8.753271923689476e-09,213.06524526281845,206,0.01829588042921271,0.01984368810109846,0.0,-0.5032241927471994,0.5032241927471994,213.06524526281845,206,1051824.1391491843,1140807.0923526944,1.0,-1.8944478382641057e-08,1.90268351764578e-08,96.33622175935146,-0.016354374845122827,-0.011448062391585795,0.5032242015279642,213.06524526281845,129.9997432595976,337.48078157199564,0.5032242017566685,2.287043292196882e-10,0.5475000144909871,96.33622175935146,337.48078157199564,429.9740959976835,0.547500014673985,1.8299784306693831e-10,0.32243077805000214,-166680.5911189159,-1535318.993688263,1732340.5281558654,3267659.521844128,0,-8.072308362920276e-09,8.06917735926853e-09,0.0074735677643473835,-8.072308362920278e-09,8.06917735926853e-09,0.0074735677643473835,-5.988205797294302e-09,5.89757370695331e-09,0.01282948981277634,-5.9882057972943e-09,5.897573706953309e-09,0.01282948981277634,4.3872124200981116e-08,-4.3783954580097583e-08,-0.0264865125689633,1.1796010750645331e-08,-2.758508434138922e-08,-0.039490456655260485,-0.05733097146122066,61111.07652703614,-61111.090646638724,-0.2737500167388266,0.2737500167388266,280596.2420294295,-0.2737500167388266,0.2737500167388266,280596.2420294295,-8.84185595927174e-09,8.780764654925751e-09,0.0198436881010985,-0.5032241927471994,0.5032241927471995,1140807.0923526944,1.906767411413969e-08,-1.8986666093387307e-08,-0.011448062391585703,0.5032242015279642,0.5475000144909872,-0.18074882198261222,-0.16413658591946775,-1535318.993688263,-166680.5911189159
17,17,-1.1372872186041742e-08,119991255.57528438,129.99992712979403,-0.05919578183088126,121064.54511557362,337.7943137168528,-0.037890012881919226,230715.63541896525,429.4849072041158,-0.05919582478106694,0.05919582478106694,-0.037889981214003665,0.037889981214003665,-7.974088867867963e-09,7.913377985317345e-09,87.99999999999997,88,0.006831484496651651,0.007409419193765543,0.0,-7.974088867867965e-09,7.913377985317346e-09,87.99999999999997,88,0.006831484496651652,0.007409419193765544,0.0,-5.638616929391611e-09,5.543885251935591e-09,206.00000000000006,206,0.011203540218813273,0.012151345139710897,0.0,-5.638616929391612e-09,5.5438852519355916e-09,206.00000000000006,206,0.011203540218813274,0.012151345139710897,0.0,-4.774156276221565e-08,4.7765707691428014e-08,87.99999999999997,-0.04121433652218511,-0.028850035565529578,1.1182559236776242e-08,206.00000000000006,129.99992712979403,337.7943137168528,1.5992003093445495e-07,1.4873658058836854e-07,-3.166791542885914e-08,87.99999999999997,337.7943137168528,429.4849072041158,4.921614735543649e-09,3.65384614506208e-08,0.0,0.0,-0.010271493062907826,2500000.0198642486,2500000.0301357415,0,-1.3743822554473655e-08,119969191.15166402,129.99974325959718,-0.17459102256021278,114765.88781364902,337.4460268758641,-0.19057182327555533,242230.426840448,429.946588720605,-0.174591042501634,0.174591042501634,-0.19057181768333167,0.19057181768333167,-8.580226804010116e-09,8.528236731970304e-09,88.0,88,0.007362274022114664,0.007985112822250324,0.0,-8.580226804010116e-09,8.528236731970304e-09,88.0,88,0.007362274022114662,0.007985112822250322,0.0,-6.833541331756311e-09,6.757906477763118e-09,206.0000000000001,206,0.013656865033944775,0.014812218041154977,0.0,-6.833541331756311e-09,6.757906477763117e-09,206.0000000000001,206,0.013656865033944773,0.014812218041154977,0.0,-2.3453140713639e-08,2.3527463367033334e-08,88.0,-0.020246631671052572,-0.014172642169736856,1.3590705631080141e-08,206.0000000000001,129.99974325959718,337.4460268758641,1.609502933692244e-07,1.47358764810398e-07,-5.592223682707904e-09,88.0,337.4460268758641,429.946588720605,9.031199218412283e-09,1.4422522851785897e-08,0.11917990763987955,-61610.05296559529,61610.02154357574,2530805.035771783,2469195.014228207,0,-8.00506851390632e-09,7.991859398461214e-09,0.00740941919376564,-8.005068513906322e-09,7.991859398461215e-09,0.007409419193765641,-5.686436093020871e-09,5.590834055927716e-09,0.01215134513971099,-5.686436093020872e-09,5.590834055927718e-09,0.01215134513971099,4.777776343049485e-08,-4.770270289692559e-08,-0.02885003556552958,1.11825592523869e-08,-3.1667915471497104e-08,-0.03788998121400371,-0.05919582478106693,-0.010271493062907826,-3.851586160515873e-11,-8.60689424037354e-09,8.748737978367376e-09,0.007985112822250397,-8.606894240373539e-09,8.748737978367374e-09,0.007985112822250395,-6.871911277236828e-09,6.794941344086396e-09,0.01481221804115504,-6.871911277236828e-09,6.794941344086394e-09,0.01481221804115504,2.3564504018754534e-08,-2.3290599701186938e-08,-0.014172642169736883,1.3590705646241269e-08,-5.592223670297912e-09,-0.19057181768333167,-0.17459104250163396,61610.02154357574,-61610.05296559529
18,18,-1.1877857845917815e-08,119991255.57524163,129.9999271297937,-0.06950456292028769,120814.32868906058,337.78047789683967,-0.03542158363773884,230588.11771786938,429.47979442669185,-0.06950460297681736,0.06950460297681736,-0.03542155541216789,0.03542155541216789,-8.030603507634953e-09,7.970603426492338e-09,87.99999999999997,88,0.0068808855863738945,0.007462999551381856,0.0,-8.030603507634952e-09,7.970603426492337e-09,87.99999999999997,88,0.006880885586373894,0.007462999551381854,0.0,-5.893226550579945e-09,5.80277457972735e-09,206.00000000000009,206,0.011726709079873297,0.012718773405502664,0.0,-5.893226550579944e-09,5.802774579727348e-09,206.00000000000009,206,0.011726709079873297,0.012718773405502662,0.0,-4.444228108035456e-08,4.4469506495458014e-08,87.99999999999997,-0.038366132769706046,-0.026856292938794234,1.1695893883094002e-08,206.00000000000009,129.9999271297937,337.78047789683967,1.6018240150231137e-07,1.4848562523840646e-07,-2.8225570820355164e-08,87.99999999999997,337.78047789683967,429.47979442669185,5.25710449257806e-09,3.342379245764498e-08,0.0,0.0,-0.0135072529364593,2500000.0182463685,2500000.0317536215,0,-6.0053353001910754e-09,119969191.1516424,129.99974325959704,-0.1820162762172322,114110.62921926698,337.4097940829166,-0.22037668181939407,241437.07078589816,429.914779388332,-0.18201639714443693,0.18201639714443693,-0.22037656670170555,0.22037656670170555,-7.331481394253423e-09,7.262694502279549e-09,87.99999999999962,88,0.006269768410329897,0.006800182657624861,0.0,-7.331481394253423e-09,7.262694502279548e-09,87.99999999999962,88,0.006269768410329896,0.00680018265762486,0.0,-2.9825028964246132e-09,2.944766033509898e-09,206.00000000000003,206,0.0059511647662756125,0.006454625559952166,0.0,-2.9825028964246095e-09,2.944766033509893e-09,206.00000000000003,206,0.005951164766275602,0.006454625559952154,0.0,-1.2973273784983592e-07,1.2973663843081335e-07,87.99999999999962,-0.11199567782980945,-0.0783969744808666,5.921537114690603e-09,206.00000000000003,129.99974325959704,337.4097940829166,1.570477498954646e-07,1.5112560905209174e-07,-1.1511768856290589e-07,87.99999999999962,337.4097940829166,429.914779388332,1.8433261977576349e-09,1.1695437928217113e-07,0.006622110122458065,-3423.2991577382995,3423.351045096345,2501711.700522543,2498288.3494774466,0,-8.061231324507882e-09,8.056364879138925e-09,0.007462999551381951,-8.061231324507882e-09,8.056364879138923e-09,0.0074629995513819485,-5.938928922958907e-09,5.847505743330304e-09,0.012718773405502749,-5.938928922958907e-09,5.847505743330303e-09,0.012718773405502749,4.4483098400052874e-08,-4.439718339129144e-08,-0.026856292938794237,1.1695893898716482e-08,-2.8225570862984976e-08,-0.03542155541216793,-0.06950460297681735,-0.0135072529364593,-3.851586160515873e-11,-7.366460307762902e-09,7.301866207767552e-09,0.006800182657624982,-7.366460307762902e-09,7.301866207767551e-09,0.006800182657624982,-3.0026676500955398e-09,2.9604666854418094e-09,0.00645462555995232,-3.0026676500955365e-09,2.960466685441805e-09,0.006454625559952309,1.2973858818277738e-07,-1.2972805646938164e-07,-0.0783969744808666,5.9215371298153245e-09,-1.151176885504576e-07,-0.22037656670170555,-0.1820163971444369,3423.351045096345,-3423.2991577382995
19,19,-1.2837107339584388e-08,119991255.57519542,129.9999271297933,-0.05834844398788487,120604.2742907042,337.7688628526592,-0.035035076172341015,230461.99144364896,429.47473743803965,-0.05834847918944802,0.05834847918944802,-0.03503505385645489,0.03503505385645489,-8.141998949228533e-09,8.083415359664837e-09,87.99999999999999,88,0.006978272912053154,0.007568625718062172,0.0,-8.141998949228533e-09,8.083415359664837e-09,87.99999999999999,88,0.006978272912053153,0.007568625718062172,0.0,-6.37675579334669e-09,6.2941956193549356e-09,206.0000000000001,206,0.01271978460561241,0.013795861828213173,0.0,-6.37675579334669e-09,6.2941956193549356e-09,206.0000000000001,206,0.012719784605612412,0.013795861828213173,0.0,-3.8824003815981886e-08,3.885793668968469e-08,87.99999999999999,-0.0335159867445669,-0.023461190721196835,1.2670542485537008e-08,206.0000000000001,129.9999271297933,337.7688628526592,1.6068263916212083e-07,1.4801123220191972e-07,-2.2315885999069464e-08,87.99999999999999,337.7688628526592,429.47473743803965,5.9339556605221455e-09,2.8173094819962718e-08,0.0,0.0,-0.01926778433283832,2500000.015366103,2500000.034633887,0,-4.7217754035499535e-09,119969191.1516254,129.99974325959687,1.2935196940235272,118767.30011775169,337.66728661172294,-1.6877823773540606,235361.05422742356,429.67116363914033,-0.1544459704259259,0.1544459704259259,-0.23981671782724223,0.23981671782724223,-9.473867005558665e-09,9.412206240765078e-09,29.693427430705793,88,0.002741775919110221,0.0029737265933956164,0.0,-9.473867005558664e-09,9.412206240765077e-09,29.693427430705793,88,0.0027417759191102208,0.002973726593395616,0.0,-2.4484594135952195e-09,2.6346389922268676e-09,206.00000000000006,206,0.005324283520365328,0.005774710976535135,0.0,-2.4484594135952195e-09,2.634638992226867e-09,206.00000000000006,206,0.005324283520365328,0.005774710976535134,0.0,-1.4479656784092898,1.4479656784092898,29.693427430705793,-1249999.810857172,-874999.8676000203,5.050786764011575e-09,206.00000000000006,129.99974325959687,337.66728661172294,1.565958615826132e-07,1.5154505705826837e-07,-1.4479656595268184,29.693427430705793,337.66728661172294,429.67116363914033,1.5969885234788136e-11,1.4479656595427883,0.0,0.0,874999.8501031451,2937499.9500515773,2062500.099948432,0,-8.171925761148359e-09,8.185928068408957e-09,0.007568625718062263,-8.171925761148359e-09,8.185928068408957e-09,0.007568625718062263,-6.418553669792194e-09,6.334838997620234e-09,0.013795861828213246,-6.418553669792195e-09,6.334838997620234e-09,0.013795861828213246,3.8874872146942595e-08,-3.876448893289433e-08,-0.02346119072119684,1.267054250116943e-08,-2.2315886041691405e-08,-0.03503505385645493,-0.05834847918944801,-0.01926778433283832,-3.8515861605158856e-11,-9.505311749327422e-09,9.441235753002975e-09,0.002973726593395908,-9.50531174932742e-09,9.441235753002973e-09,0.002973726593395907,-2.3608877017749768e-09,2.525384494297797e-09,0.005774710976535169,-2.3608877017749768e-09,2.525384494297797e-09,0.005774710976535169,1.4479656784092898,-1.4479656784092898,-874999.8676000203,5.050786779094308e-09,-1.4479656595268184,-0.23981671782724223,-0.15444597042592587,874999.8501031451,-3.851586160515869e-11
20,20,-1.3316197206476596e-08,119991255.57514746,129.9999271297929,-0.05936848543310721,120390.54774314501,337.7570447554813,-0.033817750141583384,230340.24754313927,429.4698561591217,-0.05936851843713819,0.05936851843713819,-0.03381773055784067,0.03381773055784067,-8.20078846775562e-09,8.142963673866028e-09,87.99999999999999,88,0.007029679274063242,0.007624380991391981,0.0,-8.20078846775562e-09,8.14296367386603e-09,87.99999999999999,88,0.007029679274063243,0.007624380991391982,0.0,-6.618152360240301e-09,6.539333413062939e-09,206.0000000000001,206,0.013215165919230085,0.014333151756214977,0.0,-6.618152360240301e-09,6.539333413062939e-09,206.0000000000001,206,0.013215165919230085,0.014333151756214977,0.0,-3.6251096573671436e-08,3.628890787111777e-08,87.99999999999999,-0.03129484763887362,-0.021906393347211544,1.3156934725151284e-08,206.0000000000001,129.9999271297929,337.7570447554813,1.6092997353479483e-07,1.4777218379604324e-07,-1.9583742588968924e-08,87.99999999999999,337.7570447554813,429.4698561591217,6.2983258303586295e-09,2.5794474640099167e-08,0.0,0.0,-0.02200867210948682,2500000.013995659,2500000.036004331,0,-5.081332828409515e-09,119969191.1516071,129.99974325959673,0.6451861932706777,121089.97041352613,337.7957196191396,-1.0419490330030616,231610.03770861254,429.52076794968394,-0.1685587259378006,0.1685587259378006,-0.2282041189809978,0.2282041189809978,-8.244769255915632e-09,8.18432345725064e-09,69.58475236352879,88,0.005586864883746881,0.006059506381504452,0.0,-8.244769255915632e-09,8.184323457250639e-09,69.58475236352879,88,0.00558686488374688,0.006059506381504451,0.0,-2.6023582232269052e-09,2.7342199741919695e-09,206.00000000000006,206,0.005525553410627975,0.005993008037557574,0.0,-2.6023582232269007e-09,2.734219974191968e-09,206.00000000000006,206,0.005525553410627973,0.005993008037557571,0.0,-0.813744930447535,0.813744930447535,69.58475236352879,-702489.723556748,-491742.80648972356,5.312165858263309e-09,206.00000000000006,129.99974325959673,337.7957196191396,1.5673488502587356e-07,1.5142257341371453e-07,-0.813744914022064,69.58475236352879,337.7957196191396,429.52076794968394,6.473564882647747e-11,0.8137449140867995,0.0,0.0,491742.7823846948,2745871.4161923905,2254128.6338076955,0,-8.230339833451944e-09,8.255700299502201e-09,0.00762438099139207,-8.230339833451946e-09,8.255700299502203e-09,0.007624380991392071,-6.658098603238298e-09,6.5780398479550934e-09,0.014333151756215043,-6.658098603238298e-09,6.5780398479550934e-09,0.014333151756215044,3.630777587679557e-08,-3.618273692458736e-08,-0.02190639334721155,1.3156934740792077e-08,-1.958374263158328e-08,-0.03381773055784071,-0.059368518437138175,-0.02200867210948682,-3.8515861605158856e-11,-8.27561130337613e-09,8.21273553094888e-09,0.006059506381504573,-8.27561130337613e-09,8.212735530948879e-09,0.006059506381504573,-2.5406664142047605e-09,2.6560100446450708e-09,0.0059930080375576325,-2.5406664142047547e-09,2.656010044645067e-09,0.00599300803755763,0.813744930447535,-0.8137449304475349,-491742.80648972356,5.312165873340757e-09,-0.8137449140220638,-0.2282041189809978,-0.16855872593780058,491742.7823846948,-3.851586160515878e-11
21,21,-1.4050611818513275e-08,119991255.57509689,129.9999271297925,-0.03645609674958331,120259.30579484651,337.7497876780778,-0.03304892920859557,230221.2713979883,429.46508585238234,-0.036456126584618755,0.036456126584618755,-0.033048913627098164,0.033048913627098164,-8.29693214920479e-09,8.240369866115256e-09,87.99999999999999,88,0.007113767259364295,0.007715582710807432,0.0,-8.296932149204789e-09,8.240369866115254e-09,87.99999999999999,88,0.007113767259364294,0.0077155827108074315,0.0,-6.988015232521795e-09,6.914559977793028e-09,206.0000000000001,206,0.01397343553263666,0.015155569992013847,0.0,-6.988015232521795e-09,6.914559977793028e-09,206.0000000000001,206,0.01397343553263666,0.015155569992013847,0.0,-3.251801721149834e-08,3.256265932399855e-08,87.99999999999999,-0.028072155418759185,-0.019650508793131446,1.3901823625829453e-08,206.0000000000001,129.9999271297925,337.7497876780778,1.6131037162715963e-07,1.4740770728559507e-07,-1.558149727635477e-08,87.99999999999999,337.7497876780778,429.46508585238234,6.902221672130432e-09,2.237611204736699e-08,0.0,0.0,-0.02609179657399553,2500000.0119540966,2500000.0380458934,0,-5.5247791664190676e-09,119969191.15158722,129.99974325959656,-0.1255883602149878,120637.85231675216,337.7707195633927,-0.177867851675534,230969.7134425806,429.4950943732061,-0.12558872815645775,0.12558872815645775,-0.17786748922644835,0.17786748922644835,-7.022800338576999e-09,6.949899667238214e-09,87.99999999999615,88,0.005999742198028365,0.00650731257920674,0.0,-7.022800338576998e-09,6.949899667238214e-09,87.99999999999615,88,0.005999742198028365,0.006507312579206741,0.0,-2.7904887851976546e-09,2.8523707019652607e-09,206.00000000000006,206,0.005764368173301684,0.0062520262183317354,0.0,-2.790488785197655e-09,2.852370701965261e-09,206.00000000000006,206,0.005764368173301684,0.0062520262183317354,0.0,-3.7643203161101256e-07,3.7643327961330805e-07,87.99999999999615,-0.32496624434170646,-0.2274763710391945,5.627199360069357e-09,206.00000000000006,129.99974325959656,337.7707195633927,1.568991742383508e-07,1.512716501644318e-07,-3.62449085680494e-07,87.99999999999615,337.7707195633927,429.4950943732061,9.963981558718804e-09,3.724094997730488e-07,0.0,0.0,0.20195769348263293,2500000.125978842,2499999.9240211486,0,-8.325858951936756e-09,8.372041608810501e-09,0.007715582710807518,-8.325858951936754e-09,8.3720416088105e-09,0.007715582710807517,-7.025305909256637e-09,6.950491447223386e-09,0.015155569992013906,-7.025305909256637e-09,6.950491447223386e-09,0.015155569992013906,3.2584929668811455e-08,-3.243318735248694e-08,-0.019650508793131457,1.3901823641477017e-08,-1.558149731896182e-08,-0.033048913627098206,-0.03645612658461874,-0.02609179657399553,-3.8515861605158766e-11,-7.0598165682316474e-09,6.98821754576351e-09,0.0065073125792068755,-7.059816568231647e-09,6.9882175457635094e-09,0.006507312579206876,-2.7623895832095338e-09,2.8134373155651135e-09,0.006252026218331831,-2.7623895832095338e-09,2.813437315565114e-09,0.006252026218331831,3.7643390366443214e-07,-3.7642908825069826e-07,-0.2274763710391945,5.627199375158818e-09,-3.624490856679807e-07,-0.17786748922644835,-0.12558872815645772,0.20195769348263293,-3.8515861605158856e-11
22,22,-1.44332959128076e-08,119991255.57504493,129.99992712979204,-0.03920926544728143,120118.15243923629,337.74198254533854,-0.03396331593909141,230099.00346060758,429.46018356239017,-0.03920929370018122,0.03920929370018122,-0.0339633023823385,0.0339633023823385,-8.35075941273057e-09,8.294917935694342e-09,87.99999999999999,88,0.007160857047148961,0.00776665623335045,0.0,-8.350759412730569e-09,8.29491793569434e-09,87.99999999999999,88,0.007160857047148961,0.0077666562333504495,0.0,-7.180633701930154e-09,7.10975559590184e-09,206.0000000000001,206,0.01436789360005441,0.015583398698540687,0.0,-7.180633701930154e-09,7.10975559590184e-09,206.0000000000001,206,0.01436789360005441,0.015583398698540687,0.0,-3.064899114594408e-08,3.069771556962624e-08,87.99999999999999,-0.026458662960547837,-0.01852106407238351,1.4289540677128691e-08,206.0000000000001,129.99992712979204,337.74198254533854,1.6150522031962645e-07,1.4721484693254856e-07,-1.3556752781264032e-08,87.99999999999999,337.74198254533854,429.46018356239017,7.243981475462991e-09,2.0680620737095326e-08,0.0,0.0,-0.028179045752883172,2500000.0109104724,2500000.039089518,0,-5.939013455670023e-09,119969191.15156583,129.99974325959639,-0.09694580493454069,120288.84741898782,337.7514211943109,-0.13549615240692156,230481.9272939157,429.47553675895193,-0.09694594588410142,0.09694594588410142,-0.13549601722191557,0.13549601722191557,-7.2733337223828685e-09,7.203775449896693e-09,87.99999999999949,88,0.006218905375849997,0.006745016676627143,0.0,-7.2733337223828685e-09,7.203775449896693e-09,87.99999999999949,88,0.006218905375849997,0.006745016676627143,0.0,-2.957185174319287e-09,2.9355710171794026e-09,206.00000000000003,206,0.005932570445880905,0.006434458184252898,0.0,-2.9571851743192894e-09,2.9355710171794055e-09,206.00000000000003,206,0.00593257044588091,0.006434458184252903,0.0,-1.4967688301645957e-07,1.4967985209778717e-07,87.99999999999949,-0.12921305948636005,-0.09044914164045204,5.885613657914352e-09,206.00000000000003,129.99974325959639,337.7514211943109,1.5702998074034153e-07,1.5114380577081216e-07,-1.351850060267444e-07,87.99999999999949,337.7514211943109,429.47553675895193,1.6061750517187936e-09,1.3678621317436342e-07,0.0,0.0,0.06409019195720726,2500000.057045091,2499999.992954899,0,-8.37932970073331e-09,8.438458022382369e-09,0.0077666562333505345,-8.379329700733308e-09,8.438458022382367e-09,0.007766656233350533,-7.216647956403801e-09,7.1443539757630535e-09,0.015583398698540743,-7.2166479564038e-09,7.1443539757630535e-09,0.015583398698540741,3.072201847444122e-08,-3.055378230306046e-08,-0.018521064072383523,1.428954069278205e-08,-1.3556752823864034e-08,-0.033963302382338544,-0.039209293700181204,-0.028179045752883172,-3.8515861605158804e-11,-7.308694649021909e-09,7.241713959875229e-09,0.006745016676627268,-7.308694649021909e-09,7.241713959875229e-09,0.006745016676627268,-2.9695067278350104e-09,2.9425261656006377e-09,0.006434458184253042,-2.9695067278350125e-09,2.942526165600641e-09,0.006434458184253048,1.496813363253751e-07,-1.4967340186311667e-07,-0.09044914164045204,5.885613673012432e-09,-1.351850060142224e-07,-0.13549601722191557,-0.09694594588410141,0.06409019195720726,-3.851586160515873e-11
23,23,-1.5533058619824128e-08,119991255.574989,129.99992712979156,-0.036153788161715876,119988.0,337.7347856465339,-0.03389048865777227,229977.0,429.4552917843413,-0.03615381201174397,0.03615381201174397,-0.033890480822563726,0.033890480822563726,-8.525565106952322e-09,8.47214640543974e-09,88.0,88,0.007313853286794825,0.007932595755742915,0.0,-8.525565106952324e-09,8.472146405439742e-09,88.0,88,0.007313853286794825,0.007932595755742915,0.0,-7.733662368629119e-09,7.669135134051256e-09,206.0000000000001,206,0.01549830976916901,0.01680944660430488,0.0,-7.733662368629119e-09,7.669135134051258e-09,206.0000000000001,206,0.015498309769169012,0.016809446604304876,0.0,-2.5459575987063075e-08,2.5522706117371825e-08,88.0,-0.021978746203467264,-0.015385122342427128,1.5401725904906523e-08,206.0000000000001,129.99992712979156,337.7347856465339,1.6208102471471665e-07,1.4667848392060468e-07,-7.83520841117633e-09,88.0,337.7347856465339,429.4552917843413,8.363453007046003e-09,1.6031107291978283e-08,0.0,0.0,-0.03409896233915282,2500000.0079505136,2500000.042049476,0,-6.073520991303751e-09,119969191.15154396,129.99974325959622,-0.08356906027503733,119988.0,337.73478564654187,-0.1402582201153329,229977.0,429.4552917843438,-0.08356916459683643,0.08356916459683643,-0.14025812165261167,0.14025812165261167,-7.392997078158659e-09,7.3250187623486415e-09,87.99999999999973,88,0.006323571070207449,0.006858536952502895,0.0,-7.39299707815866e-09,7.325018762348642e-09,87.99999999999973,88,0.006323571070207451,0.006858536952502897,0.0,-3.008913160275246e-09,2.955405864064284e-09,206.00000000000003,206,0.00597267790754296,0.006477958684970999,0.0,-3.008913160275247e-09,2.9554058640642845e-09,206.00000000000003,206,0.005972677907542961,0.006477958684971001,0.0,-1.1320941554164987e-07,1.1321446806640525e-07,87.99999999999973,-0.09773142413182341,-0.06841199689227638,5.95995673986673e-09,206.00000000000003,129.99974325959622,337.73478564654187,1.5707607564480487e-07,1.511154560251261e-07,-9.846272124723163e-08,87.99999999999973,337.73478564654187,429.4552917843438,2.1088229752627236e-09,1.0056278325185854e-07,0.0,0.0,0.04173900565584389,2500000.045869498,2500000.0041304925,0,-8.552937423456123e-09,8.660868165976515e-09,0.007932595755742993,-8.552937423456125e-09,8.660868165976516e-09,0.007932595755742993,-7.766529309912064e-09,7.70045550002148e-09,0.016809446604304924,-7.766529309912064e-09,7.70045550002148e-09,0.01680944660430492,2.5554176993027316e-08,-2.532449882678018e-08,-0.01538512234242715,1.5401725920564628e-08,-7.835208453769561e-09,-0.03389048082256377,-0.036153812011743953,-0.03409896233915282,-3.851586160515879e-11,-7.427575556103558e-09,7.3658524786234325e-09,0.006858536952503014,-7.42757555610356e-09,7.365852478623434e-09,0.006858536952503016,-3.0367604956518754e-09,2.9796469224753037e-09,0.006477958684971162,-3.0367604956518762e-09,2.9796469224753037e-09,0.006477958684971163,1.1321699343708965e-07,-1.1320318718764392e-07,-0.06841199689227638,5.959956754970826e-09,-9.846272123470198e-08,-0.14025812165261167,-0.08356916459683641,0.04173900565584389,-3.8515861605158856e-11
