,t,ReservoirEbre.Q,ReservoirEbre.W,ReservoirEbre.z,Reservoir1.Q,Reservoir1.W,Reservoir1.z,Irrigation1.Q,Irrigation1.Qin,Irrigation1.Qout,Pump1.Qin,Pump1.Qout,Pump1.H,Pump1.n,Pump1.Ph,Pump1.Pe,Pump1.PumpOn,Pump2.Qin,Pump2.Qout,Pump2.H,Pump2.n,Pump2.Ph,Pump2.Pe,Pump2.PumpOn,Pipe1.Q,Pipe1.H,Pipe1.zlow,Pipe1.zhigh,Pipe1.H0,Pipe1.signQ,PV.forecast,PV.P,Grid.P,Grid.Psell,Grid.Pbuy,EBg.P_bal,Bat.E,Bat.P,Bat.Pch,Bat.Pdc,p1r0_expanded.Q,p1c1_Q_expanded.Q,p1eb_expanded.P,p2r0_expanded.Q,p2c1_Q_expanded.Q,p2eb_expanded.P,c1r1_Q_expanded.Q,r1i1_expanded.Q,grideb_expanded.P,pveb_expanded.P,baten_expanded.P
0,0,-9.996036709507908e-14,199999.99999999968,29.833333333333336,-0.011666666666666665,9958.0,139.596,0.011666666666666665,-0.011666666666666665,0.011666666666666665,-9.996036709507908e-14,0.0,109.76266666666686,2755.914289856445,0.0,0.0,0.0,0.0,0.0,109.76266666666683,2755.914289856445,0.0,0.0,0.0,0.0,109.76266666666686,29.833333333333336,139.596,109.76266666666663,1.0,0.0,0.0,0.0,0.0,0.0,0.0,0.0,0.0,0.0,0.0,-9.996036709507908e-14,0.0,0.0,0.0,0.0,0.0,0.0,-0.011666666666666665,0.0,0.0,0.0
1,1,0.0,199999.99999999962,29.83333333333333,-0.015191054530555555,9903.312203690379,139.57075947862634,0.015191054530555555,-0.015191054530555555,0.015191054530555555,0.0,0.0,109.73742614529303,2755.597402908104,0.0,0.0,0.0,0.0,0.0,109.73742614529303,2755.597402908104,0.0,0.0,0.0,0.0,109.73742614529303,29.83333333333333,139.57075947862634,109.737426145293,0.0,0.0,0.0,0.0,0.0,0.0,0.0,0.0,0.0,0.0,0.0,0.0,0.0,0.0,0.0,0.0,0.0,0.0,-0.015191054530555555,0.0,0.0,0.0
2,2,0.0,199999.99999999965,29.833333333333336,-0.020721815683333332,9828.713667230415,139.5363293848756,0.020721815683333332,-0.020721815683333332,0.020721815683333332,0.0,0.0,109.70299605154226,2755.1650849505386,0.0,0.0,0.0,0.0,0.0,109.70299605154224,2755.1650849505386,0.0,0.0,0.0,0.0,109.70299605154226,29.83333333333333,139.5363293848756,109.70299605154224,1.0,0.0,0.0,0.0,0.0,0.0,0.0,0.0,0.0,0.0,0.0,0.0,0.0,0.0,0.0,0.0,0.0,0.0,-0.020721815683333332,0.0,0.0,0.0
3,3,0.0,199999.99999999968,29.833333333333332,-0.03618098538444444,9698.462119846388,139.47621328608295,0.03618098538444444,-0.03618098538444444,0.03618098538444444,0.0,0.0,109.64287995274964,2754.410080623099,0.0,0.0,0.0,0.0,0.0,109.64287995274967,2754.410080623099,0.0,0.0,0.0,0.0,109.64287995274964,29.833333333333332,139.47621328608295,109.64287995274961,1.0,0.0,0.0,0.0,0.0,0.0,0.0,0.0,0.0,0.0,0.0,0.0,0.0,0.0,0.0,0.0,0.0,0.0,-0.03618098538444444,0.0,0.0,0.0
4,4,0.0,199999.99999999965,29.833333333333332,-0.03261269932666667,9581.056402270387,139.4220260318171,0.03261269932666667,-0.03261269932666667,0.03261269932666667,0.0,0.0,109.5886926984838,2753.7293598825977,0.0,0.0,0.0,0.0,0.0,109.58869269848381,2753.7293598825977,0.0,0.0,0.0,0.0,109.5886926984838,29.83333333333333,139.4220260318171,109.58869269848381,1.0,0.0,0.0,0.0,0.0,0.0,0.0,0.0,0.0,0.0,0.0,0.0,0.0,0.0,0.0,0.0,0.0,0.0,-0.03261269932666667,0.0,0.0,0.0
5,5,0.0,199999.99999999965,29.833333333333332,-0.07031697765555554,9327.915282710388,139.30519166894325,0.07031697765555554,-0.07031697765555567,0.07031697765555554,0.0,0.0,109.47185833560992,2752.2610696620736,0.0,0.0,0.0,0.0,0.0,109.47185833560992,2752.2610696620736,0.0,0.0,0.0,0.0,109.47185833560992,29.833333333333332,139.30519166894325,109.47185833560992,1.0,0.0,0.0,0.0,0.0,0.0,0.0,0.0,0.0,0.0,0.0,0.0,0.0,0.0,0.0,0.0,0.0,0.0,-0.07031697765555567,0.0,0.0,0.0
6,6,0.0,199999.99999999965,29.833333333333336,-0.09616290988888876,8981.728807110389,139.1454132955894,0.09616290988888887,-0.09616290988888887,0.09616290988888887,0.0,0.0,109.31207996225605,2750.2518209871187,0.0,0.0,0.0,0.0,0.0,109.31207996225604,2750.2518209871187,0.0,0.0,0.0,0.0,109.31207996225605,29.83333333333334,139.1454132955894,109.31207996225605,1.0,0.07357298277434086,-15522.0158970269,15522.015897026902,15522.015897026902,0.0,0.0,0.0,0.0,0.0,0.0,0.0,0.0,0.0,0.0,0.0,0.0,0.0,-0.09616290988888887,15522.015897026902,-15522.0158970269,0.0
7,7,0.0,199999.99999999968,29.833333333333332,-0.06561084117777777,8745.529778870388,139.03639835947865,0.06561084117777777,-0.06561084117777777,0.06561084117777777,0.0,0.0,109.20306502614535,2748.880091006152,0.0,0.0,0.0,0.0,0.0,109.20306502614535,2748.880091006151,0.0,0.0,0.0,0.0,109.20306502614535,29.833333333333332,139.03639835947865,109.20306502614532,0.0,0.27945187048193765,-58957.19070380451,58957.19070380451,58957.19070380451,0.0,0.0,0.0,0.0,0.0,0.0,0.0,0.0,0.0,0.0,0.0,0.0,0.0,-0.06561084117777777,58957.19070380451,-58957.19070380451,0.0
8,8,0.0,199999.99999999968,29.833333333333332,-0.04918644472777778,8568.45857785039,138.9546731897771,0.04918644472777778,-0.04918644472777778,0.04918644472777778,0.0,0.0,109.1213398564438,2747.8512978175618,0.0,0.0,0.0,0.0,0.0,109.1213398564438,2747.8512978175618,0.0,0.0,0.0,0.0,109.1213398564438,29.833333333333332,138.9546731897771,109.12133985644378,0.0,0.4971078908988494,-104877.03901765021,104877.03901765023,104877.03901765024,0.0,0.0,0.0,0.0,0.0,0.0,0.0,0.0,0.0,0.0,0.0,0.0,0.0,-0.04918644472777778,104877.03901765023,-104877.03901765021,0.0
9,9,-0.07502146300604881,199729.9227331779,29.83288320455529,0.030531399517159663,8678.371616112165,139.00540228435946,0.044490063488888884,-0.044490063488888884,0.044490063488888884,-0.07502146300604881,0.07502146300604881,109.17263164418924,2748.4969898590157,80346.74660301424,100433.43325376781,1.0,0.0,0.0,109.17263164418924,2748.4969679574333,0.0,0.0,0.0,0.07502146300604881,109.17263164418924,29.83288320455529,139.00540228435946,109.17251907980416,1.0,0.6902159686444646,-145617.89985518472,45184.466601416934,45184.466601416934,0.0,0.0,0.0,0.0,0.0,0.0,-0.07502146300604881,0.07502146300604881,100433.43325376781,0.0,0.0,0.0,0.07502146300604881,-0.044490063488888884,45184.466601416934,-145617.89985518472,0.0
10,10,-0.13018856923926475,199261.24388391653,29.832102073139854,0.08393730831704797,8980.545926053537,139.14486735048624,0.04625126092222222,-0.04625126092222222,0.04625126092222222,-0.08150143754252441,0.0815014375425244,109.31310425861761,2750.2646773746123,87398.9983179969,109248.74789749611,1.0,-0.048687131696745684,0.04868713169674567,109.31310425861761,2750.264661252448,52210.200761968095,65262.75095246011,1.0,0.13018856923927005,109.31310425861761,29.832102073139854,139.14486735048624,109.31276527734643,1.0,0.8271725442451721,-174512.23121859864,0.7323686423967012,0.7323686423967011,0.0,0.0,0.0,0.0,0.0,0.0,-0.08150143754252441,0.0815014375425244,109248.74789749611,-0.04868713169674033,0.04868713169674567,65262.75095246011,0.13018856923927005,-0.04625126092222222,0.7323686423967012,-174512.23121859864,0.0
11,11,-0.1426149999819032,198747.82988398164,29.83124638313997,0.08999011830967689,9304.510351968373,139.29438939321616,0.05262488167222223,-0.05262488167222223,0.05262488167222223,-0.08106676063494248,0.08106676063494248,109.46354979005709,2752.1565664350587,87052.52062477513,108815.65078096894,1.0,-0.06154823934695695,0.06154823934695695,109.46354979005712,2752.1565559366,66092.7984274435,82615.99803430439,1.0,0.14261499998189944,109.46354979005709,29.83124638313997,139.29438939321616,109.46314301007621,1.0,0.9073690875066988,-191431.64881527328,0.0,0.0,0.0,0.0,0.0,0.0,0.0,0.0,-0.08106676063494248,0.08106676063494248,108815.65078096894,-0.061548239346960715,0.06154823934695695,82615.99803430439,0.14261499998189944,-0.05262488167222223,0.0,-191431.64881527328,0.0
12,12,-0.14246244485192142,198234.96508251477,29.83039160847086,0.08600764567413206,9614.13787639525,139.4372944044901,0.05645479917777778,-0.05645479917777778,0.05645479917777778,-0.0732275506633489,0.0732275506633489,109.60730870650762,2753.9630394453734,78737.75221251146,98422.19026563934,1.0,-0.06923489418855701,0.06923489418855701,109.60730870650764,2753.9630373018254,74444.65381590814,93055.81726988518,1.0,0.1424624448519059,109.60730870650762,29.830391608470862,139.4372944044901,109.60690279601924,1.0,0.9075888237412905,-191478.00753552452,0.0,0.0,0.0,0.0,0.0,0.0,0.0,0.0,-0.0732275506633489,0.0732275506633489,98422.19026563934,-0.06923489418857252,0.06923489418855701,93055.81726988518,0.1424624448519059,-0.05645479917777778,0.0,-191478.00753552452,0.0
13,13,-0.13124436703443257,197762.4853611908,29.829604142268646,0.07810553785662654,9895.317812679104,139.56706975969806,0.05313882917777778,-0.05313882917777778,0.05313882917777778,-0.05594594715872031,0.05594594715872031,109.7378101172697,2755.6019704511527,60227.37201449945,75284.21501812432,1.0,-0.07529841987568402,0.07529841987568402,109.7378101172697,2755.601981214653,81060.84059294048,101326.05074117563,1.0,0.13124436703440437,109.7378101172697,29.82960414226864,139.56706975969806,109.73746561742942,1.0,0.8371170424435377,-176610.26575929992,0.0,0.0,0.0,0.0,0.0,0.0,0.0,0.0,-0.05594594715872031,0.05594594715872031,75284.21501812432,-0.07529841987571224,0.07529841987568402,101326.05074117563,0.13124436703440437,-0.05313882917777778,0.0,-176610.26575929992,0.0
14,14,-0.11005645901650098,197366.28210873142,29.828943803514555,0.05854928410538988,10106.09523545851,139.6643516471347,0.051507174911111106,-0.051507174911111106,0.051507174911111106,-0.06762853759552202,0.06762853759552204,109.83565009136079,2756.830169489927,72868.91413380086,91086.14266725109,1.0,-0.04242792142097894,0.04242792142097894,109.83565009136076,2756.8301597120144,45715.554749946685,57144.443437433365,1.0,0.11005645901650098,109.83565009136079,29.828943803514555,139.6643516471347,109.83540784362017,1.0,0.7025998704330214,-148230.58610468442,0.0,0.0,0.0,0.0,0.0,0.0,0.0,0.0,-0.06762853759552202,0.06762853759552204,91086.14266725109,-0.04242792142097895,0.04242792142097894,57144.443437433365,0.11005645901650098,-0.051507174911111106,0.0,-148230.58610468442,0.0
15,15,-0.08120237128472628,197073.9535721064,29.828456589286844,0.028947125040298716,10210.304885603582,139.7124484087401,0.05225524624444444,-0.05225524624444444,0.05225524624444444,-0.042179930456068514,0.042179930456068514,109.88412369551715,2757.4386402371438,45468.41503822356,56835.51879777945,1.0,-0.03902244082867415,0.03902244082867415,109.88412369551715,2757.438637051631,42064.755750165605,52580.94468770701,1.0,0.08120237128474316,109.88412369551715,29.82845658928684,139.7124484087401,109.88399181945323,1.0,0.5186243614651183,-109416.46348548644,0.0,0.0,0.0,0.0,0.0,0.0,0.0,0.0,-0.042179930456068514,0.042179930456068514,56835.51879777945,-0.039022440828657766,0.03902244082867415,52580.94468770701,0.08120237128474316,-0.05225524624444444,0.0,-109416.46348548644,0.0
16,16,0.0,197073.95357210634,29.828456589286844,-0.05533908173888878,10011.084191343583,139.62050039600473,0.055339081738888886,-0.055339081738888886,0.055339081738888886,0.0,0.0,109.79204380671788,2756.283064896742,0.0,0.0,0.0,0.0,0.0,109.79204380671788,2756.2830648967415,0.0,0.0,0.0,0.0,109.79204380671788,29.82845658928684,139.62050039600473,109.79204380671788,1.0,0.32243077805000214,-68024.63994063236,68024.63994063236,68024.63994063238,0.0,0.0,0.0,0.0,0.0,0.0,0.0,0.0,0.0,0.0,0.0,0.0,0.0,-0.055339081738888886,68024.63994063236,-68024.63994063236,0.0
17,17,0.0,197073.95357210634,29.828456589286844,-0.060539685772222226,9793.141322563582,139.51991137964473,0.060539685772222226,-0.060539685772222226,0.060539685772222226,0.0,0.0,109.6914547903579,2755.020153101064,0.0,0.0,0.0,0.0,0.0,109.6914547903579,2755.020153101064,0.0,0.0,0.0,0.0,109.6914547903579,29.82845658928684,139.51991137964473,109.6914547903579,1.0,0.11917990763987955,-25143.909506379005,25143.90950637901,25143.90950637901,0.0,0.0,0.0,0.0,0.0,0.0,0.0,0.0,0.0,0.0,0.0,0.0,0.0,-0.060539685772222226,25143.90950637901,-25143.909506379005,0.0
18,18,0.0,197073.95357210634,29.828456589286844,-0.006790106403888889,9768.696939509582,139.50862935669673,0.006790106403888889,-0.006790106403888889,0.006790106403888889,0.0,0.0,109.68017276740989,2754.8784693212774,0.0,0.0,0.0,0.0,0.0,109.6801727674099,2754.8784693212765,0.0,0.0,0.0,0.0,109.68017276740989,29.82845658928684,139.50862935669673,109.68017276740989,0.0,0.006622110122458065,-1397.0957098195167,1397.095709819517,1397.0957098195167,0.0,0.0,0.0,0.0,0.0,0.0,0.0,0.0,0.0,0.0,0.0,0.0,0.0,-0.006790106403888889,1397.095709819517,-1397.0957098195167,0.0
19,19,0.0,197073.95357210634,29.828456589286844,-0.022238088677777778,9688.639820269584,139.4716799170475,0.022238088677777778,-0.022238088677777778,0.022238088677777778,0.0,0.0,109.64322332776068,2754.4143936931855,0.0,0.0,0.0,0.0,0.0,109.64322332776065,2754.4143936931846,0.0,0.0,0.0,0.0,109.64322332776068,29.82845658928684,139.4716799170475,109.64322332776065,0.0,0.0,0.0,0.0,0.0,0.0,0.0,0.0,0.0,0.0,0.0,0.0,0.0,0.0,0.0,0.0,0.0,0.0,-0.022238088677777778,0.0,0.0,0.0
20,20,0.0,197073.95357210634,29.828456589286844,-0.024667756384444444,9599.835897285584,139.43069349105488,0.024667756384444444,-0.024667756384444444,0.024667756384444444,0.0,0.0,109.60223690176804,2753.8995230490477,0.0,0.0,0.0,0.0,0.0,109.60223690176805,2753.8995230490473,0.0,0.0,0.0,0.0,109.60223690176804,29.82845658928684,139.43069349105488,109.60223690176804,1.0,0.0,0.0,0.0,0.0,0.0,0.0,0.0,0.0,0.0,0.0,0.0,0.0,0.0,0.0,0.0,0.0,0.0,-0.024667756384444444,0.0,0.0,0.0
21,21,0.0,197073.95357210634,29.828456589286844,-0.014273629191111109,9548.450832197586,139.40697730716812,0.014273629191111109,-0.014273629191111109,0.014273629191111109,0.0,0.0,109.57852071788126,2753.601556863127,0.0,0.0,0.0,0.0,0.0,109.57852071788126,2753.601556863127,0.0,0.0,0.0,0.0,109.57852071788126,29.82845658928684,139.40697730716812,109.57852071788129,0.0,0.0,0.0,0.0,0.0,0.0,0.0,0.0,0.0,0.0,0.0,0.0,0.0,0.0,0.0,0.0,0.0,0.0,-0.014273629191111109,0.0,0.0,0.0
22,22,0.0,197073.95357210634,29.828456589286844,0.0,9548.450832197585,139.40697730716812,0.0,0.0,0.0,0.0,0.0,109.57852071788126,2753.601556863127,0.0,0.0,0.0,0.0,0.0,109.57852071788126,2753.601556863127,0.0,0.0,0.0,0.0,109.57852071788126,29.82845658928684,139.40697730716812,109.57852071788129,0.0,0.0,0.0,0.0,0.0,0.0,0.0,0.0,0.0,0.0,0.0,0.0,0.0,0.0,0.0,0.0,0.0,0.0,0.0,0.0,0.0,0.0
23,23,0.0,197073.95357210634,29.828456589286844,-0.013458564497777558,9500.000000005586,139.38461538461797,0.013458564497777777,-0.013458564497777777,0.013458564497777777,0.0,0.0,109.55615879533114,2753.3205758545173,0.0,0.0,0.0,0.0,0.0,109.55615879533114,2753.3205758545173,0.0,0.0,0.0,0.0,109.55615879533114,29.82845658928684,139.38461538461797,109.55615879533114,1.0,0.0,0.0,0.0,0.0,0.0,0.0,0.0,0.0,0.0,0.0,0.0,0.0,0.0,0.0,0.0,0.0,0.0,-0.013458564497777777,0.0,0.0,0.0
24,24,0.0,197073.95357210634,29.828456589286844,-0.003888888888891689,9486.000000005575,139.37815384615644,0.0038888888888888888,-0.0038888888888888888,0.0038888888888888888,0.0,0.0,109.54969725686956,2753.23938028632,0.0,0.0,0.0,0.0,0.0,109.54969725686958,2753.2393802863194,0.0,0.0,0.0,0.0,109.54969725686956,29.82845658928684,139.37815384615644,109.54969725686959,0.0,0.0,0.0,0.0,0.0,0.0,0.0,0.0,0.0,0.0,0.0,0.0,0.0,0.0,0.0,0.0,0.0,0.0,-0.0038888888888888888,0.0,0.0,0.0
25,25,0.0,197073.95357210634,29.828456589286844,-0.006300561886111111,9463.317977215575,139.36768522025335,0.006300561886111111,-0.006300561886111111,0.006300561886111111,0.0,0.0,109.5392286309665,2753.107826651645,0.0,0.0,0.0,0.0,0.0,109.5392286309665,2753.107826651645,0.0,0.0,0.0,0.0,109.5392286309665,29.82845658928684,139.36768522025335,109.5392286309665,0.0,0.0,0.0,0.0,0.0,0.0,0.0,0.0,0.0,0.0,0.0,0.0,0.0,0.0,0.0,0.0,0.0,0.0,-0.006300561886111111,0.0,0.0,0.0
26,26,0.0,197073.95357210634,29.828456589286844,-0.004898605666111111,9445.682996817575,139.3595459985312,0.004898605666111111,-0.004898605666111111,0.004898605666111111,0.0,0.0,109.53108940924434,2753.0055410523382,0.0,0.0,0.0,0.0,0.0,109.53108940924433,2753.005541052338,0.0,0.0,0.0,0.0,109.53108940924434,29.82845658928684,139.3595459985312,109.53108940924434,0.0,0.0,0.0,0.0,0.0,0.0,0.0,0.0,0.0,0.0,0.0,0.0,0.0,0.0,0.0,0.0,0.0,0.0,-0.004898605666111111,0.0,0.0,0.0
27,27,0.0,197073.95357210634,29.828456589286844,-0.005808921101666666,9424.770880851574,139.34989425270075,0.005808921101666666,-0.005808921101666666,0.005808921101666666,0.0,0.0,109.52143766341388,2752.8842426370707,0.0,0.0,0.0,0.0,0.0,109.52143766341389,2752.88424263707,0.0,0.0,0.0,0.0,109.52143766341388,29.828456589286844,139.34989425270075,109.5214376634139,0.0,0.0,0.0,0.0,0.0,0.0,0.0,0.0,0.0,0.0,0.0,0.0,0.0,0.0,0.0,0.0,0.0,0.0,-0.005808921101666666,0.0,0.0,0.0
28,28,0.0,197073.95357210634,29.828456589286844,-0.006556711727222222,9401.166718633576,139.33900002398474,0.006556711727222222,-0.006556711727222222,0.006556711727222222,0.0,0.0,109.51054343469787,2752.7473228839885,0.0,0.0,0.0,0.0,0.0,109.51054343469787,2752.747322883989,0.0,0.0,0.0,0.0,109.51054343469787,29.828456589286844,139.33900002398474,109.51054343469787,1.0,0.0,0.0,0.0,0.0,0.0,0.0,0.0,0.0,0.0,0.0,0.0,0.0,0.0,0.0,0.0,0.0,0.0,-0.006556711727222222,0.0,0.0,0.0
29,29,0.0,197073.95357210634,29.828456589286844,-0.007012048015,9375.923345779578,139.32734923651367,0.007012048015,-0.007012048015,0.007012048015,0.0,0.0,109.49889264722681,2752.6008870884775,0.0,0.0,0.0,0.0,0.0,109.49889264722682,2752.6008870884784,0.0,0.0,0.0,0.0,109.49889264722681,29.828456589286844,139.32734923651367,109.49889264722681,1.0,0.0,0.0,0.0,0.0,0.0,0.0,0.0,0.0,0.0,0.0,0.0,0.0,0.0,0.0,0.0,0.0,0.0,-0.007012048015,0.0,0.0,0.0
30,30,0.0,197073.95357210634,29.828456589286844,-0.006066417089444444,9354.084244257578,139.31726965119583,0.006066417089444444,-0.006066417089444444,0.006066417089444444,0.0,0.0,109.48881306190898,2752.4741930491905,0.0,0.0,0.0,0.0,0.0,109.488813061909,2752.4741930491905,0.0,0.0,0.0,0.0,109.48881306190898,29.828456589286844,139.31726965119583,109.48881306190898,0.0,0.0,0.0,0.0,0.0,0.0,0.0,0.0,0.0,0.0,0.0,0.0,0.0,0.0,0.0,0.0,0.0,0.0,-0.006066417089444444,0.0,0.0,0.0
31,31,0.0,197073.95357210634,29.828456589286844,-0.005193655942222221,9335.38708286558,139.30864019209181,0.005193655942222221,-0.005193655942222221,0.005193655942222221,0.0,0.0,109.48018360280497,2752.365721549438,0.0,0.0,0.0,0.0,0.0,109.480183602805,2752.365721549438,0.0,0.0,0.0,0.0,109.48018360280497,29.828456589286848,139.30864019209181,109.48018360280496,1.0,0.07477177315670108,-15774.929978671116,15774.929978671116,15774.929978671118,0.0,0.0,0.0,0.0,0.0,0.0,0.0,0.0,0.0,0.0,0.0,0.0,0.0,-0.005193655942222221,15774.929978671116,-15774.929978671116,0.0
32,32,0.0,197073.95357210634,29.828456589286844,-0.002183373211444444,9327.526939304382,139.30501243352512,0.002183373211444444,-0.002183373211444444,0.002183373211444444,0.0,0.0,109.47655584423826,2752.320119684729,0.0,0.0,0.0,0.0,0.0,109.47655584423828,2752.320119684728,0.0,0.0,0.0,0.0,109.47655584423826,29.828456589286848,139.30501243352512,109.47655584423826,1.0,0.2358591708815945,-49760.24706124187,49760.24706124188,49760.24706124188,0.0,0.0,0.0,0.0,0.0,0.0,0.0,0.0,0.0,0.0,0.0,0.0,0.0,-0.002183373211444444,49760.24706124188,-49760.24706124187,0.0
33,33,0.0,197073.95357210634,29.828456589286844,-0.018940665461666666,9259.340543642382,139.2735417893734,0.018940665461666666,-0.018940665461666666,0.018940665461666666,0.0,0.0,109.44508520008652,2751.924493826032,0.0,0.0,0.0,0.0,0.0,109.44508520008654,2751.924493826032,0.0,0.0,0.0,0.0,109.44508520008652,29.828456589286844,139.2735417893734,109.44508520008652,1.0,0.3846877203897489,-81159.26099659504,81159.26099659504,81159.26099659505,0.0,0.0,0.0,0.0,0.0,0.0,0.0,0.0,0.0,0.0,0.0,0.0,0.0,-0.018940665461666666,81159.26099659504,-81159.26099659504,0.0
34,34,0.0,197073.95357210634,29.828456589286844,-0.01654799571833333,9199.767759056384,139.24604665802605,0.01654799571833333,-0.01654799571833333,0.01654799571833333,0.0,0.0,109.41759006873917,2751.578798639979,0.0,0.0,0.0,0.0,0.0,109.41759006873916,2751.578798639979,0.0,0.0,0.0,0.0,109.41759006873917,29.828456589286844,139.24604665802605,109.41759006873916,1.0,0.5137134929205837,-108380.39594082437,108380.39594082437,108380.39594082438,0.0,0.0,0.0,0.0,0.0,0.0,0.0,0.0,0.0,0.0,0.0,0.0,0.0,-0.01654799571833333,108380.39594082437,-108380.39594082437,0.0
35,35,0.0,197073.95357210634,29.828456589286844,-0.025676938462777774,9107.330780590386,139.20338343719555,0.025676938462777774,-0.025676938462777774,0.025676938462777774,0.0,0.0,109.37492684790871,2751.042309675388,0.0,0.0,0.0,0.0,0.0,109.37492684790871,2751.042309675388,0.0,0.0,0.0,0.0,109.37492684790871,29.828456589286844,139.20338343719555,109.37492684790871,1.0,0.6112149495870927,-128950.70726016712,128950.70726016714,128950.7072601671,0.0,0.0,0.0,0.0,0.0,0.0,0.0,0.0,0.0,0.0,0.0,0.0,0.0,-0.025676938462777774,128950.70726016714,-128950.70726016712,0.0
36,36,-0.04590533805512073,196908.69435510796,29.828181157258513,0.029576909388453917,9213.807654388818,139.2525266097179,0.016328428666666665,-0.016328428666666665,0.016328428666666665,-0.04590533805512073,0.045905338055120724,109.42438759764994,2751.6642756621713,49277.23397286624,61596.5424660828,1.0,0.0,0.0,109.42438759764995,2751.6642677135733,0.0,0.0,0.0,0.04590533805512035,109.42438759764994,29.82818115725851,139.2525266097179,109.42434545245939,1.0,0.6484390389437005,-136804.03717772386,75207.49471164106,75207.49471164106,0.0,0.0,0.0,0.0,0.0,0.0,-0.04590533805512073,0.045905338055120724,61596.5424660828,0.0,0.0,0.0,0.04590533805512035,-0.016328428666666665,75207.49471164106,-136804.03717772386,0.0
37,37,-0.08188682674098144,196613.9017788404,29.827689836298063,0.07331380452098932,9477.737350664378,139.37434031569123,0.00857302222,-0.00857302222,0.00857302222,0.0,0.0,109.54678458844103,2753.202778882026,0.0,0.0,0.0,-0.081886826740989,0.08188682674098903,109.54678458844106,2753.202804160713,88000.0,110000.0,1.0,0.08188682674098903,109.54678458844103,29.827689836298063,139.37434031569123,109.5466504793932,1.0,0.6048769083203855,-127613.54280674837,17613.542806748388,17613.542806748388,0.0,0.0,0.0,0.0,0.0,0.0,0.0,0.0,0.0,-0.08188682674098144,0.08188682674098903,110000.0,0.08188682674098903,-0.00857302222,17613.542806748388,-127613.54280674837,0.0
38,38,-0.07807742193759248,196332.8230598651,29.82722137176644,0.07152796102037001,9735.238010337713,139.49318677400203,0.006549460917222222,-0.006549460917222222,0.006549460917222222,0.0,0.0,109.66608732380969,2754.70156891935,0.0,0.0,0.0,-0.07807742193759248,0.07807742193759248,109.66608732380966,2754.7015918883094,83997.57746337053,104996.97182921317,1.0,0.0780774219375925,109.66608732380969,29.82722137176644,139.49318677400203,109.66596540223557,1.0,0.49767636182026426,-104996.97182921316,0.0,0.0,0.0,0.0,0.0,0.0,0.0,0.0,0.0,0.0,0.0,-0.07807742193759248,0.07807742193759248,104996.97182921317,0.0780774219375925,-0.006549460917222222,0.0,-104996.97182921316,0.0
39,39,0.0,196332.8230598651,29.82722137176644,-0.006416507906666667,9712.13858187371,139.48252549932633,0.006416507906666667,-0.006416507906666667,0.006416507906666667,0.0,0.0,109.65530412755989,2754.566134089431,0.0,0.0,0.0,0.0,0.0,109.65530412755992,2754.566134089431,0.0,0.0,0.0,0.0,109.65530412755989,29.82722137176644,139.48252549932633,109.65530412755989,1.0,0.32599011824461455,-68775.5696025866,68775.5696025866,68775.56960258662,0.0,0.0,0.0,0.0,0.0,0.0,0.0,0.0,0.0,0.0,0.0,0.0,0.0,-0.006416507906666667,68775.5696025866,-68775.5696025866,0.0
40,40,0.0,196332.8230598651,29.82722137176644,-0.005731692862777777,9691.504487567714,139.47300207118508,0.005731692862777777,-0.005731692862777777,0.005731692862777777,0.0,0.0,109.64578069941865,2754.4465161537296,0.0,0.0,0.0,0.0,0.0,109.64578069941865,2754.4465161537296,0.0,0.0,0.0,0.0,109.64578069941865,29.82722137176644,139.47300207118508,109.64578069941865,1.0,0.11821470325038548,-24940.276089428127,24940.276089428127,24940.27608942813,0.0,0.0,0.0,0.0,0.0,0.0,0.0,0.0,0.0,0.0,0.0,0.0,0.0,-0.005731692862777777,24940.276089428127,-24940.276089428127,0.0
41,41,0.0,196332.8230598651,29.82722137176644,-0.008467836731666666,9661.020275333713,139.45893243476942,0.008467836731666666,-0.008467836731666666,0.008467836731666666,0.0,0.0,109.63171106300298,2754.269786579359,0.0,0.0,0.0,0.0,0.0,109.63171106300297,2754.269786579359,0.0,0.0,0.0,0.0,109.63171106300298,29.82722137176644,139.45893243476942,109.63171106300297,1.0,0.0,0.0,0.0,0.0,0.0,0.0,0.0,0.0,0.0,0.0,0.0,0.0,0.0,0.0,0.0,0.0,0.0,-0.008467836731666666,0.0,0.0,0.0
42,42,0.0,196332.8230598651,29.82722137176644,-0.00970108156888889,9626.096381685711,139.44281371462418,0.00970108156888889,-0.00970108156888889,0.00970108156888889,0.0,0.0,109.61559234285774,2754.06730439879,0.0,0.0,0.0,0.0,0.0,109.61559234285775,2754.06730439879,0.0,0.0,0.0,0.0,109.61559234285774,29.82722137176644,139.44281371462418,109.61559234285774,0.0,0.0,0.0,0.0,0.0,0.0,0.0,0.0,0.0,0.0,0.0,0.0,0.0,0.0,0.0,0.0,0.0,0.0,-0.00970108156888889,0.0,0.0,0.0
43,43,0.0,196332.8230598651,29.82722137176644,-0.008636273278888888,9595.005797881713,139.42846421440692,0.008636273278888888,-0.008636273278888888,0.008636273278888888,0.0,0.0,109.60124284264046,2753.8870345030027,0.0,0.0,0.0,0.0,0.0,109.60124284264046,2753.8870345030027,0.0,0.0,0.0,0.0,109.60124284264046,29.82722137176644,139.42846421440692,109.60124284264046,0.0,0.0,0.0,0.0,0.0,0.0,0.0,0.0,0.0,0.0,0.0,0.0,0.0,0.0,0.0,0.0,0.0,0.0,-0.008636273278888888,0.0,0.0,0.0
44,44,0.0,196332.8230598651,29.82722137176644,-0.007996979514999999,9566.216671627713,139.41517692536664,0.007996979514999999,-0.007996979514999999,0.007996979514999999,0.0,0.0,109.58795555360018,2753.720098430198,0.0,0.0,0.0,0.0,0.0,109.58795555360018,2753.7200984301976,0.0,0.0,0.0,0.0,109.58795555360018,29.82722137176644,139.41517692536664,109.58795555360018,1.0,0.0,0.0,0.0,0.0,0.0,0.0,0.0,0.0,0.0,0.0,0.0,0.0,0.0,0.0,0.0,0.0,0.0,-0.007996979514999999,0.0,0.0,0.0
45,45,0.0,196332.8230598651,29.82722137176644,-0.007194654969444444,9540.315913737712,139.40322272941742,0.007194654969444444,-0.007194654969444444,0.007194654969444444,0.0,0.0,109.57600135765097,2753.569902146117,0.0,0.0,0.0,0.0,0.0,109.57600135765097,2753.569902146117,0.0,0.0,0.0,0.0,109.57600135765097,29.82722137176644,139.40322272941742,109.57600135765097,1.0,0.0,0.0,0.0,0.0,0.0,0.0,0.0,0.0,0.0,0.0,0.0,0.0,0.0,0.0,0.0,0.0,0.0,-0.007194654969444444,0.0,0.0,0.0
46,46,0.0,196332.8230598651,29.82722137176644,-0.007309976037777778,9514.000000001712,139.3910769230777,0.007309976037777778,-0.007309976037777778,0.007309976037777778,0.0,0.0,109.56385555131126,2753.4172900176204,0.0,0.0,0.0,0.0,0.0,109.56385555131124,2753.4172900176204,0.0,0.0,0.0,0.0,109.56385555131126,29.82722137176644,139.3910769230777,109.56385555131124,1.0,0.0,0.0,0.0,0.0,0.0,0.0,0.0,0.0,0.0,0.0,0.0,0.0,0.0,0.0,0.0,0.0,0.0,-0.007309976037777778,0.0,0.0,0.0
47,47,0.0,196332.8230598651,29.82722137176644,-0.003888888888886822,9500.000000001719,139.38461538461618,0.0038888888888888888,-0.0038888888888888888,0.0038888888888888888,0.0,0.0,109.55739401284974,2753.336097301513,0.0,0.0,0.0,0.0,0.0,109.55739401284974,2753.336097301513,0.0,0.0,0.0,0.0,109.55739401284974,29.82722137176644,139.38461538461618,109.55739401284974,0.0,0.0,0.0,0.0,0.0,0.0,0.0,0.0,0.0,0.0,0.0,0.0,0.0,0.0,0.0,0.0,0.0,0.0,-0.0038888888888888888,0.0,0.0,0.0
