,t,B1w.Q,B1w.W,B1w.z,B1s.Q,B1s.W,B1s.z,B4w.Q,B4w.W,B4w.z,B4s.Q,B4s.W,B4s.z,B5w.Q,B5w.W,B5w.z,B5s.Q,B5s.W,B5s.z,Irrigation4w.Qin,Irrigation4w.Qout,Irrigation4s.Qin,Irrigation4s.Qout,Irrigation5w.Qin,Irrigation5w.Qout,Irrigation5s.Qin,Irrigation5s.Qout,Pump24gw.Qin,Pump24gw.Qout,Pump24gw.H,Pump24gw.Hfix,Pump24gw.Ph,Pump24gw.Pe,Pump24gw.PumpOn,Pump24gs.Qin,Pump24gs.Qout,Pump24gs.H,Pump24gs.Hfix,Pump24gs.Ph,Pump24gs.Pe,Pump24gs.PumpOn,Pump24sw.Qin,Pump24sw.Qout,Pump24sw.H,Pump24sw.Hfix,Pump24sw.Ph,Pump24sw.Pe,Pump24sw.PumpOn,Pump24ss.Qin,Pump24ss.Qout,Pump24ss.H,Pump24ss.Hfix,Pump24ss.Ph,Pump24ss.Pe,Pump24ss.PumpOn,Pump3gw.Qin,Pump3gw.Qout,Pump3gw.H,Pump3gw.Hfix,Pump3gw.Ph,Pump3gw.Pe,Pump3gw.PumpOn,Pump3gs.Qin,Pump3gs.Qout,Pump3gs.H,Pump3gs.Hfix,Pump3gs.Ph,Pump3gs.Pe,Pump3gs.PumpOn,Pump3sw.Qin,Pump3sw.Qout,Pump3sw.H,Pump3sw.Hfix,Pump3sw.Ph,Pump3sw.Pe,Pump3sw.PumpOn,Pump3ss.Qin,Pump3ss.Qout,Pump3ss.H,Pump3ss.Hfix,Pump3ss.Ph,Pump3ss.Pe,Pump3ss.PumpOn,Pipe14w.Q,Pipe14w.H,Pipe14w.zlow,Pipe14w.zhigh,Pipe14w.Qp,Pipe14w.Qn,Pipe14s.Q,Pipe14s.H,Pipe14s.zlow,Pipe14s.zhigh,Pipe14s.Qp,Pipe14s.Qn,Pipe45w.Q,Pipe45w.H,Pipe45w.zlow,Pipe45w.zhigh,Pipe45w.Qp,Pipe45w.Qn,Pipe45s.Q,Pipe45s.H,Pipe45s.zlow,Pipe45s.zhigh,Pipe45s.Qp,Pipe45s.Qn,PV24w.forecast,PV24w.P,PV24s.forecast,PV24s.P,PV3w.forecast,PV3w.P,PV3s.forecast,PV3s.P,Gridw.P,Gridw.Psell,Gridw.Pbuy,Grids.P,Grids.Psell,Grids.Pbuy,EBgw.P_bal,EBgs.P_bal,EB2pvw.P_bal,EB2pvs.P_bal,EB3pvw.P_bal,EB3pvs.P_bal,Turb1w.Qin,Turb1w.Qout,Turb1w.H,Turb1w.Ph,Turb1w.Pe,Turb1s.Qin,Turb1s.Qout,Turb1s.H,Turb1s.Ph,Turb1s.Pe,p1r4w_expanded.Q,p1c1_Qw_expanded.Q,p1ebw_expanded.P,p2r4w_expanded.Q,p2c1_Qw_expanded.Q,p2ebw_expanded.P,p3r1w_expanded.Q,p3c2_Qw_expanded.Q,p3ebw_expanded.P,p4r1w_expanded.Q,p4c2_Qw_expanded.Q,p4ebw_expanded.P,t1r0w_expanded.Q,t1c1_Qw_expanded.Q,t1ebw_expanded.P,c1r1_Qw_expanded.Q,c2r4_Qw_expanded.Q,r5i5w_expanded.Q,r4i4w_expanded.Q,gridebw_expanded.P,pv2ebw_expanded.P,pv3ebw_expanded.P,p1r4s_expanded.Q,p1c1_Qs_expanded.Q,p1ebs_expanded.P,p2r4s_expanded.Q,p2c1_Qs_expanded.Q,p2ebs_expanded.P,p3r1s_expanded.Q,p3c2_Qs_expanded.Q,p3ebs_expanded.P,p4r1s_expanded.Q,p4c2_Qs_expanded.Q,p4ebs_expanded.P,t1r0s_expanded.Q,t1c1_Qs_expanded.Q,t1ebs_expanded.P,c1r1_Qs_expanded.Q,c2r4_Qs_expanded.Q,r5i5s_expanded.Q,r4i4s_expanded.Q,gridebs_expanded.P,pv2ebs_expanded.P,pv3ebs_expanded.P
0,0,1.9999785738231338e-08,120000000.000072,337.0000000000006,-0.48139840399820727,119998266.96574561,336.9999855580487,-0.016528887934261,229940.49600361552,429.4472340428122,0.5918137331616181,232130.52943938188,429.53540316668835,-0.016530375406273452,159940.4906487165,449.60883754804155,-0.24528223129840168,159116.9839673258,449.5804734701954,-0.01653286273646497,0.01653286273646497,-0.0674334520776611,0.0674334520776611,-0.01653286273646497,0.01653286273646497,-0.0674334520776611,0.0674334520776611,0.0,4.868632150367179e-11,92.4472340428402,92,5.176034555827713e-08,5.613909660287479e-08,0.0,-0.4813984139980314,0.48139841399797534,98.98022976341464,92,467435.9603838142,506980.4342557638,1.0,0.0,0.0,92.4472340428402,92,0.0,0.0,0.0,0.0,0.0,98.98022976341548,92,0.0,0.0,0.0,0.0,4.877970066349363e-11,20.161603505235604,20,1.7553888352242982e-08,2.0388095130622166e-08,0.0,0.0,0.0,19.851993329087467,20,8.74947438567127e-09,1.0165743723772657e-08,0.0,0.0,0.0,20.161603505235604,20,0.0,0.0,0.0,0.0,0.0,19.851993329087463,20,0.0,0.0,0.0,9.837378760201665e-07,92.4472340428402,337.0000000000006,429.4472340428122,1.0146699612903773e-06,3.093197527608036e-08,0.481398404339954,98.98022976341548,336.99998555804956,429.53540316668756,0.4813983943177634,0.0,9.949310833550584e-07,20.161603505235604,429.4472340428122,449.60883754804155,1.015238062396517e-06,2.030685883591303e-08,-0.17784877964815987,19.851993329087467,429.53540316668835,449.5804734701954,0.0,0.17784876964830285,0.0,0.0,0.0,0.0,0.0,0.0,0.0,0.0,0.051578784559991174,0.052861104265475106,0.0012823197054841098,-488137.7138383633,0.0014698735011771141,488137.7153082368,0,0,0,0,0,0,-4.868318567275033e-07,9.83673449138069e-07,20.161603505235604,-0.08596476847880724,-0.05157886108728401,-0.17784875993328034,0.17784876012652304,19.851993329087467,-31404.534029017745,-18842.72041741065,0.0,4.968892286350129e-07,5.613904329653494e-08,0.0,0.0,0.0,0.0,4.975072840677906e-07,2.0388248926277866e-08,0.0,0.0,0.0,1.4805191405542825e-06,0.0,-0.051578861087283746,1.4923974527436782e-06,1.4805862932646182e-06,-0.01653236527009558,-0.016532365888047726,0.05157878455999135,0.0,0.0,-0.4813984139980875,0.48139841416894547,506980.4342557638,0.0,0.0,0.0,0.0,0.0,1.016761482436636e-08,0.0,0.0,0.0,0.17784876031977026,-0.17784875979080922,-18842.72041741065,-0.17784877950568675,0.48139840453319677,-0.067433451935188,-0.06743345188441835,-488137.7138383633,0.0,0.0
1,1,1.999978552426654e-08,120000000.000144,337.0000000000012,-0.4981656775590781,119996473.5693064,336.9999706130784,-0.01668610443572125,229880.42602782577,429.4448156700832,0.4324810726665424,233687.4613009815,429.59808409015346,-0.01668759190779821,159880.41531802752,449.60676837071145,-0.06571394572665497,158880.41376270988,449.5723252719459,-0.016690079238006278,0.016690079238006278,-0.06569927631890306,0.06569927631890306,-0.016690079238006278,0.016690079238006278,-0.06569927631890306,0.06569927631890306,0.0,4.868631720065594e-11,92.4448156701106,92,5.1756052467691486e-08,5.6134440342068485e-08,0.0,-0.4981656875588959,0.4981656875588366,99.49969427505027,92,486255.5427182487,527392.1287616581,1.0,0.0,0.0,92.4448156701106,92,0.0,0.0,0.0,0.0,0.0,99.49969427505113,92,0.0,0.0,0.0,0.0,4.8779761500637905e-11,20.161952700634572,20,1.7565989177948387e-08,2.0402148042187376e-08,0.0,0.0,0.0,19.97424118050045,20,8.88922160280784e-09,1.0327995643414204e-08,0.0,0.0,0.0,20.161952700634572,20,0.0,0.0,0.0,0.0,0.0,19.974241180500446,20,0.0,0.0,0.0,9.8373787595016e-07,92.4448156701106,337.0000000000012,429.4448156700832,1.0146687306441335e-06,3.093074469842316e-08,0.4981656778984967,99.49969427505113,336.99997061307926,429.5980840901526,0.4981656678750105,0.0,9.949310999185575e-07,20.161952700634572,429.4448156700832,449.60676837071145,1.015197245388155e-06,2.0266025216053583e-08,-1.4669835142252365e-05,19.97424118050045,429.59808409015346,449.5723252719459,0.0,1.4661487526665511e-05,0.0,0.0,0.0,0.0,0.0,0.0,0.0,0.0,0.05157879318514079,0.05282946660937028,0.0012506734242296621,-527390.5766106368,0.001457272754822699,527390.5780679096,0,0,0,0,0,0,-4.868319382156254e-07,9.83673530575188e-07,20.161952700634572,-0.08596478286971648,-0.05157886972182955,-1.4650121117324378e-05,1.465031390195061e-05,19.97424118050045,-2.5869183860244047,-1.5521510316146427,0.0,4.968892286392987e-07,5.6134387045085995e-08,0.0,0.0,0.0,0.0,4.975072841714486e-07,2.0402301100859363e-08,0.0,0.0,0.0,1.4805192219805721e-06,0.0,-0.05157886972182929,1.492397469301884e-06,1.4805862932016584e-06,-0.016689581771636895,-0.016689582389589026,0.05157879318514097,0.0,0.0,-0.4981656875589552,0.4981656877286475,527392.1287616581,0.0,0.0,0.0,0.0,0.0,1.0329838976408758e-08,0.0,0.0,0.0,1.4650506988545391e-05,-1.4649978070675103e-05,-1.5521510316146425,-1.466969267880489e-05,0.4981656780918728,-0.06569927617643961,-0.06569927612552699,-527390.5766106368,0.0,0.0
2,2,1.9999785400298524e-08,120000000.000216,337.0000000000018,-0.5207227605510938,119994598.96736841,336.9999549913956,-0.01672845100985457,229820.20360436916,429.44239115992406,0.4443802281950009,235287.23012248357,429.66248959789317,-0.016729938482093896,159820.18753967108,449.60469394261946,-0.07635733588007901,158605.52735354166,449.5628573469312,-0.01673242581230939,0.01673242581230939,-0.07634993496292167,0.07634993496292167,-0.01673242581230939,0.01673242581230939,-0.07634993496292167,0.07634993496292167,0.0,4.868631335130324e-11,92.44239115995086,92,5.1751832425180164e-08,5.612986330834041e-08,0.0,-0.5207227705509029,0.5207227705508393,100.20327682310241,92,511867.43495010695,555170.7537419815,1.0,0.0,0.0,92.44239115995086,92,0.0,0.0,0.0,0.0,0.0,100.20327682310328,92,0.0,0.0,0.0,0.0,4.8779821950182375e-11,20.16230278270173,20,1.7577996346657193e-08,2.041609219008134e-08,0.0,0.0,0.0,19.900367748705115,20,8.852238704250233e-09,1.0285056216543656e-08,0.0,0.0,0.0,20.16230278270173,20,0.0,0.0,0.0,0.0,0.0,19.900367748705115,20,0.0,0.0,0.0,9.837378759291922e-07,92.44239115995086,337.0000000000018,429.44239115992406,1.0146727299961824e-06,3.093474407595322e-08,0.5207227608872739,100.20327682310328,336.99995499139646,429.6624895978923,0.5207227508620245,0.0,9.949311073817807e-07,20.16230278270173,429.44239115992406,449.60469394261946,1.0146766138070098e-06,1.9745385560425925e-08,-7.40134449030612e-06,19.900367748705115,429.66248959789317,449.5628573469312,0.0,7.394459267631697e-06,0.0,0.0,0.0,0.0,0.0,0.0,0.0,0.0,0.051578811171558124,0.05277728904518251,0.0011984778736245638,-555169.9717043455,0.0015475110551497237,555169.9732518566,0,0,0,0,0,0,-4.868321080528223e-07,9.836737003297371e-07,20.16230278270173,-0.08596481286268934,-0.051578887717613264,-7.381334692054853e-06,7.381507593118825e-06,19.900367748705115,-1.3033960770084103,-0.7820376462050446,0.0,4.968892286559802e-07,5.612981001995889e-08,0.0,0.0,0.0,0.0,4.975072848310944e-07,2.041624451804905e-08,0.0,0.0,0.0,1.4805193917269357e-06,0.0,-0.05157888771761301,1.4923974767524345e-06,1.4805862932056062e-06,-0.016731928345940016,-0.016731928963892112,0.0515788111715583,0.0,0.0,-0.5207227705509665,0.5207227707190375,555170.7537419815,0.0,0.0,0.0,0.0,0.0,1.0286905286846895e-08,0.0,0.0,0.0,7.3816902487383215e-06,-7.381335701361984e-06,-0.7820376462050441,-7.401202045985422e-06,0.5207227610807965,-0.07634993482047735,-0.07634993476939894,-555169.9717043455,0.0,0.0
3,3,1.9999785326576704e-08,120000000.000288,337.0000000000024,-0.4749029360309579,119992889.3167987,336.9999407443075,-0.015119045553870142,229765.7750405541,429.4401999062623,1.3081295156463695,239996.49637881058,429.8520811690276,-0.015120533026095334,159765.7536209562,449.602819072697,-0.9789827366047515,155081.1895017646,449.4414684190174,-0.01512302035631564,0.01512302035631564,-0.07287807950653112,0.07287807950653112,-0.01512302035631564,0.01512302035631564,-0.07287807950653112,0.07287807950653112,0.0,4.868631224270918e-11,92.44019990628853,92,5.175011828962643e-08,5.612800416282795e-08,0.0,-0.47490294603077443,0.4749029460307145,99.12420729954968,92,461799.64886193053,500867.29811489215,1.0,0.0,0.0,92.44019990628853,92,0.0,0.0,0.0,0.0,0.0,99.1242072995505,92,0.0,0.0,0.0,0.0,4.877991660096457e-11,20.16261916644097,20,1.7596753449355868e-08,2.0437875150750746e-08,0.0,0.0,0.0,14.577682585496753,20,4.080455558662824e-09,4.745948033189542e-09,0.0,0.0,0.0,20.16261916644097,20,0.0,0.0,0.0,0.0,0.0,14.577682585496753,20,0.0,0.0,0.0,9.837378759721453e-07,92.44019990628853,337.0000000000024,429.4401999062623,1.0146695589310403e-06,3.09315729642267e-08,0.4749029363742054,99.1242072995505,336.9999407443083,429.85208116902675,0.4749029263525496,0.0,9.94931112241633e-07,20.16261916644097,429.4401999062623,449.602819072697,1.0145495566715298e-06,1.9618323415978864e-08,-0.9061046575261049,14.577682585496753,429.8520811690276,449.4414684190174,0.0,0.9061046475261348,0.0,0.0,0.0,0.0,0.0,0.0,0.0,0.0,0.05157881013452898,0.05277869535388803,0.0011998852193592206,-404867.3239480408,0.001445835677821316,404867.32539387647,0,0,0,0,0,0,-4.868320984532671e-07,9.83673690773929e-07,20.16261916644097,-0.0859648111675119,-0.051578886700506796,-0.9061046378115364,0.9061046380050019,14.577682585496753,-159999.9569447602,-95999.97416685612,0.0,4.968892286975535e-07,5.612795087631054e-08,0.0,0.0,0.0,0.0,4.975072850583208e-07,2.04380263331884e-08,0.0,0.0,0.0,1.4805193822115256e-06,0.0,-0.05157888670050654,1.4923974815956052e-06,1.4805862932874586e-06,-0.015122522889946286,-0.015122523507898325,0.051578810134529154,0.0,0.0,-0.47490294603083444,0.4749029462024408,500867.29811489215,0.0,0.0,0.0,0.0,0.0,4.749303813996855e-09,0.0,0.0,0.0,0.9061046381984673,-0.9061046376689104,-95999.97416685612,-0.9061046573834768,0.47490293656767085,-0.07287807936390296,-0.07287807931306568,-404867.3239480408,0.0,0.0
4,4,1.999978516610289e-08,120000000.00036,337.000000000003,1.999958746315375e-08,119992889.3168707,336.99994074430725,-0.015314884617237418,229710.6414561109,429.4379802689923,-0.06968995907850775,239745.612526128,429.8419807709593,-0.015316372089493565,159710.61468161314,449.60091991971717,-0.06969013882540108,154830.3050019932,449.43282719285287,-0.015318859419694611,0.015318859419694611,-0.06969003989854111,0.06969003989854111,-0.015318859419694611,0.015318859419694611,-0.06969003989854111,0.06969003989854111,0.0,4.8686308224564553e-11,92.43798026901791,92,5.174576554758503e-08,5.612328320559222e-08,0.0,0.0,0.0,92.84204002665182,92,3.456906495936687e-08,3.74939820376548e-08,0.0,0.0,0.0,92.43798026901791,92,0.0,0.0,0.0,0.0,0.0,92.84204002665182,92,0.0,0.0,0.0,0.0,4.8779985068142386e-11,20.16293965073118,20,1.7610343406540805e-08,2.045365742171206e-08,0.0,0.0,0.0,19.590846421894586,20,6.8791699165110556e-09,7.994385594193413e-09,0.0,0.0,0.0,20.16293965073118,20,0.0,0.0,0.0,0.0,0.0,19.590846421894586,20,0.0,0.0,0.0,9.837378760658434e-07,92.43798026901791,337.000000000003,429.4379802689923,1.0146690846395716e-06,3.093109857848426e-08,-1.9805898117077148e-08,92.84204002665182,336.99994074430725,429.8419807709593,1.9966069616314028e-07,2.1946660988443522e-07,9.949310930527486e-07,20.16293965073118,429.4379802689923,449.60091991971717,1.0152105187239062e-06,2.0279305433147748e-08,-9.935527497480048e-08,19.590846421894586,429.8419807709593,449.43282719285287,1.0989219703411686e-07,2.0924155289111795e-07,0.0,0.0,0.0,0.0,0.0,0.0,0.0,0.0,0.05157881132753938,0.05278047813739449,0.0012016668098552826,0.008438692927218237,0.010017833728980505,0.0015791408017623485,0,0,0,0,0,0,-4.868321098186432e-07,9.836737021915954e-07,20.16293965073118,-0.08596481317429672,-0.051578887904577694,-7.964981899256245e-08,7.98493926217065e-08,19.590846421894586,-0.014064564030182553,-0.008438738418109153,0.0,4.968892287489362e-07,5.612322992966035e-08,0.0,0.0,0.0,0.0,4.975072843272644e-07,2.0453807778826857e-08,0.0,0.0,0.0,1.480519393683129e-06,0.0,-0.05157888790457744,1.4923974623837224e-06,1.4805862934358006e-06,-0.01531836195332528,-0.015318362571277241,0.05157881132753956,0.0,0.0,0.0,0.0,3.7494191425431664e-08,0.0,0.0,0.0,0.0,0.0,7.996698851160795e-09,0.0,0.0,0.0,8.004587835985237e-08,-7.950420391616401e-08,-0.008438738418108889,-9.921246997079659e-08,-1.961248964254056e-08,-0.06969003975573611,-0.06969003970513264,0.00843869292721839,0.0,0.0
5,5,1.9999785006603417e-08,120000000.000432,337.0000000000036,1.9999603764699564e-08,119992889.31694269,336.9999407443078,-0.015078016684793496,229656.36059622452,429.4357949617813,-0.09035733528144005,239420.3261191149,429.82888498116586,-0.015079504157113559,159656.3284668266,449.59905013716775,-0.09035761931637235,154505.01757245432,449.4216233032156,-0.015081991487263306,0.015081991487263306,-0.09035746824284528,0.09035746824284528,-0.015081991487263306,0.015081991487263306,-0.09035746824284528,0.09035746824284528,0.0,4.8686307480080663e-11,92.43579496180634,92,5.174438092388118e-08,5.612178144615048e-08,0.0,0.0,0.0,92.82894423685778,92,3.4837204106514196e-08,3.778480079594932e-08,0.0,0.0,0.0,92.43579496180634,92,0.0,0.0,0.0,0.0,0.0,92.82894423685778,92,0.0,0.0,0.0,0.0,4.8780069103081606e-11,20.163255175392745,20,1.762700023379281e-08,2.0473001304344607e-08,0.0,0.0,0.0,19.592738322051,20,7.0138400790070985e-09,8.150722704526187e-09,0.0,0.0,0.0,20.163255175392745,20,0.0,0.0,0.0,0.0,0.0,19.592738322050998,20,0.0,0.0,0.0,9.837378762375624e-07,92.43579496180634,337.0000000000036,429.4357949617813,1.014668131809345e-06,3.093014557542231e-08,-1.9806042232674765e-08,92.82894423685778,336.9999407443078,429.82888498116586,1.9969281081772562e-07,2.1949886864210642e-07,9.94931041852651e-07,20.163255175392745,429.4357949617813,449.59905013716775,1.015256643148734e-06,2.0325481112318987e-08,-1.515024465105178e-07,19.592738322051,429.82888498116586,449.4216233032156,6.697380962033759e-08,2.1847188173425545e-07,0.0,0.0,0.0,0.0,0.0,0.0,0.0,0.0,0.0515788126112655,0.0527914958267426,0.0012126832154772775,0.013963388248751693,0.01549067008329822,0.0015272818345466108,0,0,0,0,0,0,-4.868321221074932e-07,9.83673714560957e-07,20.163255175392745,-0.08596481534357543,-0.05157888920614492,-1.317951708659759e-07,1.3199258724882437e-07,19.592738322051,-0.02327239031126599,-0.013963434186759237,0.0,4.968892288245401e-07,5.6121728171216696e-08,0.0,0.0,0.0,0.0,4.975072843236935e-07,2.047315064914792e-08,0.0,0.0,0.0,1.4805194061292548e-06,0.0,-0.05157888920614467,1.4923974111502888e-06,1.4805862936826156e-06,-0.015081494020894008,-0.01508149463884586,0.05157881261126567,0.0,0.0,0.0,0.0,3.7785007877183114e-08,0.0,0.0,0.0,0.0,0.0,8.152999060718237e-09,0.0,0.0,0.0,1.321878973950135e-07,-1.3164999420479078e-07,-0.013963434186758987,-1.5135947336152414e-07,-1.9612801353304766e-08,-0.09035746809987213,-0.0903574680496044,0.013963388248751832,0.0,0.0
6,6,1.9999784931812817e-08,120000000.000504,337.0000000000042,1.999925290661364e-08,119992889.3170147,336.99994074430845,-0.014580319064834531,229603.87144776998,429.4336817875454,-0.14270884816718113,238906.57426571313,429.80820171210485,-0.014581806537083939,159603.8339634722,449.5972420666162,-0.14270917114022377,153991.26455634958,449.4039280848625,-0.014584293867166278,0.014584293867166278,-0.14270900059709665,0.14270900059709665,-0.014584293867166278,0.014584293867166278,-0.14270900059709665,0.14270900059709665,0.0,4.868631248532737e-11,92.43368178756981,92,5.1747968874101894e-08,5.612567290169444e-08,0.0,0.0,0.0,92.80826096779612,92,3.422594180608542e-08,3.712183712840427e-08,0.0,0.0,0.0,92.43368178756981,92,0.0,0.0,0.0,0.0,0.0,92.80826096779612,92,6.060920240715861e-08,6.57368790037151e-08,0.0,0.0,4.878019696259285e-11,20.163560279077057,20,1.7652312390833282e-08,2.0502396777859923e-08,0.0,0.0,0.0,19.595726372758968,20,6.738028428031222e-09,7.830537948841259e-09,0.0,0.0,0.0,20.163560279077053,20,0.0,0.0,0.0,0.0,0.0,19.595726372758968,20,1.2827780066687093e-08,1.4901727417278776e-08,0.0,9.837378765047812e-07,92.43368178756981,337.0000000000042,429.4336817875454,1.0146659125860752e-06,3.092792608237576e-08,-1.9805594238595386e-08,92.80826096779612,336.99994074430845,429.80820171210485,1.9991554877344233e-07,2.1972115855011302e-07,9.949309745665593e-07,20.163560279077057,429.4336817875454,449.5972420666162,1.0149412968854394e-06,2.0010201764914214e-08,-1.7097252673745675e-07,19.595726372758968,429.80820171210485,449.4039280848625,5.834218861153533e-08,2.2931088760405357e-07,0.0,0.0,0.07357298277434086,-6.573720374627581e-08,0.0,0.0,0.07357298277434086,-1.490624459436726e-08,0.051578797831252986,0.05285528783723163,0.0012764900059788278,0.016026176952647624,0.016940573471616455,0.0009143965189688959,0,0,0,0,0,0,-4.868319829399211e-07,9.836735755928644e-07,20.163560279077057,-0.0859647907656969,-0.05157887445941779,-1.5126498352318087e-07,1.514616548320702e-07,19.595726372758968,-0.026710369845981463,-0.016026221907588532,0.0,4.968892289240227e-07,5.612561961245938e-08,0.0,0.0,0.0,0.0,4.975072847820051e-07,2.0502544582939008e-08,0.0,0.0,0.0,1.4805192672860906e-06,0.0,-0.051578874459417536,1.492397343824161e-06,1.4805862940415803e-06,-0.01458379640079702,-0.014583797018748741,0.05157879783125316,0.0,0.0,0.0,0.0,3.712204950458271e-08,0.0,0.0,6.573704147614897e-08,0.0,0.0,7.83289082945104e-09,0.0,0.0,1.490398970035498e-08,1.5165650395198154e-07,-1.5111993285234258e-07,-0.01602622190758829,-1.7082939353513776e-07,-1.9612512894092895e-08,-0.14270900045396345,-0.1427090004040153,0.016026176952647762,-6.573714967829263e-08,-1.4905493774930232e-08
7,7,1.9999425240105014e-08,120000000.000576,337.0000000000048,1.9999290950831246e-08,119992889.3170867,336.999940744309,-0.014099046437667054,229553.11488077324,429.4316383657556,-0.4801046705395488,237178.19745177083,429.7386185418539,-0.014100533293782904,159553.07204379368,449.5954936715225,0.1694036176541482,154601.11757990456,449.4249332801163,-0.014103528131426695,0.014103528131426695,-0.1553505176520675,0.1553505176520675,-0.014103528131426695,0.014103528131426695,-0.1553505176520675,0.1553505176520675,0.0,4.872418684539691e-11,92.43163836581402,92,5.178520263458838e-08,5.6166056327899655e-08,0.0,0.0,0.0,92.73867779754458,92,3.484389505572737e-08,3.7792057690729e-08,0.0,0.0,4.876142660535825e-11,92.43163836581402,92,8.557337554340317e-08,9.281249289916225e-08,0.0,0.0,0.0,92.73867779754458,92,6.072914633650713e-08,6.586696941049566e-08,0.0,0.0,4.90912929460693e-11,20.163855305780874,20,1.7639777705173156e-08,2.0487840041123727e-08,0.0,0.0,0.0,20.33009566619806,20,7.404887003933726e-09,8.60469262252098e-09,0.0,0.0,4.912701175197626e-11,20.163855305780874,20,2.470737139376337e-08,2.869572587638386e-08,0.0,-0.3247542592073824,0.32475425940031244,20.330095666198805,20,64768.41743543333,75224.64278215254,1.0,1.4906269455638501e-06,92.43163836581402,337.0000000000048,429.4316383657556,1.5078692875422615e-06,1.7242283010362102e-08,-1.9805710009438477e-08,92.73867779754458,336.999940744309,429.7386185418539,1.9983987463774703e-07,2.1964560019545046e-07,1.502438536147681e-06,20.163855305780874,429.4316383657556,449.5954936715225,1.5118009848429586e-06,9.362389459473773e-09,0.3247541348763606,20.33009566619806,429.73861854185316,449.42493328011705,0.3247541248794062,0.0,0.07477177315670108,-9.281207480884119e-08,0.27945187048193765,-6.586729322195268e-08,0.07477177315670108,-2.8695120308293866e-08,0.27945187048193765,-75224.64278215254,0.051579048734465414,0.052380730000255525,0.0008016812657902603,0.01217975754010505,0.013138090940039045,0.0009583333999340663,0,0,0,0,0,0,-4.868343511274486e-07,9.836759426654547e-07,20.163855305780874,-0.08596520898076299,-0.05157912538845748,-1.149602120490748e-07,1.1515842212707588e-07,20.33009566619806,-0.020299673232060805,-0.012179803939236115,0.0,4.968892158737638e-07,5.616600289685492e-08,0.0,4.96889253080455e-07,9.281228383020843e-08,0.0,4.975075345197389e-07,2.0487988610320757e-08,0.0,4.975075702073524e-07,2.8695422340333122e-08,1.4805216340878263e-06,0.0,-0.05157912538845724,1.999904905361795e-06,1.987475363205313e-06,-0.01410303066505748,-0.014103031283009054,0.051579048734465574,-9.281214447758229e-08,-2.8695220849548467e-08,0.0,0.0,3.779226472269402e-08,0.0,0.0,6.586713141690912e-08,0.0,0.0,8.60686573261152e-09,-0.32475425901442245,0.32475425954655424,75224.64278215254,1.1535398747417269e-07,-1.1481663373319255e-07,-0.012179803939235859,0.3247541350196457,-1.961277995686386e-08,-0.15535051750878248,-0.15535051745913744,0.012179757540105189,-6.586723930889519e-08,-75224.64278215254
8,8,1.9999483787738514e-08,120000000.00064799,337.0000000000054,1.999929098430305e-08,119992889.31715868,336.99994074430964,0.140802876430421,230060.00523610163,429.452045396306,-0.707857040690022,234629.9121052868,429.6360264614229,-0.17039492939221126,158939.6502981608,449.5743655582944,0.37786324828866763,155961.4252737438,449.47178641949563,-0.014800256376937444,0.014800256376937444,-0.16499688741661278,0.16499688741661278,-0.014800256376937444,0.014800256376937444,-0.16499688741661278,0.16499688741661278,0.0,4.908288096701513e-11,92.4520453963638,92,5.478400882019268e-08,5.941853906519137e-08,0.0,0.0,0.0,92.636085717113,92,3.477565256916557e-08,3.771804315392658e-08,0.0,0.0,4.911717784765806e-11,92.4520453963638,92,8.591270985576138e-08,9.318053379800778e-08,0.0,0.0,0.0,92.636085717113,92,6.070181677845689e-08,6.583732796996221e-08,0.0,0.0,5.221607642114463e-11,19.97453647935519,20,1.810241984518268e-08,2.102510442580829e-08,0.0,0.0,0.0,21.63465009125244,20,8.234064331686178e-09,9.567337576410596e-09,0.0,-0.27897324030836224,0.2789737371567801,19.974536479035972,20,54664.960387820014,63490.08175124277,1.0,-0.5428602477737315,0.5428602479666306,21.634650091253505,20,115214.4427445835,133814.68379161847,1.0,1.490627660497288e-06,92.4520453963638,337.0000000000054,429.452045396306,1.5078648793465065e-06,1.7237159880005325e-08,-1.9805743252434883e-08,92.636085717113,336.99994074430964,429.6360264614229,1.9973128248535323e-07,2.1953704131147276e-07,-0.15559616541438126,19.97453647935519,429.4520453966252,449.57436555797517,0.0,0.15559615602091317,0.5428601352752767,21.63465009125244,429.6360264614218,449.4717864194967,0.5428601252823881,0.0,0.2358591708815945,-9.318011472555289e-08,0.4971078908988494,-6.583765202448507e-08,0.2358591708815945,-63490.08175124277,0.4971078908988494,-133814.68379161847,46042.02260750965,46042.023415831914,0.0008083222611900084,0.01092738896235685,0.01147248877458714,0.0005450998122303517,0,0,0,0,0,0,-0.43457189005540425,0.43457238690382205,19.97453647935519,-76736.7043459835,-46042.022607590094,-1.0313962349626693e-07,1.0333863882498485e-07,21.63465009125244,-0.01821239374987138,-0.01092743624992247,0.0,4.96889574730427e-07,5.9418476273306896e-08,0.0,4.968896089968372e-07,9.318032423798164e-08,0.0,4.969042303673557e-07,2.1025219554610524e-08,-0.2789727391755781,0.27897423401678423,63490.08175124277,0.43457288375223985,-0.43457139319540006,-46042.022607590094,-0.1555956679480121,1.9874760782980233e-06,-0.014799758910568298,-0.014799759528519644,46042.02260750965,-9.3180184557977e-08,-63490.08175124277,0.0,0.0,3.771825076532362e-08,0.0,0.0,6.583749009802065e-08,0.0,0.0,9.569314291590313e-09,-0.5428602475808314,0.5428602481170297,133814.68379161847,1.0353459030043539e-07,-1.0299230323559564e-07,-0.010927436249922227,0.5428601354186112,-1.9612846692136736e-08,-0.16499688727327816,-0.16499688722371622,0.010927388962356975,-6.583759807097835e-08,-133814.68379161847
9,9,1.9999434093628572e-08,120000000.00072,337.000000000006,-0.349412602790407,119991631.43178864,336.9999302619322,-0.4428939025740387,228465.58718701394,429.3878553063936,-0.39100347065606494,233222.29961092505,429.5793570250733,0.4087314365629604,160411.08346996654,449.6250461978399,0.4263292919166536,157496.2107246438,449.52464910414864,-0.017085462739009863,0.017085462739009863,-0.15704339210013943,0.15704339210013943,-0.017085462739009863,0.017085462739009863,-0.15704339210013943,0.15704339210013943,0.0,4.9835992021847164e-11,92.38785530645079,92,5.190988199440544e-08,5.6301282445566197e-08,0.0,0.0,0.0,95.9747263095147,92,3.6257227760673175e-08,3.932493303680706e-08,0.0,0.0,4.987352946158769e-11,92.38785530645079,92,8.595185752104878e-08,9.322299298567584e-08,0.0,-0.34941261279003283,0.34941261278999025,95.97472630951404,92,328976.1906385921,356807.14819803915,1.0,0.0,4.9129478862756357e-11,21.343996817867964,20,1.8824364152863898e-08,2.1863606956218826e-08,0.0,0.0,0.0,22.022695864028016,20,8.338303185371029e-09,9.688358441125444e-09,0.0,-0.42581340766289305,0.4258139044650441,21.343996817855245,20,89158.87780082965,103552.70360142816,1.0,-0.5833727526853062,0.5833727529097567,22.02269586403094,20,126033.39339152999,146380.24784149826,1.0,1.4904903691605262e-06,92.38785530645079,337.000000000006,429.3878553063936,1.5077314264898074e-06,1.7240998349339398e-08,0.3494126031509427,95.9747263095147,336.9999302619329,429.5793570250727,0.3494125931383092,0.0,0.4258154067841141,21.343996817867964,429.3878553064063,449.6250461978272,0.4258153967180422,0.0,0.5833726835867873,22.022695864028016,429.5793570250704,449.52464910415154,0.5833726736076592,0.0,0.3846877203897489,-9.322257343483638e-08,0.6902159686444646,-356807.14819803915,0.3846877203897489,-103552.70360142816,0.6902159686444646,-146380.24784149826,0.05157424391788374,0.05208482431531911,0.0005105803974355017,0.006335131414698911,0.006911039401928096,0.0005759079872292249,0,0,0,0,0,0,-4.867890144431575e-07,9.835843386346582e-07,21.343996817867964,-0.08595720347139779,-0.05157432208283839,-5.979519086830847e-08,5.999501226161287e-08,22.022695864028016,-0.010558634050233454,-0.0063351804301398015,0.0,4.968440607954265e-07,5.630122852659021e-08,0.0,4.968440982995316e-07,9.322278318640606e-08,0.0,4.974809633973744e-07,2.1863725637616358e-08,-0.4258129071465657,0.425814401904863,103552.70360142816,1.4803837632297826e-06,0.0,-0.05157432208283817,0.42581590429006616,1.987292520246251e-06,-0.017084965233057806,-0.01708496593685878,0.05157424391788387,-9.322264334696271e-08,-103552.70360142816,0.0,0.0,3.9325128340229727e-08,-0.34941261279007546,0.3494126129701583,356807.14819803915,0.0,0.0,9.690312091095558e-09,-0.5833727524768811,0.5833727530569768,146380.24784149826,6.019136972613017e-08,-5.963453948381777e-08,-0.006335180430139614,0.5833726837301225,0.3494126033438614,-0.1570433919568042,-0.15704339190722072,0.0063351314146990155,-356807.14819803915,-146380.24784149826
10,10,1.9999432534723407e-08,120000000.000792,337.0000000000066,-0.41312057233273525,119990144.19772825,336.99991786831515,-0.5808349297798898,226374.58143998517,429.30367296391364,-0.306003367715555,232120.68748714912,429.5350069369789,0.5121818589730988,162254.93816244882,449.6885541683452,0.4476214264215345,159107.64785976138,449.5801519062236,-0.03433076520369555,0.03433076520369555,-0.13575125814612804,0.13575125814612804,-0.03433076520369555,0.03433076520369555,-0.13575125814612804,0.13575125814612804,0.0,5.077509570388573e-11,92.30367296397027,92,5.194773953857865e-08,5.634234214522651e-08,0.0,0.0,0.0,97.28138281517279,92,3.660879758094122e-08,3.9706239628458416e-08,0.0,0.0,5.081258073045462e-11,92.30367296397027,92,8.59123090106509e-08,9.31800984536433e-08,0.0,-0.4131205823323569,0.41312058233231724,97.28138281517205,92,394253.5162984004,427606.8506490243,1.0,0.0,4.8943636045519426e-11,22.208049513386655,20,1.8402344268019388e-08,2.137355385035295e-08,0.0,0.0,0.0,22.122548758128463,20,8.39078174304773e-09,9.749286367342584e-09,0.0,-0.5465091326832204,0.5465096294334568,22.208049513371705,20,119063.11564701443,138284.68716261841,1.0,-0.5833727526537598,0.5833727528794297,22.122548758131437,20,126604.84018515624,147043.9491116797,1.0,1.4904867113834157e-06,92.30367296397027,337.0000000000066,429.30367296391364,1.5077143623331e-06,1.7227591966492154e-08,0.4131205726852066,97.28138281517279,336.9999178683159,429.53500693697816,0.41312056266811414,0.0,0.5465111316542011,22.208049513386655,429.3036729639286,449.68855416833026,0.5465111215545011,0.0,0.5833726841383785,22.122548758128463,429.53500693697595,449.58015190622655,0.5833726741595907,0.0,0.5137134929205837,-9.317967849961893e-08,0.8271725442451721,-427606.8506490243,0.5137134929205837,-138284.68716261841,0.8271725442451721,-147043.9491116797,0.051574255565423305,0.05209368224060133,0.0005194266751781568,0.00627347291927827,0.006850364178278796,0.0005768912590005601,0,0,0,0,0,0,-4.867891201516857e-07,9.83582598330933e-07,22.208049513386655,-0.08595722213572217,-0.051574333281433,-5.9213225639680034e-08,5.94133486037375e-08,22.122548758128463,-0.010455870628233055,-0.006273522376939563,0.0,4.968431545926633e-07,5.634228795513742e-08,0.0,4.968431920444009e-07,9.317988845271069e-08,0.0,4.974487472864196e-07,2.1373721260024024e-08,-0.5465086357061149,0.5465101268412456,138284.68716261841,1.4803801773908505e-06,0.0,-0.051574333281432794,0.5465116291617321,1.9872870171464662e-06,-0.034330267696164464,-0.03433026840338979,0.051574255565423444,-9.317974847890446e-08,-138284.68716261841,0.0,0.0,3.970643214938168e-08,-0.41312058233239657,0.41312058250844313,427606.8506490243,0.0,0.0,9.7512286859192e-09,-0.583372752444523,0.5833727530263568,147043.9491116797,5.961005502270792e-08,-5.90524284103294e-08,-0.006273522376939379,0.5833726842814732,0.41312057287852255,-0.13575125800303334,-0.1357512579528121,0.006273472919278374,-427606.8506490243,-147043.9491116797
11,11,-0.31266780433806485,119998874.39669637,336.9999906215194,-0.44933029449661965,119988526.60866806,336.9999043884063,-0.30932632943626415,225261.00665419348,429.258841266346,-0.2510612706988249,231216.8669126334,429.4986197901456,0.5447480128576359,164216.03100889394,449.7561001779033,0.46635380162101847,160786.52154559712,449.6379774284628,-0.03862725466117194,0.03862725466117194,-0.11701888311934,0.11701888311934,-0.03862725466117194,0.03862725466117194,-0.11701888311934,0.11701888311934,0.0,4.6006314667901806e-11,94.97761243311187,92,5.213270491131459e-08,5.654298087141654e-08,0.0,0.0,0.0,98.11349057391197,92,3.681780213095866e-08,3.993292242729069e-08,0.0,-0.31266781433805396,0.31266781433819524,94.97761243156496,92,291322.10078347253,315967.5713486687,1.0,-0.44933030449623995,0.44933030449620326,98.11349057391118,92,432477.42667458754,469064.4540939128,1.0,0.0,4.89840251977686e-11,22.574670469360356,20,1.979080133746649e-08,2.2986038184253995e-08,0.0,0.0,0.0,22.216761428439142,20,8.40045081684155e-09,9.760512061578095e-09,0.0,-0.5833717763971934,0.5833722731885209,22.574670469360367,20,129192.17528456873,150048.98407034698,1.0,-0.5833727526159751,0.5833727528429061,22.21676142844216,20,127144.00861563026,147670.16099376336,1.0,0.3126692240650286,94.97761243311187,336.9999906230663,429.25884126479906,0.3126691871634296,0.0,0.449330294844535,98.11349057391197,336.9999043884071,429.4986197901448,0.449330284824723,0.0,0.5833737749906488,22.574670469360356,429.25884126634594,449.7561001779033,0.5833737649907602,0.0,0.5833726843118461,22.216761428439142,429.4986197901425,449.63797742846583,0.5833726743334119,0.0,0.6112149495870927,-315967.5713486687,0.9073690875066988,-469064.4540939128,0.6112149495870927,-150048.98407034698,0.9073690875066988,-147670.16099376336,0.051573346379292576,0.052096370580533305,0.0005230242012408586,0.006251216618870424,0.0068309268924351164,0.000579710273564733,0,0,0,0,0,0,-4.867805558268935e-07,9.83571868096131e-07,22.574670469360356,-0.08595570984729267,-0.05157342590837531,-5.9003159755482566e-08,5.920364832924758e-08,22.216761428439142,-0.010418777190727826,-0.006251266314436423,0.0,4.699339921769513e-07,5.654293942985741e-08,-0.3126678143379127,0.31266828423461585,315967.5713486687,0.0,4.975504535904259e-07,2.298614281876717e-08,-0.583371279601777,0.58337276,150048.98407034698,1.4803672796788216e-06,0.0,-0.051573425908375096,0.5833742725000352,0.3126697208631662,-0.038626757151785616,-0.03862675786303436,0.05157334637929271,-315967.5713486687,-150048.98407034698,0.0,0.0,3.993311332012309e-08,-0.4493303044962767,0.44933030467004603,469064.4540939128,0.0,0.0,9.762452213415166e-09,-0.5833727524058898,0.5833727529895327,147670.16099376336,5.940075143553321e-08,-5.884223559391025e-08,-0.006251266314436236,0.5833726844546835,0.44933029503827915,-0.11701888297650252,-0.11701888292559584,0.006251216618870528,-469064.4540939128,-147670.16099376336
12,12,-0.33072881614680266,119997683.77295825,336.99998069973003,-0.44956646119603894,119986908.16940776,336.9998909014125,-0.28598051573468,224231.47679772755,429.21739315686426,-0.23259531639020223,230379.52377362875,429.46490897562336,0.5500328207926815,166196.14916391912,449.8243014770097,0.4845835928878627,162531.02247999347,449.69806335299023,-0.03334244668732194,0.03334244668732194,-0.09878909368302166,0.09878909368302166,-0.03334244668732194,0.03334244668732194,-0.09878909368302166,0.09878909368302166,0.0,4.573395613158853e-11,95.25933858671905,92,5.129115164832652e-08,5.563024154855445e-08,0.0,0.0,0.0,98.08569701671026,92,3.670796927610644e-08,3.981379951621404e-08,0.0,-0.3307288261466802,0.33072882614677507,95.25933858509704,92,309064.1405003448,335210.5645339965,1.0,-0.44956647119566023,0.4495664711956265,98.08569701670946,92,432582.1590959505,469178.04674181185,1.0,0.0,4.898170407917864e-11,22.684319877676934,20,1.9575545499823998e-08,2.2736058646155204e-08,0.0,0.0,0.0,22.3105581805335,20,8.426737010995578e-09,9.79103049009834e-09,0.0,-0.5833717759311924,0.5833722729467149,22.68431987767695,20,129819.68585592226,150777.80006495037,1.0,-0.5833727525422459,0.5833727527701288,22.310558180536557,20,127680.79678527142,148293.60834526297,1.0,0.3307302277394007,95.25933858671905,336.999980701352,429.21739315524223,0.3307301879022987,0.0,0.4495664615447212,98.08569701671026,336.9998909014133,429.46490897562256,0.4495664515248391,0.0,0.5833737749518433,22.684319877676934,429.21739315686426,449.8243014770098,0.5833737649519974,0.0,0.5833726861431944,22.3105581805335,429.4649089756203,449.6980633529933,0.5833726761649876,0.0,0.6484390389437005,-335210.5645339965,0.9075888237412905,-469178.04674181185,0.6484390389437005,-150777.80006495037,0.9075888237412905,-148293.60834526297,0.05159900568443393,0.05212536881240187,0.0005263631279680757,0.006049443801591673,0.0071421890901064745,0.0010927452885148546,0,0,0,0,0,0,-4.870227325896039e-07,9.840382397678603e-07,22.684319877676934,-0.08599847341802637,-0.05159908405081553,-5.709870754953721e-08,5.72995631803246e-08,22.3105581805335,-0.010082489014247777,-0.006049493408548389,0.0,4.6722237595645e-07,5.563020422958464e-08,-0.33072882614658533,0.33072929333189993,335210.5645339965,0.0,4.975504939648536e-07,2.273617688346882e-08,-0.5833712789115786,0.58337276,150777.80006495037,1.4810578487893626e-06,0.0,-0.051599084050815314,0.58337427246123,0.3307307247617365,-0.03334194917793522,-0.033341949664986194,0.05159900568443406,-335210.5645339965,-150777.80006495037,0.0,0.0,3.9813991243585806e-08,-0.449566471195694,0.4495664713698523,469178.04674181185,0.0,0.0,9.792964970383403e-09,-0.5833727523314542,0.5833727529164786,148293.60834526297,5.749707520000053e-08,-5.693779298722359e-08,-0.006049493408548188,0.5833726862857577,0.4495664617389184,-0.09878909354045833,-0.0987890934888244,0.006049443801591791,-469178.04674181185,-148293.60834526297
13,13,-0.30986231589848057,119996568.26862101,336.99997140377644,-0.41805137415359894,119985403.1844608,336.9998783598713,-0.30268986607591275,223141.79328003328,429.1735233056989,-0.24545387366415172,229495.88982843788,429.4293345275336,0.5541899576618348,168191.23301167547,449.8930182401473,0.503240125402271,164342.68693144168,449.76046259357105,-0.029185309703362777,0.029185309703362777,-0.08013256254576444,0.08013256254576444,-0.029185309703362777,0.029185309703362777,-0.08013256254576444,0.08013256254576444,0.0,4.6090996720879676e-11,94.84374333108683,92,5.131954532337373e-08,5.56610334783564e-08,0.0,0.0,0.0,97.28972486228267,92,3.64329929361422e-08,3.9515564828979474e-08,0.0,-0.30986232589826396,0.3098623258983102,94.84374332954884,92,288301.21345419984,312691.1208830801,1.0,-0.4180513841532296,0.4180513841531989,97.28972486228191,92,398993.34163850505,432747.65904393175,1.0,0.0,4.8980108468346955e-11,22.796906491180046,20,1.9524271770292583e-08,2.267651852007343e-08,0.0,0.0,0.0,22.40853187902064,20,8.520551661950944e-09,9.899950806269546e-09,0.0,-0.5833717754055103,0.5833722726561006,22.796906491180078,20,130464.00569451858,151526.1390180239,1.0,-0.5833727524793623,0.5833727527083947,22.408531879023734,20,128241.4891481807,148944.81898743403,1.0,0.3098637381886503,94.84374333108683,336.99997140531445,429.17352330416094,0.30986370168224,0.0,0.41805137450779745,97.28972486228267,336.999878359872,429.42933452753283,0.41805136449020835,0.0,0.5833737748370386,22.796906491180046,429.1735233056989,449.89301824014734,0.5833737648373261,0.0,0.5833726875212116,22.40853187902064,429.4293345275305,449.7604625935741,0.5833726775433012,0.0,0.6048769083203855,-312691.1208830801,0.8371170424435377,-432747.65904393175,0.6048769083203855,-151526.1390180239,0.8371170424435377,-148944.81898743403,0.051629666801417305,0.05255869424995326,0.0009290274485361227,0.005896885999178234,0.006995337270270921,0.001098451271092737,0,0,0,0,0,0,-4.873121304410067e-07,9.84562705434396e-07,22.796906491180046,-0.08604957523175807,-0.05162974513905452,-5.5658774825430784e-08,5.585984048382112e-08,22.40853187902064,-0.009828225694672003,-0.0058969354168029245,0.0,4.707885609260477e-07,5.566099426929892e-08,-0.30986232589821777,0.3098627966491998,312691.1208830801,0.0,4.975506254488278e-07,2.267664237756157e-08,-0.5833712781508172,0.58337276,151526.1390180239,1.4818173938052872e-06,0.0,-0.05162974513905428,0.5833742723464249,0.3098642354460701,-0.02918481219397643,-0.02918481244594296,0.051629666801417465,-312691.1208830801,-151526.1390180239,0.0,0.0,3.951575869827965e-08,-0.4180513841532604,0.418051384330179,432747.65904393175,0.0,0.0,9.901865492288586e-09,-0.5833727522677575,0.5833727528544336,148944.81898743403,5.6057690591648674e-08,-5.549772783431022e-08,-0.005896935416802727,0.5833726876634863,0.41805137470246334,-0.08013256240348982,-0.08013256235109859,0.005896885999178352,-432747.65904393175,-148944.81898743403
14,14,1.9999199231067617e-08,119996568.26869301,336.9999714022391,-0.35592967336302384,119984121.8376367,336.99986768198096,-0.5456894457490734,221177.3112755157,429.0944347169075,-0.30853716757386823,228385.15602517204,429.38461720737996,0.49835903858482905,169985.32555075997,449.9548122505557,0.5022785287515812,166150.88963494744,449.82274260101093,-0.023669437387823584,0.023669437387823584,-0.08109415743749583,0.08109415743749583,-0.023669437387823584,0.023669437387823584,-0.08109415743749583,0.08109415743749583,0.0,5.077013041596857e-11,92.09446331473175,92,4.873181427500722e-08,5.285437551725056e-08,0.0,0.0,0.0,95.9078851138655,92,3.6026921953561985e-08,3.907514727746848e-08,0.0,0.0,5.0810970974469344e-11,92.09446331473175,92,8.564322721078977e-08,9.288825182488324e-08,0.0,-0.3559296833626698,0.35592968336264214,95.90788511386482,92,334878.7038012625,363209.0062920418,1.0,0.0,4.8809637962520054e-11,22.523846266821263,20,1.79789629819568e-08,2.0881888170039765e-08,0.0,0.0,0.0,22.515529194096477,20,8.598119019358326e-09,9.990008158319012e-09,0.0,-0.522025002204566,0.5220254998569247,22.523846266820676,20,115346.19686120922,133967.7083173162,1.0,-0.5833727524729786,0.5833727527035002,22.51552919409963,20,128853.82265891855,149656.00773393558,1.0,1.4925267934203623e-06,92.09446331473175,336.9999714022391,429.0944347169075,1.5097069420812678e-06,1.7180089821119838e-08,0.35592967372684187,95.9078851138655,336.99986768198164,429.3846172073793,0.35592966371359924,0.0,0.5220269834445019,22.523846266821263,429.09443471690804,449.9548122505551,0.5220269734408094,0.0,0.5833726857631665,22.515529194096477,429.3846172073768,449.8227426010141,0.5833726757856776,0.0,0.49767636182026426,-9.288783058466078e-08,0.7025998704330214,-363209.0062920418,0.49767636182026426,-133967.7083173162,0.7025998704330214,-149656.00773393558,0.05364810663310085,0.05456621500475633,0.0009181083716556144,0.0060826057006642155,0.007164917476230881,0.001082311775566717,0,0,0,0,0,0,-5.063633208305682e-07,1.0038352386226102e-06,22.523846266821263,-0.08941363394920505,-0.05364818036952255,-5.741170417460893e-08,5.761343008415505e-08,22.515529194096477,-0.010137757946526792,-0.00608265476791579,0.0,4.97523182756955e-07,5.2854332226085195e-08,0.0,4.975232235613601e-07,9.288804118057077e-08,0.0,4.975464701530711e-07,2.0882088739482133e-08,-0.5220245041971824,0.5220259973625668,133967.7083173162,1.5013121657481957e-06,-8.970181212678952e-09,-0.053648180369522215,0.5220274809538855,1.990007121682645e-06,-0.023668939878439998,-0.023668939907495322,0.05364810663310103,-9.288790077816095e-08,-133967.7083173162,0.0,0.0,3.9075344394050435e-08,-0.35592968336269737,0.35592968354442983,363209.0062920418,0.0,0.0,9.99190667938728e-09,-0.5833727522603862,0.5833727528491682,149656.00773393558,5.7811851367811356e-08,-5.725062525133644e-08,-0.006082654767915589,0.5833726859051367,0.3559296739219874,-0.08109415729552567,-0.08109415724235035,0.0060826057006643335,-363209.0062920418,-149656.00773393558
15,15,1.9999268918854805e-08,119996568.268765,336.99997140223974,-0.418744634383429,119982614.3569529,336.99985511964206,-0.37476259572361603,219828.16593108978,429.04011912470764,0.6587673944513073,230756.71864519682,429.48009456174964,0.3343115575626751,171188.84715816472,449.99626519967376,-0.4054413449039498,164691.30079329325,449.7724699165701,-0.02022975362237711,0.02022975362237711,-0.0827092937279039,0.0827092937279039,-0.02022975362237711,0.02022975362237711,-0.0827092937279039,0.0827092937279039,0.0,4.9691373870781066e-11,92.04014772253126,92,5.087097323079435e-08,5.517448871368197e-08,0.0,-0.4187446443829899,0.41874464438296544,97.35664120109465,92,399929.8822820725,433763.4298070201,1.0,0.0,4.972980312511969e-11,92.04014772253126,92,8.558436799572548e-08,9.282441309027431e-08,0.0,0.0,0.0,97.3566412010954,92,6.393050864625066e-08,6.933914617524688e-08,0.0,0.0,4.871671464425305e-11,21.723434711681836,20,1.867591104949554e-08,2.1691226488255584e-08,0.0,0.0,0.0,19.656586478667336,20,8.11878780517203e-09,9.43350729078816e-09,0.0,-0.3545378367017692,0.3545383341820158,21.723434711681392,20,75554.56338638805,87752.10613982353,1.0,-0.5833727505053399,0.5833727507167268,19.656586478669887,20,112492.41702211558,130653.21373068012,1.0,1.4925243885628333e-06,92.04014772253126,336.99997140223974,429.04011912470764,1.5096933327626976e-06,1.716888535752204e-08,0.4187446347392759,97.3566412010954,336.9998551196428,429.4800945617489,0.4187446247215574,0.0,0.354539818656693,21.723434711681836,429.0401191247081,449.9962651996733,0.3545398086548428,0.0,-0.32273205160098906,19.656586478667336,429.4800945617471,449.7724699165727,0.0,0.32273204159102115,0.32599011824461455,-9.282399169055494e-08,0.5186243614651183,-6.93394451241169e-08,0.32599011824461455,-87752.10613982353,0.5186243614651183,-130653.21373068012,0.05355497436667898,0.05442794806240466,0.0008729736957258272,-337763.43922327296,0.0009267291259475801,337763.44015000213,0,0,0,0,0,0,-5.054843126296269e-07,1.0029562732768109e-06,21.723434711681836,-0.0892584187208038,-0.053555051232481804,-0.9061047927639696,0.9061047929596013,19.656586478667336,-159999.98430626097,-95999.99058375657,0.0,4.975220223591628e-07,5.5174437512129565e-08,0.0,4.975220607543909e-07,9.282420236616851e-08,0.0,4.975482583868654e-07,2.1691364609746768e-08,-0.3545373397345136,0.35453883168953987,87752.10613982353,1.5004331606675194e-06,-8.088628295130525e-09,-0.05355505123248148,0.35454031616614606,1.990004635169783e-06,-0.020229256112924043,-0.020229256142130503,0.05355497436667915,-9.282406191061383e-08,-87752.10613982353,-0.4187446443830144,0.41874464456078203,433763.4298070201,0.0,0.0,6.933929573845117e-08,0.0,0.0,9.43551196375932e-09,-0.5833727503020791,0.5833727508594461,130653.21373068012,0.9061047931552332,-0.9061047926122694,-95999.99058375657,-0.32273205145934136,0.4187446349349077,-0.08270929358625617,-0.08270929353227209,-337763.43922327296,-6.933939534826106e-08,-130653.21373068012
16,16,1.9999333623772856e-08,119996568.268837,336.9999714022403,1.9999283872752087e-08,119982614.35702491,336.99985511964184,-0.019740711514757835,219757.09936981575,429.0372580375922,-0.45002921206149354,229136.6134817755,429.4148703279506,-0.019742262653645218,171117.7750127907,449.9938172585589,0.26928037251412534,165660.71013434418,449.8058593263154,-0.01974522832763022,0.01974522832763022,-0.09037441099130611,0.09037441099130611,-0.01974522832763022,0.01974522832763022,-0.09037441099130611,0.09037441099130611,0.0,4.89395960501623e-11,92.03728663541528,92,5.424209885957866e-08,5.8830785539650124e-08,0.0,0.0,0.0,92.41501520830857,92,3.433935690309839e-08,3.7244845056671276e-08,0.0,0.0,4.897420999416677e-11,92.03728663541528,92,8.551642319518067e-08,9.275072038347614e-08,0.0,0.0,0.0,92.41501520830857,92,6.014206221393873e-08,6.523022193332946e-08,0.0,0.0,4.933538615242153e-11,20.956559220980086,20,1.8614383879972427e-08,2.1619725875749865e-08,0.0,0.0,0.0,21.180576765298323,20,7.785451139945425e-09,9.046506099852707e-09,0.0,0.0,4.93701710760482e-11,20.956559220980086,20,2.5767547727571795e-08,2.992704645940936e-08,0.0,-0.35965488748207064,0.3596548876781209,21.180576765299186,20,74729.61696289496,86793.98021242155,1.0,1.4925227124694158e-06,92.03728663541528,336.9999714022403,429.0372580375922,1.5096671740502166e-06,1.7144402732787533e-08,-1.9802540468389044e-08,92.41501520830857,336.99985511964184,429.4148703279506,1.999139972682742e-07,2.1971655330136776e-07,1.4731454847317096e-06,20.956559220980086,429.0372580375922,449.9938172585589,1.4805798389403726e-06,7.43880651443335e-09,0.35965478308124965,21.180576765298323,429.41487032794976,449.80585932631624,0.35965477308511923,0.0,0.11821470325038548,-9.275029918693517e-08,0.32243077805000214,-6.523055052572483e-08,0.11821470325038548,-2.992642423980413e-08,0.32243077805000214,-86793.98021242155,0.0547640877574532,0.055606534491524744,0.0008424467340716144,0.010068168834600794,0.010600208988870354,0.0005320401542696193,0,0,0,0,0,0,-5.168966710162549e-07,1.0143717399574473e-06,20.956559220980086,-0.09127361368003499,-0.0547641682080208,-9.50297861878612e-08,9.523147544851738e-08,21.180576765298323,-0.016780358547072563,-0.010068215128243137,0.0,4.97521214341352e-07,5.883072346397027e-08,0.0,4.975212489246131e-07,9.275050976096124e-08,0.0,4.975463977436112e-07,2.1619843822323108e-08,0.0,4.975464324981403e-07,2.992673463566239e-08,1.511849662485149e-06,-1.945239329497171e-08,-0.054764168208020665,1.970654984822484e-06,1.990002902824897e-06,-0.01974473081813013,-0.019744730847439867,0.054764087757453284,-9.275036937313251e-08,-2.992652757426216e-08,0.0,0.0,3.724505647766096e-08,0.0,0.0,6.523038633256494e-08,0.0,0.0,9.048585235468301e-09,-0.3596548872860374,0.35965488782330707,86793.98021242155,9.543034034219302e-08,-9.488744261451003e-08,-0.010068215128242873,0.3596547832226436,-1.9606490164036104e-08,-0.09037441084991216,-0.09037441079525581,0.01006816883460094,-6.523049581714104e-08,-86793.98021242155
17,17,1.9999693523363948e-08,119996568.268909,336.99997140224093,1.9999273403748978e-08,119982614.35709691,336.99985511964246,0.22950240044819342,220583.30801160834,429.07052058550437,-0.09528573110548055,228793.58484979582,429.4010602493233,-0.26738591420092017,170155.1857218828,449.9606627521072,-0.09528610468908584,165317.6801574635,449.7940443293173,-0.018944990607001833,0.018944990607001833,-0.09528590884166584,0.09528590884166584,-0.018944990607001833,0.018944990607001833,-0.09528590884166584,0.09528590884166584,0.0,4.892412501271634e-11,92.07054918329212,92,5.450416239225692e-08,5.911501782239083e-08,0.0,0.0,0.0,92.40120512968058,92,3.402679454623656e-08,3.690584589256133e-08,0.0,0.0,0.0,92.07054918329212,92,0.0,0.0,0.0,0.0,0.0,92.40120512968058,92,6.004158072498363e-08,6.512124038895287e-08,0.0,0.0,2.92882099128407e-11,20.513368789632835,20,1.7707281265738523e-08,2.0566256382894146e-08,0.0,0.0,0.0,20.39298407999457,20,7.014984276448524e-09,8.15204863693393e-09,0.0,0.0,0.0,20.513368789632835,20,0.0,0.0,0.0,0.0,0.0,20.39298407999457,20,1.3585480308922494e-08,1.5781558785384255e-08,0.0,9.850016920547385e-07,92.07054918329212,336.99997140224093,429.07052058550437,1.0157779055838777e-06,3.077610357809124e-08,-1.9802469992875353e-08,92.40120512968058,336.99985511964246,429.4010602493233,1.9995446501153925e-07,2.1975695056714142e-07,-0.2484424161223891,20.513368789632835,429.07052058550437,449.9606627521072,0.0,0.24844240612248655,-1.9627143770490767e-07,20.39298407999457,429.4010602493233,449.7940443293173,3.1324526875770757e-07,5.095154939475815e-07,0.0,0.0,0.11917990763987955,-6.512156980018805e-08,0.0,0.0,0.11917990763987955,-1.5785790609211466e-08,26322.1341743628,26322.134652357672,0.0004779948732541758,0.018705675089215446,0.01922066503942417,0.000514989950208802,0,0,0,0,0,0,-0.24844389865256705,0.24844439613276728,20.513368789632835,-43870.2236240708,-26322.13417444248,-1.76555676019292e-07,1.7675362205709473e-07,20.39298407999457,-0.03117620024933347,-0.018705720149599668,0.0,4.97521259880696e-07,5.911495491438529e-08,0.0,0.0,0.0,0.0,4.975307932549429e-07,2.0566412443740026e-08,0.0,0.0,0.0,0.24844489361296754,-0.24844340114307673,-26322.13417444248,-0.24844191861289883,1.4824818923226263e-06,-0.018944493097511568,-0.018944493126801566,26322.1341743628,0.0,0.0,0.0,0.0,3.690606008268811e-08,0.0,0.0,6.512140519801702e-08,0.0,0.0,8.154323511602287e-09,0.0,0.0,1.5783677970740412e-08,1.769505355737114e-07,-1.7641442081883016e-07,-0.01870572014959939,-1.9613009846745655e-07,-1.9606346476392606e-08,-0.0952859087003266,-0.09528590864554232,0.018705675089215584,-6.512151495535625e-08,-1.5785087115844345e-08
18,18,1.999970684445155e-08,119996568.268981,336.9999714022415,1.999967523003042e-08,119982614.35716891,336.99985511964303,0.8883975531593952,223781.53920316126,429.1992790042162,-0.11017258312613225,228396.96355054184,429.3850925696089,-0.9238126410720873,166829.46021420238,449.84611463813764,-0.11020400169012773,164920.9457513791,449.78037958823785,-0.017710777706083945,0.017710777706083945,-0.11018828335085278,0.11018828335085278,-0.017710777706083945,0.017710777706083945,-0.11018828335085278,0.11018828335085278,0.0,4.892507032064616e-11,92.19930760200333,92,5.564555555112509e-08,6.03529652815164e-08,0.0,0.0,0.0,92.3852374499656,92,3.681771181632512e-08,3.993282527608918e-08,0.0,0.0,0.0,92.19930760200333,92,0.0,0.0,0.0,0.0,0.0,92.3852374499656,92,9.363834662216674e-08,1.0156014412433412e-07,0.0,0.0,4.776590415502019e-11,15.635145368182187,20,1.150214313118425e-08,1.3360057522102146e-08,0.0,0.0,0.0,20.395287017142415,20,8.69899557308878e-09,1.0107134277912822e-08,0.0,0.0,0.0,15.635145368182187,20,0.0,0.0,0.0,0.0,0.0,20.395287017142415,20,2.342978773177335e-08,2.721373830709653e-08,0.0,9.850017049159714e-07,92.19930760200333,336.9999714022415,429.1992790042162,1.0157826925706664e-06,3.0780877708943264e-08,-1.9801936263659685e-08,92.3852374499656,336.99985511964303,429.3850925696089,1.9992434137628375e-07,2.1972629320360385e-07,-0.9061033558944567,15.635145368182187,429.1992790042162,449.84611463813764,0.0,0.9061033458944798,-1.571876342309725e-05,20.395287017142415,429.3850925696089,449.78037958823785,0.0,1.5710470655677677e-05,0.0,0.0,0.006622110122458065,-1.0156031675281027e-07,0.0,0.0,0.006622110122458065,-2.7215893988203223e-08,95999.99542538417,95999.99588147525,0.00045609106791820496,1.6632825385245187,1.663780283664596,0.0004977451400773779,0,0,0,0,0,0,-0.9061048384628081,0.9061053359430142,15.635145368182187,-159999.99237576316,-95999.99542545789,-1.569904659969069e-05,1.5699242585132815e-05,20.395287017142415,-2.772137647610919,-1.663282588566551,0.0,4.975212666991053e-07,6.03528992948221e-08,0.0,0.0,0.0,0.0,4.975492691661712e-07,1.336056307415518e-08,0.0,0.0,0.0,0.9061058334232204,-0.9061043409533197,-95999.99542545789,-0.9061028583849722,1.4824819110652939e-06,-0.0177102801965995,-0.017710280225877797,95999.99542538417,0.0,0.0,0.0,0.0,3.9933016577021194e-08,0.0,0.0,1.0156023047478349e-07,0.0,0.0,1.0109015039251794e-08,0.0,0.0,2.7214817074733645e-08,1.5699438618058225e-05,-1.569890516750875e-05,-1.6632825885665508,-1.5718622040383264e-05,-1.9605855851543845e-08,-0.11018828320947006,-0.11018828315477236,1.663282538524519,-1.0156028800139488e-07,-2.721553522142767e-08
19,19,1.9999697303798918e-08,119996568.269053,336.9999714022421,1.9999634912231217e-08,119982614.3572409,336.99985511964366,0.8885908013637022,226980.46608824967,429.32806543103436,0.786196308420482,231227.27026085564,429.49903862124256,-0.9236193877207021,163504.43041858694,449.73159048661,-1.0260130443620104,161227.29879167592,449.65315913906784,-0.017517526928227445,0.017517526928227445,-0.11990835891362112,0.11990835891362112,-0.017517526928227445,0.017517526928227445,-0.11990835891362112,0.11990835891362112,0.0,4.8924017208785404e-11,92.32809402882091,92,5.498095590966528e-08,5.963214558070396e-08,0.0,0.0,0.0,92.49918350159862,92,3.444676047105197e-08,3.7361332892348634e-08,0.0,0.0,0.0,92.32809402882091,92,0.0,0.0,0.0,0.0,0.0,92.49918350159862,92,0.0,0.0,0.0,0.0,4.774629119000579e-11,15.391834818305142,20,1.0801423578642443e-08,1.2546380797891306e-08,0.0,0.0,0.0,15.142415539769289,20,3.2786517544528685e-09,3.815561187788281e-09,0.0,0.0,0.0,15.391834818305144,20,0.0,0.0,0.0,0.0,2.177542160702417e-10,15.14241553976936,20,0.0,0.0,0.0,9.850017009673414e-07,92.32809402882091,336.9999714022421,429.32806543103436,1.0157835842671485e-06,3.078177335523691e-08,-1.9803220927648024e-08,92.49918350159862,336.99985511964366,429.49903862124256,1.99670814777535e-07,2.1947405132469128e-07,-0.9061033533209327,15.391834818305142,429.32806543103436,449.73159048661,0.0,0.9061033433209549,-0.9061046858726467,15.142415539769289,429.4990386212425,449.6531591390679,0.0,0.9061046758718769,0.0,0.0,0.0,0.0,0.0,0.0,0.0,0.0,95999.99515272456,95999.99561268691,0.0004599623440868861,95999.97716999002,95999.97766311523,0.000493125217111308,0,0,0,0,0,0,-0.9061048358892705,0.9061053333694751,15.391834818305142,-159999.9919213279,-95999.99515279674,-0.9061046661572825,0.9061046663533268,15.142415539769289,-159999.961950052,-95999.9771700312,0.0,4.975212641398446e-07,5.963208169885632e-08,0.0,0.0,0.0,0.0,4.975492515304188e-07,1.2546969822956591e-08,0.0,0.0,0.0,0.9061058308496797,-0.9061043383797801,-95999.99515279674,-0.9061028558114467,1.4824819056114065e-06,-0.017517029418741434,-0.0175170294480228,95999.99515272456,0.0,0.0,0.0,0.0,3.736154329442574e-08,0.0,0.0,0.0,0.0,0.0,3.8193440939479875e-09,0.0,0.0,0.0,0.906104666549371,-0.9061046660150652,-95999.9771700312,-0.9061046857312275,-1.9607176643786152e-08,-0.11990835877220193,-0.11990835871757684,95999.97716999002,0.0,0.0
20,20,1.9999691166917525e-08,119996568.269125,336.9999714022427,1.9999640033741304e-08,119982614.3573129,336.9998551196443,0.8891981359996639,230181.57937802756,429.4569398808858,-0.11409872525897079,230816.5148499234,429.48250191266175,-0.9230093990683109,160181.59658208405,449.61714197060144,-0.11410541183782451,160816.5193090598,449.63901064278247,-0.016908865278920333,0.016908865278920333,-0.1141020594904989,0.1141020594904989,-0.016908865278920333,0.016908865278920333,-0.1141020594904989,0.1141020594904989,0.0,4.892334166195074e-11,92.45696847867177,92,5.465670736429419e-08,5.928046838209384e-08,0.0,0.0,0.0,92.4826467930172,92,3.450684981004685e-08,3.7426504688784054e-08,0.0,0.0,0.0,92.45696847867177,92,0.0,0.0,0.0,0.0,0.0,92.4826467930172,92,0.0,0.0,0.0,0.0,4.772970215241537e-11,15.1485265316649,20,1.0587318787097064e-08,1.2297746039417053e-08,0.0,0.0,0.0,20.15650873005295,20,7.374582592906133e-09,8.56951176707655e-09,0.0,0.0,0.0,15.1485265316649,20,0.0,0.0,0.0,0.0,0.0,20.15650873005295,20,0.0,0.0,0.0,9.8500168304812e-07,92.45696847867177,336.9999714022427,429.4569398808858,1.0157817138611235e-06,3.077992086656521e-08,-1.9803239448748628e-08,92.4826467930172,336.9998551196443,429.48250191266175,1.9963971541459084e-07,2.1944297048772852e-07,-0.9061020263178748,15.1485265316649,429.4569398808858,449.61714197060144,0.0,0.9061020163179015,-3.3527716530536493e-06,20.15650873005295,429.48250191266175,449.63901064278247,0.0,3.3502611031353177e-06,0.0,0.0,0.0,0.0,0.0,0.0,0.0,0.0,95999.85455832168,95999.85503208231,0.00047376063929930896,0.3531305110568965,0.3539559540398771,0.0008254429829806593,0,0,0,0,0,0,-0.9061035088759859,0.9061040063561818,15.1485265316649,-159999.7575973221,-95999.85455839326,-3.3330554387283656e-06,3.3332510580515145e-06,20.15650873005295,-0.5885509284255082,-0.3531305570553045,0.0,4.975212547867244e-07,5.9280405715582975e-08,0.0,0.0,0.0,0.0,4.975492395829648e-07,1.2298351151854053e-08,0.0,0.0,0.0,0.9061045038363779,-0.9061030113664911,-95999.85455839326,-0.90610152880838,1.4824818790101333e-06,-0.01690836776942559,-0.016908367798724372,95999.85455832168,0.0,0.0,0.0,0.0,3.742671461576503e-08,0.0,0.0,0.0,0.0,0.0,8.571692810164862e-09,0.0,0.0,0.0,3.3334468788528154e-06,-3.332913545420065e-06,-0.3531305570553043,-3.352630210571875e-06,-1.9607216638043682e-08,-0.11410205934905641,-0.11410205929447609,0.35313051105689663,0.0,0.0
21,21,1.9999689721426197e-08,119996568.269197,336.9999714022433,1.9999641061086602e-08,119982614.3573849,336.99985511964485,-0.01652044982078575,230122.10575885183,429.45454551703233,-0.0889335088750682,230496.35421797325,429.4696124827754,-0.016521996413176424,160122.1173951757,449.61509332627855,-0.08893399846054043,160496.3569146019,449.62798327496023,-0.016524456813549082,0.016524456813549082,-0.08893374461322417,0.08893374461322417,-0.016524456813549082,0.016524456813549082,-0.08893374461322417,0.08893374461322417,0.0,4.892338129965887e-11,92.45457411481766,92,5.468921018380018e-08,5.931572077148395e-08,0.0,0.0,0.0,92.4697573631303,92,3.449097811742824e-08,3.740929055721237e-08,0.0,0.0,0.0,92.45457411481766,92,0.0,0.0,0.0,0.0,0.0,92.4697573631303,92,0.0,0.0,0.0,0.0,4.800481519125992e-11,20.160547809252172,20,1.7649677925576984e-08,2.0499337001187635e-08,0.0,0.0,0.0,20.1583707921863,20,7.356247512154649e-09,8.548226033782517e-09,0.0,0.0,0.0,20.160547809252172,20,0.0,0.0,0.0,0.0,0.0,20.1583707921863,20,0.0,0.0,0.0,9.850016578228153e-07,92.45457411481766,336.9999714022433,429.45454551703233,1.0157805495915237e-06,3.0778781821005015e-08,-1.9803265537639496e-08,92.4697573631303,336.99985511964485,429.4696124827754,1.9961885863623357e-07,2.194221398015405e-07,9.678718503383984e-07,20.160547809252172,429.45454551703233,449.61509332627855,9.838719432673058e-07,1.6009388995199427e-08,-2.542717203892783e-07,20.1583707921863,429.4696124827754,449.62798327496023,4.060920274168101e-08,2.9487864174065466e-07,0.0,0.0,0.0,0.0,0.0,0.0,0.0,0.0,0.05452063810192689,0.05534792456693815,0.0008272864650113491,0.024850925059045806,0.02570010949842466,0.0008491844393789273,0,0,0,0,0,0,-5.145988440773742e-07,1.0120730058938608e-06,20.160547809252172,-0.09086786319511751,-0.054520717917070236,-2.3455819479759038e-07,2.3475648294480508e-07,20.1583707921863,-0.041418285031598584,-0.02485097101895878,0.0,4.975212421695689e-07,5.9315658146951286e-08,0.0,0.0,0.0,0.0,4.975402305510881e-07,2.0499484779409985e-08,0.0,0.0,0.0,1.5095506209216594e-06,-1.7168689325852877e-08,-0.05452071791707005,1.4653813577781933e-06,1.4824818411216986e-06,-0.016523959304041644,-0.016523959333365784,0.05452063810192699,0.0,0.0,0.0,0.0,3.740950063650973e-08,0.0,0.0,0.0,0.0,0.0,8.550411743519072e-09,0.0,0.0,0.0,2.3495360871942133e-07,-2.3441566957151612e-07,-0.02485097101895853,-2.5413025234577227e-07,-1.9607268007829722e-08,-0.08893374447175613,-0.08893374441722665,0.024850925059045945,0.0,0.0
22,22,1.9999673244131418e-08,119996568.26926899,336.9999714022439,1.999963954234351e-08,119982614.35745691,336.9998551196455,-0.016977656069712153,230060.98619717994,429.4520848887532,-0.06774783945506675,230252.46199593507,429.4597935625771,-0.016979178978413216,160060.99235103253,449.61298799362055,-0.06774819587437753,160252.46340945418,449.6195828399394,-0.01698165119116925,0.01698165119116925,-0.06774800861095778,0.06774800861095778,-0.01698165119116925,0.01698165119116925,-0.06774800861095778,0.06774800861095778,0.0,4.8922350094371547e-11,92.45211348653793,92,5.3751762185891254e-08,5.829897148098803e-08,0.0,0.0,0.0,92.45993844293136,92,3.4443887810867156e-08,3.735821730170611e-08,0.0,0.0,0.0,92.45211348653793,92,0.0,0.0,0.0,0.0,0.0,92.45993844293136,92,0.0,0.0,0.0,0.0,4.800322953033162e-11,20.16090310487344,20,1.730319325619609e-08,2.0096959124041948e-08,0.0,0.0,0.0,20.159789277363686,20,7.345665555820516e-09,8.53594114384136e-09,0.0,0.0,0.0,20.16090310487344,20,0.0,0.0,0.0,0.0,0.0,20.159789277363686,20,0.0,0.0,0.0,9.850016354297187e-07,92.45211348653793,336.9999714022439,429.4520848887532,1.0157919164969794e-06,3.079017113249645e-08,-1.980328308052971e-08,92.45993844293136,336.9998551196455,429.4597935625771,1.9964656678704991e-07,2.1944986548904253e-07,9.796842024678353e-07,20.16090310487344,429.4520848887532,449.61298799362055,9.984694500114199e-07,1.8793002420418962e-08,-1.8768787617035588e-07,20.159789277363686,429.4597935625771,449.6195828399394,5.614440901693571e-08,2.438289554146009e-07,0.0,0.0,0.0,0.0,0.0,0.0,0.0,0.0,0.05326339698483768,0.054099382045776086,0.0008359850609385789,0.01779670440621338,0.019338429079161425,0.00154172467294813,0,0,0,0,0,0,-5.027322488185049e-07,1.0002029125929111e-06,20.16090310487344,-0.0887724589681325,-0.0532634753808789,-1.6797627984695825e-07,1.681744420822869e-07,20.159789277363686,-0.02966125050461957,-0.01779675030277137,0.0,4.975212307360891e-07,5.829891171441048e-08,0.0,0.0,0.0,0.0,4.975417812009946e-07,2.0097128626399816e-08,0.0,0.0,0.0,1.4976793675223261e-06,-5.359441936718096e-09,-0.05326347538087849,1.4771937203239743e-06,1.4824818083343013e-06,-0.016981153681651394,-0.016981153710996347,0.053263396984837896,0.0,0.0,0.0,0.0,3.735842780345884e-08,0.0,0.0,0.0,0.0,0.0,8.538129556573347e-09,0.0,0.0,0.0,1.6837141320440695e-07,-1.678328919692005e-07,-0.017796750302771107,-1.875463906950685e-07,-1.9607302728954882e-08,-0.0677480084694723,-0.06774800841497743,0.01779670440621353,0.0,0.0
23,23,1.9999560609196262e-08,119996568.26934099,336.9999714022445,1.9999627556387614e-08,119982614.3575289,336.99985511964604,-0.016941249266354066,230000.0,429.4496295370334,-0.07012897076343885,230000.0,429.4496295370811,-0.016942764225407417,160000.0,449.6108871762085,-0.07012916898807746,160000.0,449.61088717624625,-0.016945240411281863,0.016945240411281863,-0.07012906082630584,0.07012906082630584,-0.016945240411281863,0.016945240411281863,-0.07012906082630584,0.07012906082630584,0.0,4.8917512559972274e-11,92.44965813481751,92,4.9366378581475454e-08,5.354261960965821e-08,0.0,0.0,0.0,92.44977441743481,92,3.421294906925526e-08,3.710774551803567e-08,0.0,0.0,0.0,92.44965813481751,92,0.0,0.0,0.0,0.0,0.0,92.44977441743481,92,0.0,0.0,0.0,0.0,4.79987401835644e-11,20.16125763918131,20,1.6315134931079822e-08,1.8949521610455345e-08,0.0,0.0,0.0,20.161257639166397,20,7.261419617129897e-09,8.438138036733463e-09,0.0,0.0,0.0,20.16125763918131,20,0.0,0.0,0.0,0.0,0.0,20.161257639166397,20,0.0,0.0,0.0,9.850016164365352e-07,92.44965813481751,336.9999714022445,429.4496295370334,1.0158786216042838e-06,3.087689533121999e-08,-1.980329854163201e-08,92.44977441743481,336.99985511964604,429.4496295370811,1.9976282987486664e-07,2.1956614401425473e-07,9.836573045922295e-07,20.16125763918131,429.4496295370334,449.6108871762085,1.0067971528299977e-06,2.3142637903225183e-08,-1.0858625529160699e-07,20.161257639166397,429.4496295370811,449.61088717624625,9.500669454649302e-08,2.035871284234854e-07,0.0,0.0,0.0,0.0,0.0,0.0,0.0,0.0,0.05284217334102471,0.05408406420681941,0.001241890865794897,0.009416434889422537,0.010990486460017261,0.0015740515705948066,0,0,0,0,0,0,-4.987564358195126e-07,9.962265736672036e-07,20.16125763918131,-0.08807040972226435,-0.052842245833357934,-8.887832775815119e-08,8.90797458373552e-08,20.161257639166397,-0.015694134062882892,-0.009416480437729344,0.0,4.975212203871777e-07,5.3542574590949154e-08,0.0,0.0,0.0,0.0,4.975467473626483e-07,1.894975764797387e-08,0.0,0.0,0.0,1.4937028738410069e-06,-1.3962805535782649e-09,-0.052842245833357476,1.481166827876462e-06,1.4824817839217502e-06,-0.01694474290175858,-0.01694474293111438,0.05284217334102495,0.0,0.0,0.0,0.0,3.710795805674996e-08,0.0,0.0,0.0,0.0,0.0,8.44034808636345e-09,0.0,0.0,0.0,8.927843242756322e-08,-8.87337748840718e-08,-0.009416480437729073,-1.0844476073654305e-07,-1.9607327056648657e-08,-0.07012906068481128,-0.07012906063033435,0.009416434889422697,0.0,0.0
