,t,ReservoirEbre.Q,ReservoirEbre.W,ReservoirEbre.z,Reservoir1.Q,Reservoir1.W,Reservoir1.z,Irrigation1.Q,Irrigation1.Qin,Irrigation1.Qout,Pump1.Qin,Pump1.Qout,Pump1.H,Pump1.n,Pump1.Ph,Pump1.Pe,Pump1.PumpOn,Pump2.Qin,Pump2.Qout,Pump2.H,Pump2.n,Pump2.Ph,Pump2.Pe,Pump2.PumpOn,Turb1.Qin,Turb1.Qout,Turb1.H,Turb1.Ph,Turb1.Pe,Pipe1.Q,Pipe1.H,Pipe1.zlow,Pipe1.zhigh,Pipe1.H0,Pipe1.signQ,PV.forecast,PV.P,Grid.P,Grid.Psell,Grid.Pbuy,EBg.P_bal,EBpv.P_bal,Bat.E,Bat.P,Bat.Pch,Bat.Pdc,p1r0_expanded.Q,p1c1_Q_expanded.Q,p1eb_expanded.P,p2r0_expanded.Q,p2c1_Q_expanded.Q,p2eb_expanded.P,t1r0_expanded.Q,t1c1_Q_expanded.Q,t1eb_expanded.P,c1r1_Q_expanded.Q,r1i1_expanded.Q,grideb_expanded.P,pveb_expanded.P,baten_expanded.P
0,0,0.0,200000.00000000003,29.833333333333332,-0.011666666666668584,9957.999999999993,139.596,0.011666666666666665,-0.011666666666666665,0.011666666666666665,0.0,0.0,109.76266666666663,2755.9142895288933,1.7465503123870276e-09,2.1831878904837845e-09,0.0,0.0,0.0,109.76266666666663,2755.9142895288933,0.0,0.0,0.0,-4.044954759555725e-15,0.0,109.76266666666663,-4.36637578096757e-09,-2.183187890483785e-09,0.0,109.76266666666663,29.833333333333332,139.596,109.76266666666663,0.0,0.0,0.0,0.0,0.0,0.0,0.0,0.0,0.0,0.0,0.0,0.0,0.0,0.0,2.1831878904837845e-09,0.0,0.0,0.0,0.0,-4.044954759555725e-15,-2.183187890483785e-09,0.0,-0.011666666666666665,0.0,0.0,0.0
1,1,0.0,200000.0,29.833333333333336,-0.015191054530555555,9903.312203689991,139.57075947862617,0.015191054530555555,-0.015191054530555555,0.015191054530555555,0.0,0.0,109.73742614526047,2755.5974022526234,0.0,0.0,0.0,0.0,0.0,109.73742614526047,2755.5974022526234,0.0,0.0,0.0,-7.394597629530042e-19,0.0,109.73742614526047,0.0,0.0,0.0,109.73742614526047,29.833333333333332,139.57075947862617,109.73742614529284,0.0,0.0,0.0,0.0,0.0,0.0,0.0,0.0,0.0,0.0,0.0,0.0,0.0,0.0,0.0,0.0,0.0,0.0,0.0,-7.394597629530042e-19,0.0,0.0,-0.015191054530555555,0.0,0.0,0.0
2,2,-0.027799999999999995,199899.92,29.833166533333337,0.007078184316666665,9928.793667229993,139.58252015410616,0.020721815683333332,-0.020721815683333332,0.020721815683333332,-0.0278,0.0278,109.7493690775728,2755.747349530957,29930.628436097504,37413.285545121886,1.0,0.0,0.0,109.74936907757281,2755.747346620118,0.0,0.0,0.0,0.0,0.0,109.7493690775728,0.0,0.0,0.0278,109.7493690775728,29.833166533333337,139.58252015410616,109.74935362077281,1.0,0.0,0.0,-37413.285545121886,0.0,37413.285545121886,0.0,0.0,0.0,0.0,0.0,0.0,-0.0278,0.0278,37413.285545121886,0.0,0.0,0.0,0.0,0.0,0.0,0.0278,-0.020721815683333332,-37413.285545121886,0.0,0.0
3,3,0.0,199899.91999999998,29.833166533333333,-0.03618098538444444,9798.542119845992,139.52240405531353,0.03618098538444444,-0.03618098538444444,0.03618098538444444,0.0,0.0,109.68923752198025,2754.9923074229314,0.0,0.0,0.0,0.0,0.0,109.68923752198023,2754.992307422931,0.0,0.0,0.0,-3.314069345691654e-18,0.0,109.68923752198025,0.0,0.0,0.0,109.68923752198025,29.833166533333333,139.52240405531353,109.68923752198025,0.0,0.0,0.0,0.0,0.0,0.0,0.0,0.0,0.0,0.0,0.0,0.0,0.0,0.0,0.0,0.0,0.0,0.0,0.0,-3.314069345691654e-18,0.0,0.0,-0.03618098538444444,0.0,0.0,0.0
4,4,0.0,199899.91999999998,29.833166533333333,-0.03261269932666667,9681.13640226999,139.4682168010477,0.03261269932666667,-0.03261269932666667,0.03261269932666667,0.0,0.0,109.63505026771439,2754.31173057863,0.0,0.0,0.0,0.0,0.0,109.63505026771439,2754.311729849171,0.0,0.0,0.0,0.0,0.0,109.63505026771439,0.0,0.0,0.0,109.63505026771439,29.833166533333333,139.4682168010477,109.63505026771439,1.0,0.0,0.0,0.0,0.0,0.0,0.0,0.0,0.0,0.0,0.0,0.0,0.0,0.0,0.0,0.0,0.0,0.0,0.0,0.0,0.0,0.0,-0.03261269932666667,0.0,0.0,0.0
5,5,0.0,199899.91999999998,29.833166533333333,-0.07031697765555554,9427.995282709993,139.35138243817386,0.07031697765555554,-0.07031697765555554,0.07031697765555554,0.0,0.0,109.51821590484052,2752.8437502485926,0.0,0.0,0.0,0.0,0.0,109.51821590484052,2752.8437495150847,0.0,0.0,0.0,0.0,0.0,109.51821590484052,0.0,0.0,0.0,109.51821590484052,29.833166533333333,139.35138243817386,109.51821590484052,1.0,0.0,0.0,0.0,0.0,0.0,0.0,0.0,0.0,0.0,0.0,0.0,0.0,0.0,0.0,0.0,0.0,0.0,0.0,0.0,0.0,0.0,-0.07031697765555554,0.0,0.0,0.0
6,6,0.0,199899.91999999998,29.833166533333333,-0.09616290988888886,9081.808807109994,139.19160406481998,0.09616290988888887,-0.09616290988888887,0.09616290988888887,0.0,0.0,109.35843753148666,2750.834926446007,0.0,0.0,0.0,0.0,0.0,109.35843753148664,2750.834926433514,0.0,0.0,0.0,-6.2159843706501844e-18,0.0,109.35843753148666,0.0,0.0,0.0,109.35843753148666,29.833166533333326,139.19160406481998,109.35843753148666,0.0,0.07357298277434086,0.0,0.0,0.0,0.0,0.0,0.0,0.0,0.0,0.0,0.0,0.0,0.0,0.0,0.0,0.0,0.0,0.0,-6.2159843706501844e-18,0.0,0.0,-0.09616290988888887,0.0,0.0,0.0
7,7,-0.043979172272470314,199741.59497981914,29.8329026582997,-0.02163166890530745,9003.934799050889,139.15566221494657,0.06561084117777777,-0.06561084117777777,0.06561084117777777,0.0,0.0,109.32279823990972,2750.3866493661,0.0,0.0,0.0,-0.04397917227247032,0.043979172272470314,109.32279823990973,2750.3866566564016,47165.75256304361,58957.19070380451,1.0,0.0,0.0,109.32279823990972,0.0,0.0,0.043979172272470314,109.32279823990972,29.8329026582997,139.15566221494657,109.32275955664683,1.0,0.27945187048193765,-58957.19070380451,0.0,0.0,0.0,0.0,0.0,0.0,0.0,0.0,0.0,0.0,0.0,0.0,-0.04397917227247032,0.043979172272470314,58957.19070380451,0.0,0.0,0.0,0.043979172272470314,-0.06561084117777777,0.0,-58957.19070380451,0.0
8,8,-0.07819824737451432,199460.08128927083,29.832433468815452,0.029011802646734666,9108.377288579131,139.20386644088268,0.04918644472777778,-0.04918644472777778,0.04918644472777778,0.0,0.0,109.37155527138466,2750.9999056533093,0.0,0.0,0.0,-0.07819824737451431,0.07819824737451303,109.37155527138468,2750.999928714181,83901.63121412016,104877.0390176502,1.0,0.0,0.0,109.37155527138466,0.0,0.0,0.07819824737451302,109.37155527138466,29.832433468815456,139.20386644088268,109.37143297206725,1.0,0.4971078908988494,-104877.03901765021,0.0,0.0,0.0,0.0,0.0,0.0,0.0,0.0,0.0,0.0,0.0,0.0,-0.07819824737451431,0.07819824737451303,104877.0390176502,0.0,0.0,0.0,0.07819824737451302,-0.04918644472777778,0.0,-104877.03901765021,0.0
9,9,-0.08197096767607084,199164.98580563697,29.831941643009397,0.037480904187153156,9243.308543652882,139.2661424047629,0.044490063488888884,-0.044490063488888884,0.044490063488888884,0.0,0.0,109.43433514654029,2751.789336925452,0.0,0.0,0.0,-0.08197096767607083,0.08197096767607083,109.43433514654029,2751.7893622631996,88000.0,110000.00000000001,1.0,0.0,0.0,109.43433514654029,0.0,0.0,0.08197096767607082,109.43433514654029,29.831941643009397,139.2661424047629,109.43420076175344,1.0,0.6902159686444646,-110000.00000000001,0.0,0.0,0.0,0.0,0.0,0.0,0.0,0.0,0.0,0.0,0.0,0.0,-0.08197096767607083,0.08197096767607083,110000.00000000001,0.0,0.0,0.0,0.08197096767607082,-0.044490063488888884,0.0,-110000.00000000001,0.0
10,10,-0.0819262242880989,198870.05139819984,29.831450085663665,0.03567496336587669,9371.73841177004,139.32541772850928,0.04625126092222222,-0.04625126092222222,0.04625126092222222,0.0,0.0,109.49410188096677,2752.54066882429,0.0,0.0,0.0,-0.08192622428809891,0.08192622428809891,109.49410188096677,2752.5406930363133,87999.99999999999,109999.99999999997,1.0,0.0,0.0,109.49410188096677,0.0,0.0,0.08192622428809891,109.49410188096677,29.831450085663665,139.32541772850928,109.49396764284562,1.0,0.8271725442451721,-109999.99999999999,0.0,0.0,0.0,0.0,0.0,0.0,0.0,0.0,0.0,0.0,0.0,0.0,-0.08192622428809891,0.08192622428809891,109999.99999999997,0.0,0.0,0.0,0.08192622428809891,-0.04625126092222222,0.0,-109999.99999999999,0.0
11,11,-0.08188949132678512,198575.24922942338,29.830958748715705,0.029264609654562863,9477.091006526465,139.37404200301225,0.05262488167222223,-0.05262488167222223,0.05262488167222223,0.0,0.0,109.54321737206936,2753.157948602907,0.0,0.0,0.0,-0.08188949132678511,0.08188949132678511,109.54321737206938,2753.1579749760263,87999.99999999999,109999.99999999997,1.0,0.0,0.0,109.54321737206936,0.0,0.0,0.08188949132678511,109.54321737206936,29.8309587487157,139.37404200301225,109.54308325429652,1.0,0.9073690875066988,-109999.99999999999,0.0,0.0,0.0,0.0,0.0,0.0,0.0,0.0,0.0,0.0,0.0,0.0,-0.08188949132678511,0.08188949132678511,109999.99999999997,0.0,0.0,0.0,0.08188949132678511,-0.05262488167222223,0.0,-109999.99999999999,0.0
12,12,-0.08185758413840413,198280.56192652517,29.830467603210874,0.025402784960626357,9568.541032384719,139.4162497072545,0.05645479917777778,-0.05645479917777778,0.05645479917777778,0.0,0.0,109.58591611732255,2753.69447280344,0.0,0.0,0.0,-0.08185758413840415,0.08185758413840415,109.58591611732251,2753.694498057578,87999.99999999999,109999.99999999997,1.0,0.0,0.0,109.58591611732255,0.0,0.0,0.08185758413840415,109.58591611732255,29.830467603210877,139.4162497072545,109.58578210404363,1.0,0.9075888237412905,-109999.99999999999,0.0,0.0,0.0,0.0,0.0,0.0,0.0,0.0,0.0,0.0,0.0,0.0,-0.08185758413840415,0.08185758413840415,109999.99999999997,0.0,0.0,0.0,0.08185758413840415,-0.05645479917777778,0.0,-109999.99999999999,0.0
13,13,-0.12164384170603364,197842.64409638342,29.829737740160642,0.06850501252825586,9815.159077486442,139.5300734203784,0.05313882917777778,-0.05313882917777778,0.05313882917777778,-0.039871857296185684,0.03987185729618569,109.70063162450076,2755.1353992929235,42908.62513210266,53635.781415128324,1.0,-0.08177198440984793,0.08177198440984794,109.70063162450072,2755.135418492143,87999.99999999999,109999.99999999997,1.0,0.0,0.0,109.70063162450076,0.0,0.0,0.12164384170603364,109.70063162450076,29.829737740160645,139.5300734203784,109.70033568021772,1.0,0.8371170424435377,-109999.99999999999,-53635.781415128324,0.0,53635.781415128324,0.0,0.0,0.0,0.0,0.0,0.0,-0.039871857296185684,0.03987185729618569,53635.781415128324,-0.08177198440984793,0.08177198440984794,109999.99999999997,0.0,0.0,0.0,0.12164384170603364,-0.05313882917777778,-53635.781415128324,-109999.99999999999,0.0
14,14,-0.08173432050962601,197548.40054254883,29.82924733423758,0.030227145598514905,9923.976801641096,139.58029698537283,0.051507174911111106,-0.051507174911111106,0.051507174911111106,0.0,0.0,109.7511832611157,2755.7701232821605,0.0,0.0,0.0,-0.08173432050962601,0.08173432050962602,109.75118326111573,2755.7701473261454,87999.99999999999,109999.99999999997,1.0,0.0,0.0,109.7511832611157,0.0,0.0,0.08173432050962601,109.7511832611157,29.829247334237582,139.58029698537283,109.75104965113525,1.0,0.7025998704330214,-109999.99999999999,0.0,0.0,0.0,0.0,0.0,0.0,0.0,0.0,0.0,0.0,0.0,0.0,-0.08173432050962601,0.08173432050962602,109999.99999999997,0.0,0.0,0.0,0.08173432050962601,-0.051507174911111106,0.0,-109999.99999999999,0.0
15,15,-0.0812646806176064,197255.8476923254,29.82875974615388,0.029009434373170433,10028.41076538451,139.62849727633133,0.05225524624444444,-0.05225524624444444,0.05225524624444444,0.0,0.0,109.79986960914216,2756.381294520197,0.0,0.0,0.0,-0.08126468061760639,0.08126468061761453,109.7998696091422,2756.381319385962,87533.17078838915,109416.46348548644,1.0,0.0,0.0,109.79986960914216,0.0,0.0,0.08126468061761455,109.79986960914216,29.82875974615388,139.62849727633133,109.79973753017744,1.0,0.5186243614651183,-109416.46348548643,0.0,0.0,0.0,0.0,0.0,0.0,0.0,0.0,0.0,0.0,0.0,0.0,-0.08126468061760639,0.08126468061761453,109416.46348548644,0.0,0.0,0.0,0.08126468061761455,-0.05225524624444444,0.0,-109416.46348548643,0.0
16,16,-0.050526144503891056,197073.95357211138,29.828456589286848,-0.004812937235001073,10011.084191338503,139.62050039600237,0.055339081738888886,-0.055339081738888886,0.055339081738888886,0.0,0.0,109.79209486453803,2756.2837057698425,0.0,0.0,0.0,-0.05052614450388752,0.05052614450388752,109.792094864538,2756.2837153830583,54419.71195250588,68024.63994063236,1.0,0.0,0.0,109.79209486453803,0.0,0.0,0.050526144503887205,109.79209486453803,29.828456589286848,139.62050039600237,109.79204380671553,1.0,0.32243077805000214,-68024.63994063236,0.0,0.0,0.0,0.0,0.0,0.0,0.0,0.0,0.0,0.0,0.0,0.0,-0.05052614450388752,0.05052614450388752,68024.63994063236,0.0,0.0,0.0,0.050526144503887205,-0.055339081738888886,0.0,-68024.63994063236,0.0
17,17,0.0,197073.95357211138,29.828456589286848,-0.06053968577222223,9793.141322558506,139.5199113796424,0.060539685772222226,-0.060539685772222226,0.060539685772222226,0.0,0.0,109.69145479035552,2755.02015310063,0.0,0.0,0.0,0.0,0.0,109.69145479035552,2755.02015310063,0.0,0.0,0.0,-7.494124000832422e-19,0.0,109.69145479035552,0.0,0.0,0.0,109.69145479035552,29.828456589286848,139.5199113796424,109.69145479035552,0.0,0.11917990763987955,0.0,0.0,0.0,0.0,0.0,0.0,0.0,0.0,0.0,0.0,0.0,0.0,0.0,0.0,0.0,0.0,0.0,-7.494124000832422e-19,0.0,0.0,-0.060539685772222226,0.0,0.0,0.0
18,18,0.0,197073.95357211147,29.828456589286855,-0.00679010640388889,9768.696939504505,139.50862935669437,0.006790106403888889,-0.006790106403888889,0.006790106403888889,0.0,0.0,109.68017276740756,2754.8784693208445,0.0,0.0,0.0,0.0,0.0,109.68017276740757,2754.8784693208445,0.0,0.0,0.0,-3.9302328752599536e-19,0.0,109.68017276740756,0.0,0.0,0.0,109.68017276740756,29.828456589286855,139.50862935669437,109.68017276740754,0.0,0.006622110122458065,0.0,0.0,0.0,0.0,0.0,0.0,0.0,0.0,0.0,0.0,0.0,0.0,0.0,0.0,0.0,0.0,0.0,-3.9302328752599536e-19,0.0,0.0,-0.006790106403888889,0.0,0.0,0.0
19,19,0.0,197073.95357211152,29.828456589286855,-0.022238088677777778,9688.639820264505,139.47167991704515,0.022238088677777778,-0.022238088677777778,0.022238088677777778,0.0,0.0,109.64322332775832,2754.414393692752,0.0,0.0,0.0,0.0,0.0,109.64322332775832,2754.414393692752,0.0,0.0,0.0,-1.1153835728563034e-18,0.0,109.64322332775832,0.0,0.0,0.0,109.64322332775832,29.828456589286855,139.47167991704515,109.64322332775832,0.0,0.0,0.0,0.0,0.0,0.0,0.0,0.0,0.0,0.0,0.0,0.0,0.0,0.0,0.0,0.0,0.0,0.0,0.0,-1.1153835728563034e-18,0.0,0.0,-0.022238088677777778,0.0,0.0,0.0
20,20,0.0,197073.9535721115,29.828456589286855,-0.024667756384444444,9599.835897280504,139.43069349105252,0.024667756384444444,-0.024667756384444444,0.024667756384444444,0.0,0.0,109.60223690176568,2753.899523048615,0.0,0.0,0.0,0.0,0.0,109.60223690176568,2753.899523048615,0.0,0.0,0.0,-1.389312704509364e-18,0.0,109.60223690176568,0.0,0.0,0.0,109.60223690176568,29.828456589286855,139.43069349105252,109.60223690176568,0.0,0.0,0.0,0.0,0.0,0.0,0.0,0.0,0.0,0.0,0.0,0.0,0.0,0.0,0.0,0.0,0.0,0.0,0.0,-1.389312704509364e-18,0.0,0.0,-0.024667756384444444,0.0,0.0,0.0
21,21,0.0,197073.9535721115,29.828456589286855,-0.01427362919111111,9548.450832192506,139.4069773071658,0.014273629191111109,-0.014273629191111109,0.014273629191111109,0.0,0.0,109.57852071787893,2753.6015568626963,0.0,0.0,0.0,0.0,0.0,109.57852071787892,2753.6015568626963,0.0,0.0,0.0,-7.965815473334661e-19,0.0,109.57852071787893,0.0,0.0,0.0,109.57852071787893,29.82845658928685,139.4069773071658,109.57852071787893,0.0,0.0,0.0,0.0,0.0,0.0,0.0,0.0,0.0,0.0,0.0,0.0,0.0,0.0,0.0,0.0,0.0,0.0,0.0,-7.965815473334661e-19,0.0,0.0,-0.014273629191111109,0.0,0.0,0.0
22,22,0.0,197073.95357211152,29.82845658928685,0.0,9548.450832192504,139.40697730716576,0.0,0.0,0.0,0.0,0.0,109.57852071787894,2753.601556862698,0.0,0.0,0.0,0.0,0.0,109.57852071787894,2753.601556862698,0.0,0.0,0.0,0.0,0.0,109.57852071787894,0.0,0.0,0.0,109.57852071787894,29.82845658928685,139.40697730716576,109.57852071787892,0.9999999999999999,0.0,0.0,0.0,0.0,0.0,0.0,0.0,0.0,0.0,0.0,0.0,0.0,0.0,0.0,0.0,0.0,0.0,0.0,0.0,0.0,0.0,0.0,0.0,0.0,0.0
23,23,0.0,197073.95357211152,29.82845658928685,-0.013458564497778,9500.000000000502,139.38461538461559,0.013458564497777777,-0.013458564497777777,0.013458564497777777,0.0,0.0,109.55615879532874,2753.320575854488,0.0,0.0,0.0,0.0,0.0,109.55615879532876,2753.3205758544877,0.0,0.0,0.0,0.0,0.0,109.55615879532874,0.0,0.0,0.0,109.55615879532874,29.82845658928685,139.38461538461559,109.55615879532874,1.0,0.0,0.0,0.0,0.0,0.0,0.0,0.0,0.0,0.0,0.0,0.0,0.0,0.0,0.0,0.0,0.0,0.0,0.0,0.0,0.0,0.0,-0.013458564497777777,0.0,0.0,0.0
24,24,0.0,197073.9535721115,29.82845658928685,-0.0038888888888896885,9486.0000000005,139.37815384615408,0.0038888888888888888,-0.0038888888888888888,0.0038888888888888888,0.0,0.0,109.54969725686725,2753.239380286291,0.0,0.0,0.0,0.0,0.0,109.54969725686723,2753.23938028629,0.0,0.0,0.0,0.0,0.0,109.54969725686725,0.0,0.0,0.0,109.54969725686725,29.828456589286848,139.37815384615408,109.54969725686725,1.0,0.0,0.0,0.0,0.0,0.0,0.0,0.0,0.0,0.0,0.0,0.0,0.0,0.0,0.0,0.0,0.0,0.0,0.0,0.0,0.0,0.0,-0.0038888888888888888,0.0,0.0,0.0
25,25,0.0,197073.9535721115,29.82845658928685,-0.006300561886110944,9463.317977210501,139.36768522025102,0.006300561886111111,-0.006300561886111111,0.006300561886111111,0.0,0.0,109.53922863096415,2753.1078258621474,0.0,0.0,0.0,0.0,0.0,109.53922863096412,2753.1078258621474,0.0,0.0,0.0,-2.4516309867091655e-19,0.0,109.53922863096415,0.0,0.0,0.0,109.53922863096415,29.82845658928685,139.36768522025102,109.53922863096415,0.0,0.0,0.0,0.0,0.0,0.0,0.0,0.0,0.0,0.0,0.0,0.0,0.0,0.0,0.0,0.0,0.0,0.0,0.0,-2.4516309867091655e-19,0.0,0.0,-0.006300561886111111,0.0,0.0,0.0
26,26,0.0,197073.9535721115,29.828456589286848,-0.004898605666111112,9445.6829968125,139.35954599852886,0.004898605666111111,-0.004898605666111111,0.004898605666111111,0.0,0.0,109.53108940924197,2753.005539474333,0.0,0.0,0.0,0.0,0.0,109.53108940924199,2753.0055394743335,0.0,0.0,0.0,-3.7883548565948587e-19,0.0,109.53108940924197,0.0,0.0,0.0,109.53108940924197,29.82845658928685,139.35954599852886,109.53108940924199,0.0,0.0,0.0,0.0,0.0,0.0,0.0,0.0,0.0,0.0,0.0,0.0,0.0,0.0,0.0,0.0,0.0,0.0,0.0,-3.7883548565948587e-19,0.0,0.0,-0.004898605666111111,0.0,0.0,0.0
27,27,0.0,197073.95357211152,29.82845658928685,-0.005808921101666665,9424.770880846501,139.3498942526984,0.005808921101666666,-0.005808921101666666,0.005808921101666666,0.0,0.0,109.52143766341156,2752.8842402691994,0.0,0.0,0.0,0.0,0.0,109.52143766341156,2752.8842402691994,0.0,0.0,0.0,-6.855672916839492e-19,0.0,109.52143766341156,0.0,0.0,0.0,109.52143766341156,29.82845658928685,139.3498942526984,109.52143766341155,0.0,0.0,0.0,0.0,0.0,0.0,0.0,0.0,0.0,0.0,0.0,0.0,0.0,0.0,0.0,0.0,0.0,0.0,0.0,-6.855672916839492e-19,0.0,0.0,-0.005808921101666666,0.0,0.0,0.0
28,28,0.0,197073.9535721115,29.828456589286855,-0.006556711727222223,9401.1667186285,139.33900002398238,0.006556711727222222,-0.006556711727222222,0.006556711727222222,0.0,0.0,109.51054343469556,2752.7473197256963,0.0,0.0,0.0,0.0,0.0,109.51054343469553,2752.7473197256963,0.0,0.0,0.0,-4.0329356201145375e-19,0.0,109.51054343469556,0.0,0.0,0.0,109.51054343469556,29.828456589286844,139.33900002398238,109.51054343469556,0.0,0.0,0.0,0.0,0.0,0.0,0.0,0.0,0.0,0.0,0.0,0.0,0.0,0.0,0.0,0.0,0.0,0.0,0.0,-4.0329356201145375e-19,0.0,0.0,-0.006556711727222222,0.0,0.0,0.0
29,29,0.0,197073.9535721115,29.828456589286855,-0.007012048014999999,9375.9233457745,139.3273492365113,0.007012048015,-0.007012048015,0.007012048015,0.0,0.0,109.49889264722445,2752.600882987273,0.0,0.0,0.0,0.0,0.0,109.49889264722444,2752.6008812423033,0.0,0.0,0.0,-3.697298814765021e-19,0.0,109.49889264722445,0.0,0.0,0.0,109.49889264722445,29.828456589286855,139.3273492365113,109.49889264722448,0.0,0.0,0.0,0.0,0.0,0.0,0.0,0.0,0.0,0.0,0.0,0.0,0.0,0.0,0.0,0.0,0.0,0.0,0.0,-3.697298814765021e-19,0.0,0.0,-0.007012048015,0.0,0.0,0.0
30,30,0.0,197073.9535721115,29.82845658928685,-0.006066417089444445,9354.084244252499,139.31726965119344,0.006066417089444444,-0.006066417089444444,0.006066417089444444,0.0,0.0,109.48881306190657,2752.4741858823695,0.0,0.0,0.0,0.0,0.0,109.48881306190657,2752.474184128159,0.0,0.0,0.0,-4.048817487875555e-19,0.0,109.48881306190657,0.0,0.0,0.0,109.48881306190657,29.82845658928685,139.31726965119344,109.48881306190658,0.0,0.0,0.0,0.0,0.0,0.0,0.0,0.0,0.0,0.0,0.0,0.0,0.0,0.0,0.0,0.0,0.0,0.0,0.0,-4.048817487875555e-19,0.0,0.0,-0.006066417089444444,0.0,0.0,0.0
31,31,0.0,197073.95357211152,29.828456589286855,-0.005193655942222221,9335.3870828605,139.30864019208948,0.005193655942222221,-0.005193655942222221,0.005193655942222221,0.0,0.0,109.48018360280263,2752.3657102093503,0.0,0.0,0.0,0.0,0.0,109.48018360280261,2752.3657084522083,0.0,0.0,0.0,-2.710505431213761e-19,0.0,109.48018360280263,0.0,0.0,0.0,109.48018360280263,29.828456589286848,139.30864019208948,109.48018360280264,0.0,0.07477177315670108,0.0,0.0,0.0,0.0,0.0,0.0,0.0,0.0,0.0,0.0,0.0,0.0,0.0,0.0,0.0,0.0,0.0,-2.710505431213761e-19,0.0,0.0,-0.005193655942222221,0.0,0.0,0.0
32,32,-0.03704566298865874,196940.5891853523,29.82823431530892,0.034862289777214304,9460.891326058472,139.3665652274116,0.002183373211444444,-0.002183373211444444,0.002183373211444444,0.0,0.0,109.53835835957149,2753.0968742403124,0.0,0.0,0.0,-0.03704566298865874,0.03704566298865875,109.5383583595715,2753.0968953063716,39808.1976489935,49760.24706124188,1.0,0.0,0.0,109.53835835957149,0.0,0.0,0.03704566298865875,109.53835835957149,29.82823431530892,139.3665652274116,109.53833091210268,1.0,0.2358591708815945,-49760.24706124187,0.0,0.0,0.0,0.0,0.0,0.0,0.0,0.0,0.0,0.0,0.0,0.0,-0.03704566298865874,0.03704566298865875,49760.24706124188,0.0,0.0,0.0,0.03704566298865875,-0.002183373211444444,0.0,-49760.24706124187,0.0
33,33,-0.0603835019122514,196723.2085784682,29.827872014297444,0.04144283645058474,9610.085537280578,139.4354240941295,0.018940665461666666,-0.018940665461666666,0.018940665461666666,0.0,0.0,109.60762500317473,2753.9671611520835,0.0,0.0,0.0,-0.060383501912251406,0.06038350191225139,109.60762500317473,2753.9672275056314,64927.40879727601,81159.26099659503,1.0,0.0,0.0,109.60762500317473,0.0,0.0,0.060383501912251406,109.60762500317473,29.827872014297437,139.4354240941295,109.60755207983206,1.0,0.3846877203897489,-81159.26099659503,0.0,0.0,0.0,0.0,0.0,0.0,0.0,0.0,0.0,0.0,0.0,0.0,-0.060383501912251406,0.06038350191225139,81159.26099659503,0.0,0.0,0.0,0.060383501912251406,-0.018940665461666666,0.0,-81159.26099659503,0.0
34,34,-0.08055781449970631,196433.20044626927,29.82738866741045,0.06400981878137296,9840.520884893522,139.5417788699509,0.01654799571833333,-0.01654799571833333,0.01654799571833333,0.0,0.0,109.71451999376728,2755.3097370490405,0.0,0.0,0.0,-0.08055781449970631,0.0805578144997063,109.71451999376731,2755.30981615338,86704.31675265949,108380.39594082437,1.0,0.0,0.0,109.71451999376728,0.0,0.0,0.08055781449970628,109.71451999376728,29.827388667410442,139.5417788699509,109.71439020254043,1.0,0.5137134929205837,-108380.39594082437,0.0,0.0,0.0,0.0,0.0,0.0,0.0,0.0,0.0,0.0,0.0,0.0,-0.08055781449970631,0.0805578144997063,108380.39594082437,0.0,0.0,0.0,0.08055781449970628,-0.01654799571833333,0.0,-108380.39594082437,0.0
35,35,-0.08169197239704078,196139.1093456399,29.826898515576065,0.05601503393426302,10042.175007056865,139.63485000325701,0.025676938462777774,-0.025676938462777774,0.025676938462777774,0.0,0.0,109.80808495924572,2756.4843524741123,0.0,0.0,0.0,-0.08169197239704076,0.08169197239704078,109.8080849592457,2756.4844358637347,87999.99999999999,109999.99999999997,1.0,0.0,0.0,109.80808495924572,0.0,0.0,0.08169197239704078,109.80808495924572,29.82689851557606,139.63485000325701,109.80795148768097,1.0,0.6112149495870927,-109999.99999999999,0.0,0.0,0.0,0.0,0.0,0.0,0.0,0.0,0.0,0.0,0.0,0.0,-0.08169197239704076,0.08169197239704078,109999.99999999997,0.0,0.0,0.0,0.08169197239704078,-0.025676938462777774,0.0,-109999.99999999999,0.0
36,36,-0.08161098603401817,195845.30979591748,29.82640884965986,0.06528255736735136,10277.192213579332,139.74331948319045,0.016328428666666665,-0.016328428666666665,0.016328428666666665,0.0,0.0,109.91704384058949,2757.8515925435877,0.0,0.0,0.0,-0.08161098603401817,0.08161098603401816,109.9170438405895,2757.8516802521435,87999.99999999997,109999.99999999996,1.0,0.0,0.0,109.91704384058949,0.0,0.0,0.08161098603401801,109.91704384058949,29.82640884965985,139.74331948319045,109.9169106335306,1.0,0.6484390389437005,-109999.99999999997,0.0,0.0,0.0,0.0,0.0,0.0,0.0,0.0,0.0,0.0,0.0,0.0,-0.08161098603401817,0.08161098603401816,109999.99999999996,0.0,0.0,0.0,0.08161098603401801,-0.016328428666666665,0.0,-109999.99999999997,0.0
37,37,-0.08152073066321919,195551.83516552983,29.82591972527588,0.0729477084432192,10539.803963974917,139.86452490644996,0.00857302222,-0.00857302222,0.00857302222,0.0,0.0,110.03873809376296,2759.377905544879,0.0,0.0,0.0,-0.0815207306632192,0.0815207306632192,110.03873809376293,2759.3778546976237,87999.99999999999,109999.99999999997,1.0,0.0,0.0,110.03873809376296,0.0,0.0,0.0815207306632192,110.03873809376296,29.825919725275877,139.86452490644996,110.03860518117408,1.0,0.6048769083203855,-109999.99999999999,0.0,0.0,0.0,0.0,0.0,0.0,0.0,0.0,0.0,0.0,0.0,0.0,-0.0815207306632192,0.0815207306632192,109999.99999999997,0.0,0.0,0.0,0.0815207306632192,-0.00857302222,0.0,-109999.99999999999,0.0
38,38,-0.07772913589397266,195272.01027631154,29.825453350460517,0.07117967497675047,10796.05079389122,139.98279267410365,0.006549460917222222,-0.006549460917222222,0.006549460917222222,0.0,0.0,110.15746016001447,2760.865989178771,0.0,0.0,0.0,-0.07772913589397268,0.07772913589397266,110.15746016001445,2760.866089324638,83997.57746337053,104996.97182921317,1.0,0.0,0.0,110.15746016001447,0.0,0.0,0.07772913589397268,110.15746016001447,29.82545335046052,139.98279267410365,110.15733932364313,1.0,0.49767636182026426,-104996.97182921316,0.0,0.0,0.0,0.0,0.0,0.0,0.0,0.0,0.0,0.0,0.0,0.0,-0.07772913589397268,0.07772913589397266,104996.97182921317,0.0,0.0,0.0,0.07772913589397268,-0.006549460917222222,0.0,-104996.97182921316,0.0
39,39,-0.05088024159346802,195088.84140657503,29.82514806901095,0.04446373368680134,10956.120235163702,140.05667087776789,0.006416507906666667,-0.006416507906666667,0.006416507906666667,0.0,0.0,110.23157458471823,2761.794588181284,0.0,0.0,0.0,-0.05088024159346801,0.05088024159346801,110.2315745847182,2761.7946816026656,55020.45568206928,68775.5696025866,1.0,0.0,0.0,110.23157458471823,0.0,0.0,0.05088024159346801,110.23157458471823,29.825148069010954,140.05667087776789,110.23152280875694,1.0,0.32599011824461455,-68775.5696025866,0.0,0.0,0.0,0.0,0.0,0.0,0.0,0.0,0.0,0.0,0.0,0.0,-0.05088024159346801,0.05088024159346801,68775.5696025866,0.0,0.0,0.0,0.05088024159346801,-0.006416507906666667,0.0,-68775.5696025866,0.0
40,40,0.0,195088.84140657505,29.825148069010957,-0.005731692862777777,10935.486140857698,140.04714744962664,0.005731692862777777,-0.005731692862777777,0.005731692862777777,0.0,0.0,110.22199938061563,2761.674630598239,0.0,0.0,0.0,0.0,0.0,110.22199938061564,2761.674626013017,0.0,0.0,0.0,-3.318780966460756e-19,0.0,110.22199938061563,0.0,0.0,0.0,110.22199938061563,29.82514806901096,140.04714744962664,110.22199938061566,0.0,0.11821470325038548,0.0,0.0,0.0,0.0,0.0,0.0,0.0,0.0,0.0,0.0,0.0,0.0,0.0,0.0,0.0,0.0,0.0,-3.318780966460756e-19,0.0,0.0,-0.005731692862777777,0.0,0.0,0.0
41,41,0.0,195088.84140657503,29.82514806901095,-0.008467836731666666,10905.0019286237,140.03307781321092,0.008467836731666666,-0.008467836731666666,0.008467836731666666,0.0,0.0,110.2079297442,2761.4983555620233,0.0,0.0,0.0,0.0,0.0,110.20792974420002,2761.4983523048554,0.0,0.0,0.0,-7.995991022080594e-19,0.0,110.2079297442,0.0,0.0,0.0,110.2079297442,29.82514806901095,140.03307781321092,110.20792974419999,0.0,0.0,0.0,0.0,0.0,0.0,0.0,0.0,0.0,0.0,0.0,0.0,0.0,0.0,0.0,0.0,0.0,0.0,0.0,-7.995991022080594e-19,0.0,0.0,-0.008467836731666666,0.0,0.0,0.0
42,42,0.20415096898247737,195823.78489491192,29.826372974824842,-0.2138520505513662,10135.134546638787,139.677754406141,0.00970108156888889,-0.00970108156888889,0.00970108156888889,0.0,0.0,109.85054787919027,2757.0172273960466,0.0,0.0,0.0,0.0,0.0,109.85054787919027,2757.0172083482703,0.0,0.0,0.0,-0.20415096898247734,0.20415096898247737,109.85054787919027,-219999.99999999997,-109999.99999999999,-0.20415096898247737,109.85054787919027,29.82637297482485,139.677754406141,109.85138143131614,0.0,0.0,0.0,109999.99999999999,109999.99999999999,0.0,0.0,0.0,0.0,0.0,0.0,0.0,0.0,0.0,0.0,0.0,0.0,0.0,0.20415096898247737,-0.20415096898247734,-109999.99999999999,-0.20415096898247737,-0.00970108156888889,109999.99999999999,0.0,0.0
43,43,0.14139949026521872,196332.8230598667,29.82722137176645,-0.15003576354410766,9595.005797880001,139.42846421440618,0.008636273278888888,-0.008636273278888888,0.008636273278888888,0.0,0.0,109.60084296720555,2753.8820106767416,0.0,0.0,0.0,0.0,0.0,109.60084296720554,2753.8820106767416,0.0,0.0,0.0,-0.14139949026521875,0.14139949026521872,109.60084296720555,-152030.51688920095,-76015.25844460048,-0.14139949026521875,109.60084296720555,29.827221371766445,139.42846421440618,109.60124284263973,0.0,0.0,0.0,76015.25844460048,76015.25844460048,0.0,0.0,0.0,0.0,0.0,0.0,0.0,0.0,0.0,0.0,0.0,0.0,0.0,0.14139949026521872,-0.14139949026521875,-76015.25844460048,-0.14139949026521875,-0.008636273278888888,76015.25844460048,0.0,0.0
44,44,0.0,196332.82305986676,29.82722137176644,-0.007996979514999999,9566.216671625998,139.41517692536587,0.007996979514999999,-0.007996979514999999,0.007996979514999999,0.0,0.0,109.5879555535994,2753.7200984301394,0.0,0.0,0.0,0.0,0.0,109.5879555535994,2753.7200984301394,0.0,0.0,0.0,-2.0667603913004928e-19,0.0,109.5879555535994,0.0,0.0,0.0,109.5879555535994,29.82722137176644,139.41517692536587,109.58795555359943,0.0,0.0,0.0,0.0,0.0,0.0,0.0,0.0,0.0,0.0,0.0,0.0,0.0,0.0,0.0,0.0,0.0,0.0,0.0,-2.0667603913004928e-19,0.0,0.0,-0.007996979514999999,0.0,0.0,0.0
45,45,0.0,196332.82305986676,29.827221371766438,-0.007194654969444443,9540.315913736,139.4032227294166,0.007194654969444444,-0.007194654969444444,0.007194654969444444,0.0,0.0,109.57600135765017,2753.569902137627,0.0,0.0,0.0,0.0,0.0,109.57600135765017,2753.5699021376267,0.0,0.0,0.0,-3.9387032047324966e-19,0.0,109.57600135765017,0.0,0.0,0.0,109.57600135765017,29.82722137176644,139.4032227294166,109.57600135765017,0.0,0.0,0.0,0.0,0.0,0.0,0.0,0.0,0.0,0.0,0.0,0.0,0.0,0.0,0.0,0.0,0.0,0.0,0.0,-3.9387032047324966e-19,0.0,0.0,-0.007194654969444444,0.0,0.0,0.0
46,46,0.0,196332.82305986676,29.827221371766438,-0.007309976037777778,9514.0,139.39107692307695,0.007309976037777778,-0.007309976037777778,0.007309976037777778,0.0,0.0,109.56385555131047,2753.417290013371,0.0,0.0,0.0,0.0,0.0,109.56385555131047,2753.4172900133703,0.0,0.0,0.0,-4.0657581468206416e-19,0.0,109.56385555131047,0.0,0.0,0.0,109.56385555131047,29.82722137176644,139.39107692307695,109.5638555513105,0.0,0.0,0.0,0.0,0.0,0.0,0.0,0.0,0.0,0.0,0.0,0.0,0.0,0.0,0.0,0.0,0.0,0.0,0.0,-4.0657581468206416e-19,0.0,0.0,-0.007309976037777778,0.0,0.0,0.0
47,47,0.0,196332.82305986673,29.82722137176644,-0.0038888888888888888,9500.0,139.3846153846154,0.0038888888888888888,-0.0038888888888888888,0.0038888888888888888,0.0,0.0,109.55739401284895,2753.336097298053,0.0,0.0,0.0,0.0,0.0,109.55739401284895,2753.3360972980527,0.0,0.0,0.0,-1.598774687942492e-20,0.0,109.55739401284895,0.0,0.0,0.0,109.55739401284895,29.82722137176644,139.3846153846154,109.55739401284896,0.0,0.0,0.0,0.0,0.0,0.0,0.0,0.0,0.0,0.0,0.0,0.0,0.0,0.0,0.0,0.0,0.0,0.0,0.0,-1.598774687942492e-20,0.0,0.0,-0.0038888888888888888,0.0,0.0,0.0
