,t,B0w.Q,B0w.W,B0w.z,B1w.Q,B1w.W,B1w.z,B4w.Q,B4w.W,B4w.z,Irrigation1w.Qin,Irrigation1w.Qout,Irrigation4w.Qin,Irrigation4w.Qout,Pump4w.Qin,Pump4w.Qout,Pump4w.H,Pump4w.Hfix,Pump4w.Ph,Pump4w.Pe,Pump4w.PumpOn,Pump5w.Qin,Pump5w.Qout,Pump5w.H,Pump5w.Hfix,Pump5w.Ph,Pump5w.Pe,Pump5w.PumpOn,Pump7w.Qin,Pump7w.Qout,Pump7w.H,Pump7w.Hfix,Pump7w.Ph,Pump7w.Pe,Pump7w.PumpOn,Pump8w.Qin,Pump8w.Qout,Pump8w.H,Pump8w.Hfix,Pump8w.Ph,Pump8w.Pe,Pump8w.PumpOn,Pipe0w.Q,Pipe0w.H,Pipe0w.zlow,Pipe0w.zhigh,Pipe0w.Qp,Pipe0w.Qn,Pipe2w.Q,Pipe2w.H,Pipe2w.zlow,Pipe2w.zhigh,Pipe2w.Qp,Pipe2w.Qn,PVw.forecast,PVw.P,Gridw.P,Gridw.Psell,Gridw.Pbuy,EBgw.P_bal,B0s.Q,B0s.W,B0s.z,B1s.Q,B1s.W,B1s.z,B4s.Q,B4s.W,B4s.z,Irrigation1s.Qin,Irrigation1s.Qout,Irrigation4s.Qin,Irrigation4s.Qout,Pump4s.Qin,Pump4s.Qout,Pump4s.H,Pump4s.Hfix,Pump4s.Ph,Pump4s.Pe,Pump4s.PumpOn,Pump5s.Qin,Pump5s.Qout,Pump5s.H,Pump5s.Hfix,Pump5s.Ph,Pump5s.Pe,Pump5s.PumpOn,Pump7s.Qin,Pump7s.Qout,Pump7s.H,Pump7s.Hfix,Pump7s.Ph,Pump7s.Pe,Pump7s.PumpOn,Pump8s.Qin,Pump8s.Qout,Pump8s.H,Pump8s.Hfix,Pump8s.Ph,Pump8s.Pe,Pump8s.PumpOn,Pipe0s.Q,Pipe0s.H,Pipe0s.zlow,Pipe0s.zhigh,Pipe0s.Qp,Pipe0s.Qn,Pipe2s.Q,Pipe2s.H,Pipe2s.zlow,Pipe2s.zhigh,Pipe2s.Qp,Pipe2s.Qn,PVs.forecast,PVs.P,Grids.P,Grids.Psell,Grids.Pbuy,EBgs.P_bal,p4r1w_expanded.Q,p4c2_Qw_expanded.Q,p4ebw_expanded.P,p5r1w_expanded.Q,p5c0_Qw_expanded.Q,p5ebw_expanded.P,p7r0w_expanded.Q,p7c0_Qw_expanded.Q,p7ebw_expanded.P,p8r0w_expanded.Q,p8c2_Qw_expanded.Q,p8ebw_expanded.P,c0r1_Qw_expanded.Q,c2r4_Qw_expanded.Q,r4i4w_expanded.Q,r1i1w_expanded.Q,gridebw_expanded.P,pvebw_expanded.P,p4r1s_expanded.Q,p4c2_Qs_expanded.Q,p4ebs_expanded.P,p5r1s_expanded.Q,p5c2_Qs_expanded.Q,p5ebs_expanded.P,p7r0s_expanded.Q,p7c0_Qs_expanded.Q,p7ebs_expanded.P,p8r0s_expanded.Q,p8c0_Qs_expanded.Q,p8ebs_expanded.P,c0r1_Qs_expanded.Q,c2r4_Qs_expanded.Q,r4i4s_expanded.Q,r1i1s_expanded.Q,gridebs_expanded.P,pvebs_expanded.P
0,0,-0.33111269974490853,119998807.99428092,129.999990066619,0.2882787364328806,121037.80345115837,337.79283502554193,-0.03306570883137832,229880.96344820704,429.4514413246982,-0.04283394667047635,0.04283394667047635,-0.03306572547292994,0.03306572547292994,-8.320775811114144e-09,8.320775811114144e-09,88.00000000005237,88,0.007183159342222902,0.007790845273560631,0.0,-8.320775811114144e-09,8.320775811114144e-09,88.00000000005237,88,0.007183159342222902,0.007790845273560632,0.0,-8.387457137189704e-09,8.387457137189704e-09,209.05883379609855,206,0.017201560396478688,0.018656790017872765,0.0,-0.3311126913574514,0.3311126913574514,209.05883379609855,206,679068.1448117176,736516.4260430777,1.0,0.33111269974490853,209.05883379609855,129.999990066619,337.79283502554193,0.33111269974490853,4.761471968744267e-27,1.664155162222829e-08,88.00000000005237,337.79283502554193,429.4514413246982,5.64669896100834e-05,5.6450348058461166e-05,0.0,-3.375569681308551e-09,-736516.460281555,0.015873211250853347,736516.4761547662,0,-0.7030412170573391,119997469.05161859,129.9999789087635,0.27936831751586766,121005.72594305711,337.79106128656434,0.18856050974571706,230678.81783508457,429.48343101602546,-0.10024548564043212,0.10024548564043212,-0.1348669041553222,0.1348669041553222,-0.32342740549282456,0.32342740549282456,90.90907317226355,88,288438.38444096816,312839.8963567984,1.0,-8.408214682115337e-09,8.408214682115337e-09,90.90907317226355,88,0.007498597267119707,0.008132968836355432,0.0,-0.35152060852866956,0.35152060852866956,219.79004798539242,206,757927.7751945927,822047.478519081,1.0,-0.35152060852866956,0.35152060852866956,219.79004798539242,206,757927.7751945927,822047.478519081,1.0,0.703041217057339,219.79004798539242,129.9999789087635,337.79106128656434,0.703041217057339,5.194031991703667e-36,0.32342741390103924,90.90907317226355,337.79106128656434,429.48343101602546,0.32342741390103924,0.0,0.0,-3.3737152812991577e-09,-1956934.8615279256,0.018859600514861227,1956934.8803875262,0,-8.320775811114144e-09,8.320775811114144e-09,0.007790845273560631,-8.320775811114144e-09,8.320775811114144e-09,0.007790845273560632,-8.387457137189704e-09,8.387457137189704e-09,0.018656790017872765,-0.3311126913574514,0.3311126913574514,736516.4260430777,0.33111269974490853,1.664155162222829e-08,-0.03306572547292994,-0.04283394667047635,-736516.460281555,-3.375569681308551e-09,-0.32342740549282456,0.32342740549282456,312839.8963567984,-8.408214682115337e-09,8.408214682115337e-09,0.008132968836355432,-0.35152060852866956,0.35152060852866956,822047.478519081,-0.35152060852866956,0.35152060852866956,822047.478519081,0.703041217057339,0.32342741390103924,-0.1348669041553222,-0.10024548564043212,-1956934.8615279256,-3.3737152812991577e-09
1,1,-0.4534970247271257,119997175.40499191,129.99997646170826,0.41158552261885345,122519.51133258625,337.87476667105835,-0.03338014182262283,229760.79493764558,429.4466232104867,-0.04191148545488257,0.04191148545488257,-0.033380158476012556,0.033380158476012556,-8.326694863742084e-09,8.326694863742084e-09,88.00000000005242,88,0.007188269141975559,0.007796387355721864,0.0,-8.326694863742082e-09,8.326694863742082e-09,88.00000000005242,88,0.007188269141975558,0.0077963873557218635,0.0,-0.4534970163364238,0.4534970163364238,211.73790148506617,206,941980.7894399845,1021671.1382212414,1.0,-8.390701962176696e-09,8.390701962176696e-09,211.73790148506617,206,0.017428736624194807,0.018903185058779616,0.0,0.4534970247271257,211.73790148506617,129.99997646170826,337.87476667105835,0.4534970247271257,0.0,1.6653389727484165e-08,88.00000000005242,337.87476667105835,429.4466232104867,5.646686703719337e-05,5.6450213647465885e-05,0.0,-3.3755691796859487e-09,-1021671.1727171978,0.015479452219449744,1021671.18819665,0,-0.7283684795358354,119994846.92509227,129.9999570577091,0.08522678612757772,121312.54237311639,337.8080268270067,0.41610149117298123,232176.7832033073,429.5434914111759,-0.09564164959747024,0.09564164959747024,-0.13139855263780612,0.13139855263780612,-0.27375002190539366,0.27375002190539366,96.33622264662368,88,258709.74241659843,280596.24990954273,1.0,-0.27375002190539366,0.27375002190539366,96.33622264662368,88,258709.74241659843,280596.24990954273,1.0,-0.3641842397679177,0.3641842397679177,220.80152591127944,206,788845.9957237709,855581.3402643936,1.0,-0.3641842397679177,0.3641842397679177,220.80152591127944,206,788845.9957237709,855581.3402643936,1.0,0.7283684795358354,220.80152591127944,129.9999570577091,337.8080268270067,0.7283684795358354,2.938735877055719e-39,0.5475000438107873,96.33622264662368,337.8080268270067,429.5434914111759,0.5475000438107873,1.0500975725933584e-35,0.0,-3.373404762735602e-09,-2272355.1803478696,0.01869280339063995,2272355.199040673,0,-8.326694863742084e-09,8.326694863742084e-09,0.007796387355721864,-8.326694863742082e-09,8.326694863742082e-09,0.0077963873557218635,-0.4534970163364238,0.4534970163364238,1021671.1382212414,-8.390701962176696e-09,8.390701962176696e-09,0.018903185058779616,0.4534970247271257,1.6653389727484165e-08,-0.033380158476012556,-0.04191148545488257,-1021671.1727171978,-3.3755691796859487e-09,-0.27375002190539366,0.27375002190539366,280596.24990954273,-0.27375002190539366,0.27375002190539366,280596.24990954273,-0.3641842397679177,0.3641842397679177,855581.3402643936,-0.3641842397679177,0.3641842397679177,855581.3402643936,0.7283684795358354,0.5475000438107873,-0.13139855263780612,-0.09564164959747024,-2272355.1803478696,-3.373404762735602e-09
2,2,-0.4509316984432534,119995552.05087751,129.99996293375733,0.41084741199502156,123998.56201576832,337.95655138570703,-0.033464834971258337,229640.32153174907,429.44179287160387,-0.040084269794871466,0.040084269794871466,-0.03346485162461878,0.03346485162461878,-8.32668021771633e-09,8.32668021771633e-09,88.00000000005242,88,0.007188256498354447,0.007796373642466862,0.0,-8.326680217716347e-09,8.326680217716347e-09,88.00000000005242,88,0.007188256498354461,0.007796373642466877,0.0,-0.450931690052885,0.450931690052885,211.67316916683154,206,936365.872529287,1015581.2066478167,1.0,-8.390368360171187e-09,8.390368360171187e-09,211.67316916683154,206,0.017422715597544592,0.01889665466111127,0.0,0.4509316984432534,211.67316916683154,129.99996293375733,337.95655138570703,0.4509316984432534,0.0,1.6653360435432678e-08,88.00000000005242,337.95655138570703,429.44179287160387,5.646675794252052e-05,5.645010458208509e-05,0.0,-3.375568771428613e-09,-1015581.2411372154,0.014832217670348334,1015581.255969433,0,-0.7621603729161146,119992103.14774977,129.99993419289794,0.2951577475964437,122375.1102644636,337.8667819547226,0.2195713452844221,232967.24004633122,429.5751845005814,-0.09473141010940546,0.09473141010940546,-0.15269986992584333,0.15269986992584333,-8.415603224853798e-09,8.415603224853798e-09,91.85407270191475,88,0.007583202892963993,0.008224731988030361,0.0,-0.3722712067946622,0.3722712067946622,91.85407270191475,88,335449.2859036325,363827.85889764916,1.0,-8.3804388891502e-09,8.3804388891502e-09,222.2067873098163,206,0.018268087840251322,0.019813544295283432,0.0,-0.7621603645356757,0.7621603645356757,222.2067873098163,206,1661394.1910400074,1801945.9772668194,1.0,0.7621603729161146,222.2067873098163,129.99993419289794,337.8667819547226,0.7621603729161146,0.0,0.37227121521026546,91.85407270191475,337.8667819547226,429.5751845005814,0.37227121521026546,0.0,0.0,-3.3750209162226327e-09,-2165773.8642027415,0.018726690736257035,2165773.882929432,0,-8.32668021771633e-09,8.32668021771633e-09,0.007796373642466862,-8.326680217716347e-09,8.326680217716347e-09,0.007796373642466877,-0.450931690052885,0.450931690052885,1015581.2066478167,-8.390368360171187e-09,8.390368360171187e-09,0.01889665466111127,0.4509316984432534,1.6653360435432678e-08,-0.03346485162461878,-0.040084269794871466,-1015581.2411372154,-3.375568771428613e-09,-8.415603224853798e-09,8.415603224853798e-09,0.008224731988030361,-0.3722712067946622,0.3722712067946622,363827.85889764916,-8.3804388891502e-09,8.3804388891502e-09,0.019813544295283432,-0.7621603645356757,0.7621603645356757,1801945.9772668194,0.7621603729161146,0.37227121521026546,-0.15269986992584333,-0.09473141010940546,-2165773.8642027415,-3.3750209162226327e-09
3,3,-0.4916566407612961,119993782.08697076,129.9999481840581,0.4559053566123908,125639.82129957293,338.0473054915106,-0.030246024054427906,229531.43584515312,429.4374271382552,-0.035751267490701934,0.035751267490701934,-0.03024604071263128,0.03024604071263128,-8.329101685989116e-09,8.329101685989116e-09,88.00000000005245,88,0.007190346903484981,0.007798640893150739,0.0,-8.329101685989116e-09,8.329101685989116e-09,88.00000000005245,88,0.007190346903484981,0.007798640893150738,0.0,-8.391621981519655e-09,8.391621981519655e-09,212.74416244208197,206,0.017513484866152444,0.018995102891705473,0.0,-0.49165663236967416,0.49165663236967416,212.74416244208197,206,1026097.3397178357,1112903.8391733575,1.0,0.4916566407612961,212.74416244208197,129.9999481840581,338.0473054915106,0.4916566407612961,0.0,1.6658203371978232e-08,88.00000000005245,338.0473054915106,429.4374271382552,5.646667087502366e-05,5.645001267165168e-05,0.0,-3.3755683438565205e-09,-1112903.8737657387,0.014849637161002596,1112903.8886153756,0,-0.6953528453481311,119989599.87750651,129.99991333231256,0.058242882865390734,122584.784642779,337.8783759855389,0.4017438779860471,234413.518007081,429.6331725072888,-0.08960992548363095,0.08960992548363095,-0.14575615901306224,0.14575615901306224,-0.27375001849955466,0.27375001849955466,96.33622243919484,88,258709.73864083458,280596.2458143542,1.0,-0.27375001849955466,0.27375001849955466,96.33622243919484,88,258709.73864083458,280596.2458143542,1.0,-8.38250162716606e-09,8.38250162716606e-09,219.49008466899065,206,0.01804918347933325,0.01957612091033975,0.0,-0.6953528369656296,0.6953528369656296,219.49008466899065,206,1497232.1505226004,1623896.0417815624,1.0,0.6953528453481311,219.49008466899065,129.99991333231256,337.8783759855389,0.6953528453481311,0.0,0.5475000369991093,96.33622243919484,337.8783759855389,429.6331725072888,0.5475000369991093,5.755330544221309e-36,0.0,-3.3746215421831235e-09,-2185088.5529863886,0.018730063746524583,2185088.571716452,0,-8.329101685989116e-09,8.329101685989116e-09,0.007798640893150739,-8.329101685989116e-09,8.329101685989116e-09,0.007798640893150738,-8.391621981519655e-09,8.391621981519655e-09,0.018995102891705473,-0.49165663236967416,0.49165663236967416,1112903.8391733575,0.4916566407612961,1.6658203371978232e-08,-0.03024604071263128,-0.035751267490701934,-1112903.8737657387,-3.3755683438565205e-09,-0.27375001849955466,0.27375001849955466,280596.2458143542,-0.27375001849955466,0.27375001849955466,280596.2458143542,-8.38250162716606e-09,8.38250162716606e-09,0.01957612091033975,-0.6953528369656296,0.6953528369656296,1623896.0417815624,0.6953528453481311,0.5475000369991093,-0.14575615901306224,-0.08960992548363095,-2185088.5529863886,-3.3746215421831235e-09
4,4,-0.32964192473341464,119992595.37604173,129.99993829480033,0.28998348771450033,126683.76185534513,338.10503061305974,-0.030637702196639697,229421.14011724523,429.4330048697955,-0.03965842037616476,0.03965842037616476,-0.030637718839389223,0.030637718839389223,-8.32137476235947e-09,8.32137476235947e-09,88.00000000005237,88,0.007183676404853966,0.007791406079017318,0.0,-8.32137476235947e-09,8.32137476235947e-09,88.00000000005237,88,0.007183676404853966,0.007791406079017318,0.0,-8.386340209425563e-09,8.386340209425563e-09,209.03171997929743,206,0.01719703907294851,0.018651886196256517,0.0,-0.32964191634707446,0.32964191634707446,209.03171997929743,206,675964.1003301106,733149.7834382979,1.0,0.32964192473341464,209.03171997929743,129.99993829480033,338.10503061305974,0.32964192473341464,1.0862166863310844e-25,1.664274952471894e-08,88.00000000005237,338.10503061305974,429.4330048697955,5.6466597450669244e-05,5.644995470114452e-05,0.0,-3.375568060066081e-09,-733149.8176729929,0.014871691300381375,733149.8325446843,0,-0.5063966559897314,119987776.84954496,129.99989814041288,0.1284563548100289,123047.2275200951,337.9039469542641,0.13437000100541566,234897.2500107005,429.6525675720217,-0.10419022037720459,0.10419022037720459,-0.13938007979708222,0.13938007979708222,-0.27375007240871563,0.27375007240871563,90.08405655842154,88,241919.6718262945,262385.7611998856,1.0,-8.393782223414565e-09,8.393782223414565e-09,90.08405655842154,88,0.0074177917943960715,0.008045327325809188,0.0,-0.5063966476108951,0.5063966476108951,213.15460829221237,206,1058899.0425981188,1148480.5234252918,1.0,-8.378836287474061e-09,8.378836287474061e-09,213.15460829221237,206,0.01752053802991758,0.019002752743945316,0.0,0.5063966559897314,213.15460829221237,129.99989814041288,337.9039469542641,0.5063966559897314,0.0,0.27375008080249785,90.08405655842154,337.9039469542641,429.6525675720217,0.27375008080249785,2.002486006814804e-32,0.0,-3.3750202848264643e-09,-1410866.311673254,0.01863117923996522,1410866.3303044331,0,-8.32137476235947e-09,8.32137476235947e-09,0.007791406079017318,-8.32137476235947e-09,8.32137476235947e-09,0.007791406079017318,-8.386340209425563e-09,8.386340209425563e-09,0.018651886196256517,-0.32964191634707446,0.32964191634707446,733149.7834382979,0.32964192473341464,1.664274952471894e-08,-0.030637718839389223,-0.03965842037616476,-733149.8176729929,-3.375568060066081e-09,-0.27375007240871563,0.27375007240871563,262385.7611998856,-8.393782223414565e-09,8.393782223414565e-09,0.008045327325809188,-0.5063966476108951,0.5063966476108951,1148480.5234252918,-8.378836287474061e-09,8.378836287474061e-09,0.019002752743945316,0.5063966559897314,0.27375008080249785,-0.13938007979708222,-0.10419022037720459,-1410866.311673254,-3.3750202848264643e-09
5,5,-1.676445782271016e-08,119992595.37598138,129.99993829479985,-0.04559122372140005,126519.63344994809,338.0959550655117,-0.030163966323891876,229312.5498384792,429.42865098072,-0.045591223835223134,0.045591223835223134,-0.03016398297452661,0.03016398297452661,-8.325317367679753e-09,8.325317367679753e-09,88.00000000005237,88,0.007187079977174862,0.007795097589126748,0.0,-8.325317367679751e-09,8.325317367679751e-09,88.00000000005237,88,0.007187079977174861,0.007795097589126747,0.0,-8.38222891135508e-09,8.38222891135508e-09,206.00000000005267,206,0.016939311117805375,0.01837235479154596,0.0,-8.38222891135508e-09,8.38222891135508e-09,206.00000000005267,206,0.01693931111780537,0.018372354791545958,0.0,1.676445782271016e-08,206.00000000005267,129.99993829479985,338.0959550655117,5.6059947084174526e-05,5.604318262635182e-05,1.6650634735359502e-08,88.00000000005237,338.0959550655117,429.42865098072,5.6455378918754535e-05,5.6438728284019175e-05,0.0,-3.376588201514205e-09,-0.05233490138475721,0.013673718729269625,0.06600862011402683,0,-0.368142941303895,119986451.53495626,129.9998870961246,0.23663728603434012,123899.12174981873,337.95105279538296,-0.18071491972718365,234246.67629968261,429.6264830476481,-0.13150563851104796,0.13150563851104796,-0.18071493648569056,0.18071493648569056,-8.379253463283567e-09,8.379253463283567e-09,88.00000000005276,88,0.00723364192978778,0.007845598622329478,0.0,-8.379253463283517e-09,8.379253463283517e-09,88.00000000005276,88,0.007233641929787736,0.007845598622329432,0.0,-0.36814293293027595,0.36814293293027595,209.78126538396873,206,757621.2999634494,821715.0758822662,1.0,-8.373619077707954e-09,8.373619077707954e-09,209.78126538396873,206,0.0172325246632879,0.01869037382135347,0.0,0.368142941303895,209.78126538396873,129.9998870961246,337.95105279538296,0.368142941303895,1.425108616679501e-32,1.6758506926567084e-08,88.00000000005276,337.95105279538296,429.6264830476481,5.6564406589194505e-05,5.654764808226794e-05,0.0,-3.3754867448862934e-09,-821715.1102638339,0.018457671767016647,821715.1287215056,0,-8.325317367679753e-09,8.325317367679753e-09,0.007795097589126748,-8.325317367679751e-09,8.325317367679751e-09,0.007795097589126747,-8.38222891135508e-09,8.38222891135508e-09,0.01837235479154596,-8.38222891135508e-09,8.38222891135508e-09,0.018372354791545958,1.676445782271016e-08,1.6650634735359502e-08,-0.03016398297452661,-0.045591223835223134,-0.05233490138475721,-3.376588201514205e-09,-8.379253463283567e-09,8.379253463283567e-09,0.007845598622329478,-8.379253463283517e-09,8.379253463283517e-09,0.007845598622329432,-0.36814293293027595,0.36814293293027595,821715.0758822662,-8.373619077707954e-09,8.373619077707954e-09,0.01869037382135347,0.368142941303895,1.6758506926567084e-08,-0.18071493648569056,-0.13150563851104796,-821715.1102638339,-3.3754867448862934e-09
6,6,-1.6633854234194408e-08,119992595.37592149,129.99993829479934,-0.07059574439730808,126265.48877011778,338.08190203111894,-0.029168571139431144,229207.54298237726,429.4244407677173,-0.07059574443626089,0.07059574443626089,-0.029168587734332556,0.029168587734332556,-8.297450704805835e-09,8.297450704805835e-09,88.00000000005208,88,0.0071630232444490185,0.0077690056881225805,0.0,-8.297450704805835e-09,8.297450704805835e-09,88.00000000005208,88,0.007163023244449019,0.0077690056881225805,0.0,-8.316927117097204e-09,8.316927117097204e-09,206.00000000005204,206,0.016807345333861298,0.018229224874036117,0.0,-8.316927117097204e-09,8.316927117097204e-09,206.00000000005204,206,0.016807345333861298,0.018229224874036117,0.0,1.6633854234194408e-08,206.00000000005204,129.99993829479934,338.08190203111894,5.605800575825497e-05,5.604137190402078e-05,1.6594901409611666e-08,88.00000000005208,338.08190203111894,429.4244407677173,5.645503960222377e-05,5.643844470081416e-05,0.0,-3.3765881831268544e-09,-0.051996457747729215,0.014853942712899477,0.0668504004606287,0,-1.6973051765250135e-08,119986451.53489515,129.99988709612413,-0.17437460206788832,123271.37318237433,337.91634118066736,-0.2854179843511699,233219.1715560184,429.5852856059498,-0.17437460219791667,0.17437460219791667,-0.2854180011941933,0.2854180011941933,-8.421511690161389e-09,8.421511690161389e-09,88.00000000005329,88,0.007270122611886952,0.007885165522653961,0.0,-8.421511690161389e-09,8.421511690161389e-09,88.00000000005329,88,0.007270122611886954,0.007885165522653963,0.0,-8.486525882625069e-09,8.486525882625069e-09,206.00000000005375,206,0.017150080695166242,0.01860095520083107,0.0,-8.486525882625068e-09,8.486525882625068e-09,206.00000000005375,206,0.017150080695166242,0.018600955200831066,0.0,1.6973051765250138e-08,206.00000000005375,129.99988709612413,337.91634118066736,5.5808483850176686e-05,5.579151079841144e-05,1.6843023380322778e-08,88.00000000005329,337.91634118066736,429.5852856059498,5.6550079680613296e-05,5.653323665723298e-05,0.07357298277434086,-38033.548011479266,38033.495039237816,38033.50627009289,0.011230855077664158,0,-8.297450704805835e-09,8.297450704805835e-09,0.0077690056881225805,-8.297450704805835e-09,8.297450704805835e-09,0.0077690056881225805,-8.316927117097204e-09,8.316927117097204e-09,0.018229224874036117,-8.316927117097204e-09,8.316927117097204e-09,0.018229224874036117,1.6633854234194408e-08,1.6594901409611666e-08,-0.029168587734332556,-0.07059574443626089,-0.051996457747729215,-3.3765881831268544e-09,-8.421511690161389e-09,8.421511690161389e-09,0.007885165522653961,-8.421511690161389e-09,8.421511690161389e-09,0.007885165522653963,-8.486525882625069e-09,8.486525882625069e-09,0.01860095520083107,-8.486525882625068e-09,8.486525882625068e-09,0.018600955200831066,1.6973051765250138e-08,1.6843023380322778e-08,-0.2854180011941933,-0.17437460219791667,38033.495039237816,-38033.548011479266
7,7,-1.6679358242671315e-08,119992595.37586145,129.99993829479885,-0.08260265887401387,125968.11919817133,338.06545885857366,-0.028207039646139936,229105.99763965115,429.42036934287717,-0.08260265893665866,0.08260265893665866,-0.02820705626285339,0.02820705626285339,-8.308356727538469e-09,8.308356727538469e-09,88.00000000005221,88,0.00717243819575367,0.007779217132053873,0.0,-8.308356727538469e-09,8.308356727538469e-09,88.00000000005221,88,0.007172438195753669,0.007779217132053871,0.0,-8.339679121335656e-09,8.339679121335656e-09,206.00000000005232,206,0.016853323949146667,0.018279093220332613,0.0,-8.339679121335657e-09,8.339679121335657e-09,206.00000000005232,206,0.01685332394914667,0.018279093220332613,0.0,1.6679358242671315e-08,206.00000000005232,129.99993829479885,338.06545885857366,5.6054196895540774e-05,5.6037517537298104e-05,1.661671345507694e-08,88.00000000005221,338.06545885857366,429.42036934287717,5.645345813030525e-05,5.643684141685017e-05,0.07477177315670108,-38653.262204686434,38653.21008806573,38653.2200406471,0.009952581372754128,0,-0.31800004358040307,119985306.73473826,129.9998775561228,0.12452643926010036,123719.66836371069,337.941129846736,-0.3107010185738811,232100.64788915243,429.5404387925039,-0.19347358759004882,0.19347358759004882,-0.310701035304135,0.310701035304135,-8.365126957869423e-09,8.365126957869423e-09,88.00000000005261,88,0.007221446800193833,0.007832371800644071,0.0,-8.365126957869426e-09,8.365126957869426e-09,88.00000000005261,88,0.007221446800193836,0.007832371800644073,0.0,-0.31800003523365705,0.31800003523365705,208.821360373308,206,651435.0115708327,706545.5656950463,1.0,-8.346746022196366e-09,8.346746022196366e-09,208.821360373308,206,0.017098622607326256,0.018545143825733464,0.0,0.31800004358040307,208.821360373308,129.9998775561228,337.941129846736,0.31800004358040307,1.476292334938172e-34,1.673025391573885e-08,88.00000000005261,337.941129846736,429.5404387925039,5.656054716232497e-05,5.654381690840923e-05,0.27945187048193765,-144462.6416804797,-562082.9582244541,0.011605115927222472,562082.96982957,0,-8.308356727538469e-09,8.308356727538469e-09,0.007779217132053873,-8.308356727538469e-09,8.308356727538469e-09,0.007779217132053871,-8.339679121335656e-09,8.339679121335656e-09,0.018279093220332613,-8.339679121335657e-09,8.339679121335657e-09,0.018279093220332613,1.6679358242671315e-08,1.661671345507694e-08,-0.02820705626285339,-0.08260265893665866,38653.21008806573,-38653.262204686434,-8.365126957869423e-09,8.365126957869423e-09,0.007832371800644071,-8.365126957869426e-09,8.365126957869426e-09,0.007832371800644073,-0.31800003523365705,0.31800003523365705,706545.5656950463,-8.346746022196366e-09,8.346746022196366e-09,0.018545143825733464,0.31800004358040307,1.673025391573885e-08,-0.310701035304135,-0.19347358759004882,-562082.9582244541,-144462.6416804797
8,8,-1.672651999414378e-08,119992595.37580124,129.99993829479834,-0.10918021411775487,125575.07042734741,338.0437250654519,-0.0296004961143663,228999.43585363944,429.41609678550594,-0.10918021420476628,0.10918021420476628,-0.02960051275387489,0.02960051275387489,-8.319754293788433e-09,8.319754293788433e-09,88.00000000005232,88,0.007182277486745956,0.007789888814258086,0.0,-8.319754293788433e-09,8.319754293788433e-09,88.00000000005232,88,0.007182277486745956,0.007789888814258086,0.0,-8.363259997071892e-09,8.363259997071892e-09,206.00000000005252,206,0.016900977597687033,0.018330778305517388,0.0,-8.36325999707189e-09,8.36325999707189e-09,206.00000000005252,206,0.01690097759768703,0.018330778305517388,0.0,1.6726519994143784e-08,206.00000000005252,129.99993829479834,338.0437250654519,5.604578544653953e-05,5.602905892654539e-05,1.6639508587576867e-08,88.00000000005232,338.0437250654519,429.41609678550594,5.6449348732474024e-05,5.643270922388645e-05,0.2358591708815945,-121927.39288065594,121927.3406393217,121927.35082968613,0.010190364439456156,0,-1.6402910350379492e-08,119985306.7346792,129.99987755612233,-0.5302704210745371,121810.69484784236,337.8355723725788,-0.056243763909520586,231898.17033907818,429.53232052627123,-0.2565204265537426,0.2565204265537426,-0.32999377483322556,0.32999377483322556,-8.313117719558002e-09,8.313117719558002e-09,90.08405549444905,88,0.007346506501621401,0.007968011390044903,0.0,-0.27375000261058724,0.27375000261058724,90.08405549444905,88,241919.60728668928,262385.6912003138,1.0,-8.201455175189743e-09,8.201455175189743e-09,206.0000000000509,206,0.01657399270533803,0.017976130916852528,0.0,-8.20145517518975e-09,8.20145517518975e-09,206.0000000000509,206,0.01657399270533804,0.01797613091685254,0.0,1.6402910350379492e-08,206.0000000000509,129.99987755612233,337.8355723725788,5.575474984104025e-05,5.573834693068987e-05,0.27375001092370493,90.08405549444905,337.8355723725788,429.53232052627123,0.27375001092370493,8.944777325788344e-38,0.4971078908988494,-256979.92322141284,-5405.811899174207,0.00668190294711612,5405.818581077154,0,-8.319754293788433e-09,8.319754293788433e-09,0.007789888814258086,-8.319754293788433e-09,8.319754293788433e-09,0.007789888814258086,-8.363259997071892e-09,8.363259997071892e-09,0.018330778305517388,-8.36325999707189e-09,8.36325999707189e-09,0.018330778305517388,1.6726519994143784e-08,1.6639508587576867e-08,-0.02960051275387489,-0.10918021420476628,121927.3406393217,-121927.39288065594,-8.313117719558002e-09,8.313117719558002e-09,0.007968011390044903,-0.27375000261058724,0.27375000261058724,262385.6912003138,-8.201455175189743e-09,8.201455175189743e-09,0.017976130916852528,-8.20145517518975e-09,8.20145517518975e-09,0.01797613091685254,1.6402910350379492e-08,0.27375001092370493,-0.32999377483322556,-0.2565204265537426,-5405.811899174207,-256979.92322141284
9,9,-1.682924872374969e-08,119992595.37574065,129.99993829479783,-0.11784073582483139,125150.84377837802,338.02026727876023,-0.03417090879048619,228876.42058199368,429.41116453140893,-0.11784073596654658,0.11784073596654658,-0.034170925478019726,0.034170925478019726,-8.343766767035864e-09,8.343766767035864e-09,88.00000000005255,88,0.0072030069746510375,0.007812371989860127,0.0,-8.343766767035865e-09,8.343766767035865e-09,88.00000000005255,88,0.0072030069746510375,0.007812371989860127,0.0,-8.414624361874844e-09,8.414624361874844e-09,206.00000000005306,206,0.017004777787942817,0.018443359856770952,0.0,-8.414624361874846e-09,8.414624361874846e-09,206.00000000005306,206,0.017004777787942817,0.018443359856770952,0.0,1.682924872374969e-08,206.00000000005306,129.99993829479783,338.02026727876023,5.603720079990868e-05,5.6020371551184936e-05,1.668753353407173e-08,88.00000000005255,338.02026727876023,429.41116453140893,5.6447503263447887e-05,5.643081572991381e-05,0.3846877203897489,-198864.3112043874,198864.2586929237,198864.26505950114,0.006366577430005188,0,-1.6863002181189788e-08,119985306.73461851,129.99987755612182,-0.6378520757680315,119514.42737507744,337.70859932009824,0.05154322559510667,232083.72595122055,429.5397603133478,-0.2722220828356481,0.2722220828356481,-0.31408678420027886,0.31408678420027886,-8.404592608746349e-09,8.404592608746349e-09,91.71778830599129,88,0.007562044834185771,0.008201783985017105,0.0,-0.36563000139079294,0.36563000139079294,91.71778830599129,88,328976.1433962832,356807.0969590925,1.0,-8.431501090594897e-09,8.431501090594897e-09,206.00000000005318,206,0.017038883293944068,0.018480350644190964,0.0,-8.43150109059489e-09,8.43150109059489e-09,206.00000000005318,206,0.017038883293944054,0.018480350644190947,0.0,1.6863002181189788e-08,206.00000000005318,129.99987755612182,337.70859932009824,5.57310213608875e-05,5.5714158358706304e-05,0.36563000979538557,91.71778830599129,337.70859932009824,429.5397603133478,0.36563000979538557,5.96012370065363e-38,0.6902159686444646,-356807.1433696867,0.0012481089728895028,0.014290029994266897,0.013041921021377394,0,-8.343766767035864e-09,8.343766767035864e-09,0.007812371989860127,-8.343766767035865e-09,8.343766767035865e-09,0.007812371989860127,-8.414624361874844e-09,8.414624361874844e-09,0.018443359856770952,-8.414624361874846e-09,8.414624361874846e-09,0.018443359856770952,1.682924872374969e-08,1.668753353407173e-08,-0.034170925478019726,-0.11784073596654658,198864.2586929237,-198864.3112043874,-8.404592608746349e-09,8.404592608746349e-09,0.008201783985017105,-0.36563000139079294,0.36563000139079294,356807.0969590925,-8.431501090594897e-09,8.431501090594897e-09,0.018480350644190964,-8.43150109059489e-09,8.43150109059489e-09,0.018480350644190947,1.6863002181189788e-08,0.36563000979538557,-0.31408678420027886,-0.2722220828356481,0.0012481089728895028,-356807.1433696867
10,10,-1.688667399989395e-08,119992595.37567985,129.99993829479735,-0.10455218708565261,124774.45590486967,337.9994547567945,-0.06866151369176107,228629.23913270334,429.40125387804324,-0.10455218725669659,0.10455218725669659,-0.0686615304073911,0.0686615304073911,-8.357815013867619e-09,8.357815013867619e-09,88.0000000000527,88,0.007215134545175976,0.007825525537067219,0.0,-8.357815013867617e-09,8.357815013867617e-09,88.0000000000527,88,0.007215134545175975,0.007825525537067219,0.0,-8.443336999946974e-09,8.443336999946974e-09,206.00000000005335,206,0.017062802009717305,0.01850629285218797,0.0,-8.443336999946974e-09,8.443336999946974e-09,206.00000000005335,206,0.017062802009717305,0.018506292852187967,0.0,1.688667399989395e-08,206.00000000005335,129.99993829479735,337.9994547567945,5.602978890008594e-05,5.601290222608604e-05,1.6715630027735234e-08,88.0000000000527,337.9994547567945,429.40125387804324,5.644530618478693e-05,5.64285905547592e-05,0.5137134929205837,-265564.1841387238,265564.131475087,265564.13795103924,0.00647595222909568,0,-0.3180000094826275,119984161.93458436,129.99986801612155,0.08343175820469144,119814.78170461433,337.7252075360397,-0.2715024996289034,231106.3169525565,429.5005714429449,-0.23456823461458334,0.23456823461458334,-0.2715025162922561,0.2715025162922561,-8.331676350476031e-09,8.331676350476031e-09,88.0000000000523,88,0.007192569559843211,0.007801051583344047,0.0,-8.331676350475996e-09,8.331676350475996e-09,88.0000000000523,88,0.007192569559843181,0.0078010515833440135,0.0,-0.31800000121782496,0.31800000121782496,208.82135976826353,206,651434.9400006395,706545.488070108,1.0,-8.264802565334645e-09,8.264802565334645e-09,208.82135976826353,206,0.016930758310077534,0.018363078427415983,0.0,0.3180000094826275,208.82135976826353,129.99986801612155,337.7252075360397,0.3180000094826275,4.4264709148151764e-38,1.6663352700952025e-08,88.0000000000523,337.7252075360397,429.5005714429449,5.6562484181200516e-05,5.6545820828499566e-05,0.8271725442451721,-427606.84727716376,-278938.67475812585,0.006822640951642107,278938.6815807668,0,-8.357815013867619e-09,8.357815013867619e-09,0.007825525537067219,-8.357815013867617e-09,8.357815013867617e-09,0.007825525537067219,-8.443336999946974e-09,8.443336999946974e-09,0.01850629285218797,-8.443336999946974e-09,8.443336999946974e-09,0.018506292852187967,1.688667399989395e-08,1.6715630027735234e-08,-0.0686615304073911,-0.10455218725669659,265564.131475087,-265564.1841387238,-8.331676350476031e-09,8.331676350476031e-09,0.007801051583344047,-8.331676350475996e-09,8.331676350475996e-09,0.0078010515833440135,-0.31800000121782496,0.31800000121782496,706545.488070108,-8.264802565334645e-09,8.264802565334645e-09,0.018363078427415983,0.3180000094826275,1.6663352700952025e-08,-0.2715025162922561,-0.23456823461458334,-278938.67475812585,-427606.84727716376
11,11,-1.6912857362100386e-08,119992595.37561896,129.99993829479683,-0.3602202131529292,123477.66313751912,337.92774806841516,0.19649732277795254,229336.629494704,429.42961644607635,-0.08646839796549013,0.08646839796549013,-0.07725450932234389,0.07725450932234389,-8.370011965006963e-09,8.370011965006963e-09,90.0840832236639,88,0.007396787627652159,0.00802254623389605,0.0,-0.27375182373028445,0.27375182373028445,90.0840832236639,88,241921.29112152898,262387.51748538937,1.0,-8.456428681050191e-09,8.456428681050191e-09,206.00000000005346,206,0.01708925846439157,0.018534987488494113,0.0,-8.456428681050193e-09,8.456428681050193e-09,206.00000000005346,206,0.017089258464391573,0.018534987488494116,0.0,1.6912857362100382e-08,206.00000000005346,129.99993829479683,337.92774806841516,5.602532020894775e-05,5.6008407351585646e-05,0.2737518321002964,90.0840832236639,337.92774806841516,429.42961644607635,0.2737518321002964,4.5555290031461405e-23,0.6112149495870927,-315967.56228870415,53579.99971079364,53580.006231206724,0.006520413077094743,0,-0.31800001022988017,119983017.13454755,129.99985847612123,0.1053965420515769,120194.20925600002,337.7461881382414,-0.23403774956966605,230263.7810541057,429.46679026210927,-0.21260345150928933,0.21260345150928933,-0.23403776623868,0.23403776623868,-8.334506979761544e-09,8.334506979761544e-09,88.00000000005232,88,0.007195013185492814,0.007803701936543184,0.0,-8.334506979761542e-09,8.334506979761542e-09,88.00000000005232,88,0.007195013185492813,0.007803701936543181,0.0,-8.271421911306175e-09,8.271421911306175e-09,208.82135978152309,206,0.016944318289868074,0.01837778556384824,0.0,-0.3180000019584583,0.3180000019584583,208.82135978152309,206,651434.941559219,706545.4897605412,1.0,0.31800001022988017,208.82135978152309,129.99985847612123,337.7461881382414,0.31800001022988017,5.54227219313477e-38,1.6669013959523088e-08,88.00000000005232,337.7461881382414,429.46679026210927,5.6563279996932e-05,5.654661098297248e-05,0.9073690875066988,-469064.4506965158,-237481.07304921487,0.006851049143113255,237481.079900264,0,-8.370011965006963e-09,8.370011965006963e-09,0.00802254623389605,-0.27375182373028445,0.27375182373028445,262387.51748538937,-8.456428681050191e-09,8.456428681050191e-09,0.018534987488494113,-8.456428681050193e-09,8.456428681050193e-09,0.018534987488494116,1.6912857362100382e-08,0.2737518321002964,-0.07725450932234389,-0.08646839796549013,53579.99971079364,-315967.56228870415,-8.334506979761544e-09,8.334506979761544e-09,0.007803701936543184,-8.334506979761542e-09,8.334506979761542e-09,0.007803701936543181,-8.271421911306175e-09,8.271421911306175e-09,0.01837778556384824,-0.3180000019584583,0.3180000019584583,706545.4897605412,0.31800001022988017,1.6669013959523088e-08,-0.23403776623868,-0.21260345150928933,-237481.07304921487,-469064.4506965158
12,12,-1.6932646586025644e-08,119992595.375558,129.9999382947963,-0.42649548079452665,121942.27940665882,337.8428483947715,0.2753563621255017,230327.91239835578,429.46936158582537,-0.08445424222702769,0.08445424222702769,-0.06668489337464388,0.06668489337464388,-0.3420412471295802,0.3420412471295802,91.25355365103806,88,306194.4218914047,332098.0714657318,1.0,-8.370565431369915e-09,8.370565431369915e-09,91.25355365103806,88,0.007493308079690358,0.008127232190553535,0.0,-8.466323293012822e-09,8.466323293012822e-09,206.00000000005357,206,0.017109254089922393,0.018556674717920166,0.0,-8.466323293012822e-09,8.466323293012822e-09,206.00000000005357,206,0.017109254089922393,0.018556674717920166,0.0,1.6932646586025644e-08,206.00000000005357,129.9999382947963,337.8428483947715,5.602166510982209e-05,5.600473246323606e-05,0.3420412555001456,91.25355365103806,337.8428483947715,429.46936158582537,0.3420412555001456,0.0,0.6484390389437005,-335210.55509019986,3112.438383886487,3112.4449455878707,0.006561701383913893,0,-0.721761374434608,119980418.79359958,129.99983682328,0.20003352885856934,120914.32995989086,337.78600750815883,0.14163939925776714,230773.68289143365,429.4872345971303,-0.18251025895222833,0.18251025895222833,-0.19757818736604332,0.19757818736604332,-0.33921757821452697,0.33921757821452697,91.20005696159114,88,303488.6586888176,329163.4042178065,1.0,-8.409283470790486e-09,8.409283470790486e-09,91.20005696159114,88,0.00752355516044667,0.008160038134974696,0.0,-0.36088068721809635,0.36088068721809635,220.53421153735775,206,780743.935962232,846793.8567920087,1.0,-0.3608806872165116,0.3608806872165116,220.53421153735775,206,780743.9359588035,846793.8567882902,1.0,0.7217613744346081,220.53421153735775,129.99983682328,337.78600750815883,0.7217613744346081,2.8971803150442277e-37,0.33921758662381046,91.20005696159114,337.78600750815883,429.4872345971303,0.33921758662381046,0.0,0.9075888237412905,-469178.0420169851,-1553573.0839411584,0.012275478697007763,1553573.0962166372,0,-0.3420412471295802,0.3420412471295802,332098.0714657318,-8.370565431369915e-09,8.370565431369915e-09,0.008127232190553535,-8.466323293012822e-09,8.466323293012822e-09,0.018556674717920166,-8.466323293012822e-09,8.466323293012822e-09,0.018556674717920166,1.6932646586025644e-08,0.3420412555001456,-0.06668489337464388,-0.08445424222702769,3112.438383886487,-335210.55509019986,-0.33921757821452697,0.33921757821452697,329163.4042178065,-8.409283470790486e-09,8.409283470790486e-09,0.008160038134974696,-0.36088068721809635,0.36088068721809635,846793.8567920087,-0.3608806872165116,0.3608806872165116,846793.8567882902,0.7217613744346081,0.33921758662381046,-0.19757818736604332,-0.18251025895222833,-1553573.0839411584,-469178.0420169851
13,13,-0.31800000887269103,119991450.57552607,129.99992875479606,0.2570744451416249,122867.74740916867,337.89402252785726,-0.05837060285241976,230117.77822808706,429.46093633009605,-0.06092554717676036,0.06092554717676036,-0.058370619406725555,0.058370619406725555,-8.277152896309783e-09,8.277152896309783e-09,88.00000000005187,88,0.007145500552330513,0.007750000599056956,0.0,-8.277152896309783e-09,8.277152896309783e-09,88.00000000005187,88,0.007145500552330513,0.007750000599056956,0.0,-8.27130289644532e-09,8.27130289644532e-09,208.82135975744058,206,0.016944074481471248,0.018377521129578363,0.0,-0.31800000060138817,0.31800000060138817,208.82135975744058,206,651434.9387040827,706545.4866638641,1.0,0.31800000887269103,208.82135975744058,129.99992875479606,337.89402252785726,0.31800000887269103,3.857090838635631e-38,1.6554305792619566e-08,88.00000000005187,337.89402252785726,429.46093633009605,5.6448808029333275e-05,5.6432253723540656e-05,0.6048769083203855,-312691.11553956947,-393854.405001817,0.011516360726071272,393854.4165181778,0,-0.7692061315529601,119977649.65152599,129.99981374709606,0.07256676003297068,121175.57029600955,337.80045289977863,0.38723492997801284,232167.72863935452,429.5431283716154,-0.1491393164504477,0.1491393164504477,-0.16026512509152888,0.16026512509152888,-0.27375002753477085,0.27375002753477085,96.33622298947463,88,258709.74865740977,280596.2566783186,1.0,-0.27375002753477085,0.27375002753477085,96.33622298947463,88,258709.74865740977,280596.2566783186,1.0,-0.38460306577647296,0.38460306577647296,222.50781823164087,206,839512.2245915191,910533.8661513223,1.0,-0.3846030657764871,0.3846030657764871,222.50781823164087,206,839512.2245915501,910533.8661513559,1.0,0.7692061315529601,222.50781823164087,129.99981374709606,337.80045289977863,0.7692061315529601,1.4969185873752567e-38,0.5475000550695417,96.33622298947463,337.80045289977863,429.5431283716154,0.5475000550695417,2.7964275922092956e-35,0.8371170424435377,-432747.6541896439,-1949512.5914696716,0.012283115337121207,1949512.603752787,0,-8.277152896309783e-09,8.277152896309783e-09,0.007750000599056956,-8.277152896309783e-09,8.277152896309783e-09,0.007750000599056956,-8.27130289644532e-09,8.27130289644532e-09,0.018377521129578363,-0.31800000060138817,0.31800000060138817,706545.4866638641,0.31800000887269103,1.6554305792619566e-08,-0.058370619406725555,-0.06092554717676036,-393854.405001817,-312691.11553956947,-0.27375002753477085,0.27375002753477085,280596.2566783186,-0.27375002753477085,0.27375002753477085,280596.2566783186,-0.38460306577647296,0.38460306577647296,910533.8661513223,-0.3846030657764871,0.3846030657764871,910533.8661513559,0.7692061315529601,0.5475000550695417,-0.16026512509152888,-0.1491393164504477,-1949512.5914696716,-432747.6541896439
14,14,-1.6961750317871824e-08,119991450.57546501,129.99992875479555,-0.05758870736851306,122660.42806264204,337.8825587194904,-0.0473388580197007,229947.35833921615,429.4541034045263,-0.057588707574316916,0.057588707574316916,-0.04733887477564717,0.04733887477564717,-8.377973234125239e-09,8.377973234125239e-09,88.00000000005288,88,0.007232536733560006,0.007844399927939269,0.0,-8.377973234125239e-09,8.377973234125239e-09,88.00000000005288,88,0.0072325367335600065,0.007844399927939269,0.0,-8.480875158935912e-09,8.480875158935912e-09,206.00000000005372,206,0.017138661373691758,0.018588569819622296,0.0,-8.48087515893591e-09,8.48087515893591e-09,206.00000000005372,206,0.017138661373691754,0.018588569819622293,0.0,1.6961750317871824e-08,206.00000000005372,129.99992875479555,337.8825587194904,5.602134458624559e-05,5.6004382835927715e-05,1.6755946468250478e-08,88.00000000005288,337.8825587194904,429.4541034045263,5.6435441744130374e-05,5.641868579766212e-05,0.49767636182026426,-257273.78762666817,257273.73476072866,257273.74620685124,0.011446122542367602,0,-0.7392212320079528,119974988.45509076,129.99979157045908,0.24807070565678707,122068.62483637399,337.84983471717004,0.19147147185059524,232857.02593801665,429.57076550463063,-0.1374907396255787,0.1374907396255787,-0.16218831487499166,0.16218831487499166,-8.410456548542013e-09,8.410456548542013e-09,91.47834255640616,88,0.007547565073305441,0.008186079255211975,0.0,-0.3536597783151304,0.3536597783151304,91.47834255640616,88,317375.18352499214,344224.7109815533,1.0,-0.3696106013586668,0.3696106013586668,221.24590003285275,206,802211.0838625577,870077.0974648132,1.0,-0.36961063064928595,0.36961063064928595,221.24590003285275,206,802211.1474355697,870077.1664160192,1.0,0.7392212320079528,221.24590003285275,129.99979157045908,337.84983471717004,0.7392212320079528,4.81217999867874e-38,0.3536597867255869,91.47834255640616,337.84983471717004,429.57076550463063,0.3536597867255869,0.0,0.7025998704330214,-363209.0015008922,-1721169.9815475729,0.012174874093102868,1721169.993722447,0,-8.377973234125239e-09,8.377973234125239e-09,0.007844399927939269,-8.377973234125239e-09,8.377973234125239e-09,0.007844399927939269,-8.480875158935912e-09,8.480875158935912e-09,0.018588569819622296,-8.48087515893591e-09,8.48087515893591e-09,0.018588569819622293,1.6961750317871824e-08,1.6755946468250478e-08,-0.04733887477564717,-0.057588707574316916,257273.73476072866,-257273.78762666817,-8.410456548542013e-09,8.410456548542013e-09,0.008186079255211975,-0.3536597783151304,0.3536597783151304,344224.7109815533,-0.3696106013586668,0.3696106013586668,870077.0974648132,-0.36961063064928595,0.36961063064928595,870077.1664160192,0.7392212320079528,0.3536597867255869,-0.16218831487499166,-0.1374907396255787,-1721169.9815475729,-363209.0015008922
15,15,-1.6438251900016018e-08,119991450.57540584,129.99992875479506,-0.32344049400905106,121496.04228420944,337.81817352991385,0.233290501893267,230787.2041460319,429.4877767270829,-0.049690501309281744,0.049690501309281744,-0.04045950724475422,0.04045950724475422,-8.255633795280811e-09,8.255633795280811e-09,90.08405546726028,88,0.007295706542387155,0.007912913820376524,0.0,-0.2737500008823874,0.2737500008823874,90.08405546726028,88,241919.60568642156,262385.6894646655,1.0,-8.219125950008009e-09,8.219125950008009e-09,206.00000000005107,206,0.01660970286733728,0.01801486211207948,0.0,-8.219125950008009e-09,8.219125950008009e-09,206.00000000005107,206,0.016609702867337275,0.018014862112079477,0.0,1.6438251900016018e-08,206.00000000005107,129.99992875479506,337.81817352991385,5.602751322557089e-05,5.601107497367087e-05,0.2737500091380212,90.08405546726028,337.81817352991385,429.4877767270829,0.2737500091380212,7.381278003698544e-38,0.32599011824461455,-168520.58834806044,-93865.14505924312,0.010844376486706785,93865.1559036196,0,-0.5945388004092926,119972848.11540928,129.99977373429508,0.1610777931518013,122648.50489172047,337.8818994228601,0.10833162339534465,233247.0197822399,429.5864021707961,-0.159710796406339,0.159710796406339,-0.1654185874558078,0.1654185874558078,-0.27375020244916476,0.27375020244916476,90.08405853853759,88,241919.7920638047,262385.89160933264,1.0,-8.401987669942104e-09,8.401987669942104e-09,90.08405853853759,88,0.00742504331254157,0.008053192312951811,0.0,-0.5945387920343476,0.5945387920343476,215.86199114685982,206,1258998.992407936,1365508.668555245,1.0,-8.374945097607315e-09,8.374945097607315e-09,215.86199114685982,206,0.017734835102720878,0.01923517907019618,0.0,0.5945388004092926,215.86199114685982,129.99977373429508,337.8818994228601,0.5945388004092926,0.0,0.2737502108511524,90.08405853853759,337.8818994228601,429.5864021707961,0.2737502108511524,1.5879697744536593e-29,0.5186243614651183,-268102.86151940096,-1359791.7259335478,0.011836279920221633,1359791.737769828,0,-8.255633795280811e-09,8.255633795280811e-09,0.007912913820376524,-0.2737500008823874,0.2737500008823874,262385.6894646655,-8.219125950008009e-09,8.219125950008009e-09,0.01801486211207948,-8.219125950008009e-09,8.219125950008009e-09,0.018014862112079477,1.6438251900016018e-08,0.2737500091380212,-0.04045950724475422,-0.049690501309281744,-93865.14505924312,-168520.58834806044,-0.27375020244916476,0.27375020244916476,262385.89160933264,-8.401987669942104e-09,8.401987669942104e-09,0.008053192312951811,-0.5945387920343476,0.5945387920343476,1365508.668555245,-8.374945097607315e-09,8.374945097607315e-09,0.01923517907019618,0.5945388004092926,0.2737502108511524,-0.1654185874558078,-0.159710796406339,-1359791.7259335478,-268102.86151940096
16,16,-1.6758642055561367e-08,119991450.5753455,129.99992875479455,-0.0573309713679558,121289.6507872848,337.80676102737164,-0.03949043998988326,230645.03856206834,429.4820766479417,-0.057330971461220674,0.057330971461220674,-0.03949045665526044,0.03949045665526044,-8.332688591755612e-09,8.332688591755612e-09,88.00000000005241,88,0.0071934434074950775,0.007801999357369933,0.0,-8.332688591755612e-09,8.332688591755612e-09,88.00000000005241,88,0.007193443407495079,0.0078019993573699336,0.0,-8.379321027780682e-09,8.379321027780682e-09,206.00000000005275,206,0.016933434692205235,0.018365981227988326,0.0,-8.379321027780684e-09,8.379321027780684e-09,206.00000000005275,206,0.016933434692205238,0.01836598122798833,0.0,1.6758642055561367e-08,206.00000000005275,129.99992875479455,337.80676102737164,5.603368437648859e-05,5.601692573443303e-05,1.6665377183511225e-08,88.00000000005241,337.80676102737164,429.4820766479417,5.6429389987581994e-05,5.6412724610398486e-05,0.11821470325038548,-61111.08433683384,61111.03200087267,61111.04239165242,0.010390779756938369,0,-1.6334841903945554e-08,119972848.11535048,129.9997737342946,-0.4378865792151913,121072.11320654578,337.79473219754965,0.09300118764795318,233581.82405777252,429.59982603059495,-0.16413658591946778,0.16413658591946778,-0.18074882198261222,0.18074882198261222,-0.2737500013268023,0.2737500013268023,90.08405547475974,88,241919.6060993016,262385.68991247466,1.0,-8.303763110190084e-09,8.303763110190084e-09,90.08405547475974,88,0.007338239601737342,0.007959045121190176,0.0,-8.167420951972777e-09,8.167420951972777e-09,206.00000000005056,206,0.016505214305007735,0.01790153395337065,0.0,-8.167420951972777e-09,8.167420951972777e-09,206.00000000005056,206,0.01650521430500774,0.01790153395337065,0.0,1.6334841903945554e-08,206.00000000005056,129.9997737342946,337.79473219754965,5.5707602475752135e-05,5.569126763384819e-05,0.2737500096305654,90.08405547475974,337.79473219754965,429.59982603059495,0.2737500096305654,1.3729406675619686e-37,0.32243077805000214,-166680.5889405844,-95705.14473400326,0.0065184219468708785,95705.15125242522,0,-8.332688591755612e-09,8.332688591755612e-09,0.007801999357369933,-8.332688591755612e-09,8.332688591755612e-09,0.0078019993573699336,-8.379321027780682e-09,8.379321027780682e-09,0.018365981227988326,-8.379321027780684e-09,8.379321027780684e-09,0.01836598122798833,1.6758642055561367e-08,1.6665377183511225e-08,-0.03949045665526044,-0.057330971461220674,61111.03200087267,-61111.08433683384,-0.2737500013268023,0.2737500013268023,262385.68991247466,-8.303763110190084e-09,8.303763110190084e-09,0.007959045121190176,-8.167420951972777e-09,8.167420951972777e-09,0.01790153395337065,-8.167420951972777e-09,8.167420951972777e-09,0.01790153395337065,1.6334841903945554e-08,0.2737500096305654,-0.18074882198261222,-0.16413658591946778,-95705.14473400326,-166680.5889405844
17,17,-1.5774941026692796e-08,119991450.57528871,129.99992875479407,-0.0591958252763837,121076.54581628983,337.7949773005249,-0.03788996494374589,230508.63468827083,429.47660758254534,-0.05919582478106694,0.05919582478106694,-0.037889981214003665,0.037889981214003665,-8.135128888697475e-09,8.135128888697475e-09,88.00000000005029,88,0.007022894067038706,0.007617021764684063,0.0,-8.135128888697475e-09,8.135128888697475e-09,88.00000000005029,88,0.007022894067038706,0.007617021764684063,0.0,-7.8874705133464e-09,7.8874705133464e-09,206.00000000004746,206,0.015939473661604718,0.017287932387857613,0.0,-7.887470513346398e-09,7.887470513346398e-09,206.00000000004746,206,0.015939473661604718,0.017287932387857613,0.0,1.5774941026692796e-08,206.00000000004746,129.99992875479407,337.7949773005249,5.60330552721243e-05,5.6017280331097605e-05,1.627025777739495e-08,88.00000000005029,337.7949773005249,429.47660758254534,5.6429280570727165e-05,5.641301031294977e-05,0.0,-3.3765890308458383e-09,-0.049809904928494325,0.005135396787696273,0.054945301716190595,0,-1.6978153892506345e-08,119972848.11528936,129.99977373429405,-0.17459104238694098,120443.5854539528,337.75997749747137,-0.1905718008198708,232895.76557482098,429.57231875675774,-0.174591042501634,0.174591042501634,-0.19057181768333167,0.19057181768333167,-8.431730443077635e-09,8.431730443077635e-09,88.00000000005336,88,0.007278944256904502,0.007894733467358462,0.0,-8.431730443077635e-09,8.431730443077635e-09,88.00000000005336,88,0.007278944256904502,0.007894733467358462,0.0,-8.489076946253174e-09,8.489076946253174e-09,206.00000000005377,206,0.01715523603760975,0.01860654667853552,0.0,-8.489076946253173e-09,8.489076946253173e-09,206.00000000005377,206,0.017155236037609746,0.018606546678535518,0.0,1.697815389250635e-08,206.00000000005377,129.99977373429405,337.75997749747137,5.5721891164792735e-05,5.570491301090023e-05,1.686346088615527e-08,88.00000000005336,337.75997749747137,429.57231875675774,5.655736034952893e-05,5.654049688864277e-05,0.11917990763987955,-61610.04783318356,61609.99483062327,61610.00122156976,0.006390946481191156,0,-8.135128888697475e-09,8.135128888697475e-09,0.007617021764684063,-8.135128888697475e-09,8.135128888697475e-09,0.007617021764684063,-7.8874705133464e-09,7.8874705133464e-09,0.017287932387857613,-7.887470513346398e-09,7.887470513346398e-09,0.017287932387857613,1.5774941026692796e-08,1.627025777739495e-08,-0.037889981214003665,-0.05919582478106694,-0.049809904928494325,-3.3765890308458383e-09,-8.431730443077635e-09,8.431730443077635e-09,0.007894733467358462,-8.431730443077635e-09,8.431730443077635e-09,0.007894733467358462,-8.489076946253174e-09,8.489076946253174e-09,0.01860654667853552,-8.489076946253173e-09,8.489076946253173e-09,0.018606546678535518,1.697815389250635e-08,1.686346088615527e-08,-0.19057181768333167,-0.174591042501634,61609.99483062327,-61610.04783318356
18,18,-1.5452079123220944e-08,119991450.57523309,129.99992875479361,-0.06950460368201122,120826.32924303459,337.7811414723976,-0.0354215392548949,230381.1171469532,429.47149481152763,-0.06950460297681736,0.06950460297681736,-0.03542155541216789,0.03542155541216789,-8.078636496634735e-09,8.078636496634735e-09,88.0000000000497,88,0.006974125314818688,0.007564127239499662,0.0,-8.078636496634734e-09,8.078636496634734e-09,88.0000000000497,88,0.006974125314818687,0.007564127239499661,0.0,-7.726039561610472e-09,7.726039561610472e-09,206.00000000004576,206,0.015613244308479386,0.016934104456051396,0.0,-7.726039561610472e-09,7.726039561610472e-09,206.00000000004576,206,0.015613244308479388,0.0169341044560514,0.0,1.5452079123220947e-08,206.00000000004576,129.99992875479361,337.7811414723976,5.60300445763373e-05,5.601459249721408e-05,1.6157272993269468e-08,88.0000000000497,337.7811414723976,429.47149481152763,5.642418655584319e-05,5.640802928284992e-05,0.0,-3.376589746577834e-09,-0.04899646001451238,0.0049868110766219005,0.05398327109113428,0,-1.6888996313382367e-08,119972848.11522856,129.99977373429357,-0.18201639707973433,119788.32642446575,337.72374468046456,-0.22037654987741184,232102.4099952623,429.5405094435293,-0.18201639714443693,0.18201639714443693,-0.22037656670170555,0.22037656670170555,-8.412146849682129e-09,8.412146849682129e-09,88.00000000005318,88,0.007262038132397998,0.007876397106722341,0.0,-8.412146849682129e-09,8.412146849682129e-09,88.00000000005318,88,0.007262038132397998,0.00787639710672234,0.0,-8.444498156691185e-09,8.444498156691185e-09,206.00000000005335,206,0.017065148544935436,0.018508837901231492,0.0,-8.444498156691183e-09,8.444498156691183e-09,206.00000000005335,206,0.017065148544935432,0.01850883790123149,0.0,1.688899631338237e-08,206.00000000005335,129.99977373429357,337.72374468046456,5.572086579116921e-05,5.570397679485583e-05,1.6824293699364257e-08,88.00000000005318,337.72374468046456,429.5405094435293,5.656191988322599e-05,5.654509558952663e-05,0.006622110122458065,-3423.2944574192907,3423.241686949275,3423.2479643013353,0.006277352060549631,0,-8.078636496634735e-09,8.078636496634735e-09,0.007564127239499662,-8.078636496634734e-09,8.078636496634734e-09,0.007564127239499661,-7.726039561610472e-09,7.726039561610472e-09,0.016934104456051396,-7.726039561610472e-09,7.726039561610472e-09,0.0169341044560514,1.5452079123220947e-08,1.6157272993269468e-08,-0.03542155541216789,-0.06950460297681736,-0.04899646001451238,-3.376589746577834e-09,-8.412146849682129e-09,8.412146849682129e-09,0.007876397106722341,-8.412146849682129e-09,8.412146849682129e-09,0.00787639710672234,-8.444498156691185e-09,8.444498156691185e-09,0.018508837901231492,-8.444498156691183e-09,8.444498156691183e-09,0.01850883790123149,1.688899631338237e-08,1.6824293699364257e-08,-0.22037656670170555,-0.18201639714443693,3423.241686949275,-3423.2944574192907
19,19,-1.551304131667924e-08,119991450.57517724,129.99992875479316,-0.05834847985597061,120616.2747155531,337.76952642107716,-0.03503503767689099,230254.99101131642,429.4664378284319,-0.05834847918944802,0.05834847918944802,-0.03503505385645489,0.03503505385645489,-8.089781950656858e-09,8.089781950656858e-09,88.0000000000498,88,0.006983746962366924,0.0075745628659077266,0.0,-8.089781950656857e-09,8.089781950656857e-09,88.0000000000498,88,0.006983746962366923,0.0075745628659077266,0.0,-7.75652065833962e-09,7.75652065833962e-09,206.0000000000461,206,0.015674842337615506,0.01700091359828146,0.0,-7.756520658339618e-09,7.756520658339618e-09,206.0000000000461,206,0.0156748423376155,0.017000913598281455,0.0,1.551304131667924e-08,206.0000000000461,129.99992875479316,337.76952642107716,5.602713515406143e-05,5.601162211274475e-05,1.6179563901313713e-08,88.0000000000498,337.76952642107716,429.4664378284319,5.6418437714351046e-05,5.640225815044973e-05,0.0,-3.3765897395985237e-09,-0.04915094955178862,0.005011167760312596,0.054162117312101216,0,-1.6143042391593424e-08,119972848.11517045,129.9997737342931,-0.15444597080252062,119232.32092957669,337.69300012839494,-0.2398167013076051,231239.06987055493,429.5058941245512,-0.1544459704259259,0.1544459704259259,-0.23981671782724223,0.23981671782724223,-8.259818561729506e-09,8.259818561729506e-09,88.00000000005154,88,0.007130536167973989,0.007733770247260292,0.0,-8.259818561729507e-09,8.259818561729507e-09,88.00000000005154,88,0.00713053616797399,0.007733770247260293,0.0,-8.071521195796714e-09,8.071521195796714e-09,206.00000000004943,206,0.0163114143237416,0.017691338745923643,0.0,-8.07152119579671e-09,8.07152119579671e-09,206.00000000004943,206,0.016311414323741592,0.017691338745923636,0.0,1.6143042391593424e-08,206.00000000004943,129.9997737342931,337.69300012839494,5.5705802366848875e-05,5.568965932445728e-05,1.651963712345901e-08,88.00000000005154,337.69300012839494,429.5058941245512,5.6564622830449205e-05,5.6548103193325746e-05,0.0,-3.377103152790576e-09,-0.050850214609264706,0.005193765303755626,0.056043979913020334,0,-8.089781950656858e-09,8.089781950656858e-09,0.0075745628659077266,-8.089781950656857e-09,8.089781950656857e-09,0.0075745628659077266,-7.75652065833962e-09,7.75652065833962e-09,0.01700091359828146,-7.756520658339618e-09,7.756520658339618e-09,0.017000913598281455,1.551304131667924e-08,1.6179563901313713e-08,-0.03503505385645489,-0.05834847918944802,-0.04915094955178862,-3.3765897395985237e-09,-8.259818561729506e-09,8.259818561729506e-09,0.007733770247260292,-8.259818561729507e-09,8.259818561729507e-09,0.007733770247260293,-8.071521195796714e-09,8.071521195796714e-09,0.017691338745923643,-8.07152119579671e-09,8.07152119579671e-09,0.017691338745923636,1.6143042391593424e-08,1.651963712345901e-08,-0.23981671782724223,-0.1544459704259259,-0.050850214609264706,-3.377103152790576e-09
20,20,-1.574342114274539e-08,119991450.57512055,129.99992875479268,-0.05936851895609765,120402.54804731114,337.757708317226,-0.033817714295460065,230133.24723985276,429.46155655468795,-0.05936851843713819,0.05936851843713819,-0.03381773055784067,0.03381773055784067,-8.131190299606281e-09,8.131190299606281e-09,88.00000000005022,88,0.007019493961848052,0.007613334015019579,0.0,-8.131190299606281e-09,8.131190299606281e-09,88.00000000005022,88,0.007019493961848052,0.007613334015019579,0.0,-7.871710571372695e-09,7.871710571372695e-09,206.0000000000473,206,0.015907625025267717,0.01725338939833809,0.0,-7.871710571372695e-09,7.871710571372695e-09,206.0000000000473,206,0.015907625025267717,0.01725338939833809,0.0,1.574342114274539e-08,206.0000000000473,129.99992875479268,337.757708317226,5.602420445843084e-05,5.6008461037288095e-05,1.6262380599212563e-08,88.00000000005022,337.757708317226,429.46155655468795,5.6411927556676404e-05,5.639566517607719e-05,0.0,-3.3765894148395536e-09,-0.049733443450125925,0.005104587046075368,0.05483803049620129,0,-1.6552843272720173e-08,119972848.11511086,129.99977373429257,-0.1685587260682631,118625.50951573093,337.65944624218184,-0.22820410229769206,230417.53510228323,429.4729549766517,-0.1685587259378006,0.1685587259378006,-0.2282041189809978,0.2282041189809978,-8.341652877052618e-09,8.341652877052618e-09,88.00000000005241,88,0.007201182095706268,0.007810392728531744,0.0,-8.341652877052618e-09,8.341652877052618e-09,88.00000000005241,88,0.007201182095706268,0.007810392728531745,0.0,-8.276421636360085e-09,8.276421636360085e-09,206.00000000005159,206,0.01672548942805884,0.018140444065139746,0.0,-8.276421636360088e-09,8.276421636360088e-09,206.00000000005159,206,0.01672548942805885,0.01814044406513975,0.0,1.655284327272017e-08,206.00000000005159,129.99977373429257,337.65944624218184,5.569130981871515e-05,5.567475697544243e-05,1.6683305754105236e-08,88.00000000005241,337.65944624218184,429.4729549766517,5.656547515128388e-05,5.6548791845529774e-05,0.0,-3.3770992558823957e-09,-0.05190167021024373,0.00833609915369506,0.06023776936393879,0,-8.131190299606281e-09,8.131190299606281e-09,0.007613334015019579,-8.131190299606281e-09,8.131190299606281e-09,0.007613334015019579,-7.871710571372695e-09,7.871710571372695e-09,0.01725338939833809,-7.871710571372695e-09,7.871710571372695e-09,0.01725338939833809,1.574342114274539e-08,1.6262380599212563e-08,-0.03381773055784067,-0.05936851843713819,-0.049733443450125925,-3.3765894148395536e-09,-8.341652877052618e-09,8.341652877052618e-09,0.007810392728531744,-8.341652877052618e-09,8.341652877052618e-09,0.007810392728531745,-8.276421636360085e-09,8.276421636360085e-09,0.018140444065139746,-8.276421636360088e-09,8.276421636360088e-09,0.01814044406513975,1.655284327272017e-08,1.6683305754105236e-08,-0.2282041189809978,-0.1685587259378006,-0.05190167021024373,-3.3770992558823957e-09
21,21,-1.6406158098831932e-08,119991450.5750615,129.9999287547922,-0.03645612669829656,120271.30599119727,337.7504512338608,-0.03304889710726226,230014.27121026663,429.45678625258216,-0.036456126584618755,0.036456126584618755,-0.033048913627098164,0.033048913627098164,-8.25991795249479e-09,8.25991795249479e-09,88.00000000005157,88,0.007130621970033862,0.007733863308062757,0.0,-8.25991795249479e-09,8.25991795249479e-09,88.00000000005157,88,0.007130621970033862,0.007733863308062757,0.0,-8.203079049415964e-09,8.203079049415964e-09,206.00000000005085,206,0.016577274327806805,0.01797969016031107,0.0,-8.203079049415968e-09,8.203079049415968e-09,206.00000000005085,206,0.01657727432780681,0.017979690160311073,0.0,1.6406158098831932e-08,206.00000000005085,129.9999287547922,337.7504512338608,5.602138793740035e-05,5.600498177930152e-05,1.651983590498958e-08,88.00000000005157,337.7504512338608,429.45678625258216,5.640460717201759e-05,5.63880873361126e-05,0.0,-3.3765880340570628e-09,-0.051427103560159615,0.008287312726162326,0.059714416286321945,0,-1.6615314872241436e-08,119972848.11505103,129.9997737342921,-0.12558872825108405,118173.39009402703,337.6344461131724,-0.1778674725165072,229777.2122012238,429.4472814549019,-0.12558872815645775,0.12558872815645775,-0.17786748922644835,0.17786748922644835,-8.354970584705126e-09,8.354970584705126e-09,88.00000000005257,88,0.007212679006368549,0.007822862262872612,0.0,-8.354970584705123e-09,8.354970584705123e-09,88.00000000005257,88,0.007212679006368547,0.00782286226287261,0.0,-8.307657436120718e-09,8.307657436120718e-09,206.0000000000519,206,0.016788612606363166,0.018208907382172634,0.0,-8.307657436120718e-09,8.307657436120718e-09,206.0000000000519,206,0.016788612606363166,0.018208907382172634,0.0,1.6615314872241436e-08,206.0000000000519,129.9997737342921,337.6344461131724,5.56755053241734e-05,5.5658890009301156e-05,1.670994116941025e-08,88.00000000005257,337.6344461131724,429.4472814549019,5.656601583632765e-05,5.654930589515824e-05,0.0,-3.377096099436996e-09,-0.05206353591299439,0.00844316115872748,0.06050669707172188,0,-8.25991795249479e-09,8.25991795249479e-09,0.007733863308062757,-8.25991795249479e-09,8.25991795249479e-09,0.007733863308062757,-8.203079049415964e-09,8.203079049415964e-09,0.01797969016031107,-8.203079049415968e-09,8.203079049415968e-09,0.017979690160311073,1.6406158098831932e-08,1.651983590498958e-08,-0.033048913627098164,-0.036456126584618755,-0.051427103560159615,-3.3765880340570628e-09,-8.354970584705126e-09,8.354970584705126e-09,0.007822862262872612,-8.354970584705123e-09,8.354970584705123e-09,0.00782286226287261,-8.307657436120718e-09,8.307657436120718e-09,0.018208907382172634,-8.307657436120718e-09,8.307657436120718e-09,0.018208907382172634,1.6615314872241436e-08,1.670994116941025e-08,-0.17786748922644835,-0.12558872815645775,-0.05206353591299439,-3.377096099436996e-09
22,22,-1.655550119034748e-08,119991450.5750019,129.99992875479168,-0.03920929372790323,120130.15253377683,337.742646095492,-0.0339632857991153,229892.0033813898,429.4518839669404,-0.03920929370018122,0.03920929370018122,-0.0339633023823385,0.0339633023823385,-8.291611601995445e-09,8.291611601995445e-09,88.0000000000519,88,0.00715798246377484,0.007763538463964035,0.0,-8.291611601995445e-09,8.291611601995445e-09,88.0000000000519,88,0.00715798246377484,0.007763538463964035,0.0,-8.277750595173742e-09,8.277750595173742e-09,206.0000000000516,206,0.016728175067766988,0.01814335690647179,0.0,-8.27775059517374e-09,8.27775059517374e-09,206.0000000000516,206,0.016728175067766984,0.018143356906471782,0.0,1.655550119034748e-08,206.0000000000516,129.99992875479168,337.742646095492,5.6018194915859574e-05,5.600163941466923e-05,1.658322320399089e-08,88.0000000000519,337.742646095492,429.4518839669404,5.6396259457292585e-05,5.63796762340886e-05,0.0,-3.3765878049526032e-09,-0.05181378736428384,0.008470743829017784,0.06028453119330163,0,-0.4320575265918557,119971292.7079553,129.9997607725663,0.33511156392571945,119379.79172415962,337.70115458651543,-0.13549600043988078,229289.42659964025,429.42772386258275,-0.09694594588410142,0.09694594588410142,-0.13549601722191557,0.13549601722191557,-8.391017393289455e-09,8.391017393289455e-09,88.00000000005285,88,0.007243797495283274,0.007856613335448237,0.0,-8.39101739328951e-09,8.39101739328951e-09,88.00000000005285,88,0.007243797495283321,0.007856613335448289,0.0,-8.368246558372005e-09,8.368246558372005e-09,211.20819640534236,206,0.017338608596815994,0.01880543231758785,0.0,-0.43205751822360916,0.43205751822360916,211.20819640534236,206,895202.6147319666,970935.5908155821,1.0,0.4320575265918557,211.20819640534236,129.9997607725663,337.70115458651543,0.4320575265918557,2.2995608237961e-37,1.6782034786578967e-08,88.00000000005285,337.70115458651543,429.42772386258275,5.658430791256198e-05,5.6567525877775403e-05,0.0,-3.3754560594385053e-09,-970935.6253342377,0.01877108617323161,970935.6441053239,0,-8.291611601995445e-09,8.291611601995445e-09,0.007763538463964035,-8.291611601995445e-09,8.291611601995445e-09,0.007763538463964035,-8.277750595173742e-09,8.277750595173742e-09,0.01814335690647179,-8.27775059517374e-09,8.27775059517374e-09,0.018143356906471782,1.655550119034748e-08,1.658322320399089e-08,-0.0339633023823385,-0.03920929370018122,-0.05181378736428384,-3.3765878049526032e-09,-8.391017393289455e-09,8.391017393289455e-09,0.007856613335448237,-8.39101739328951e-09,8.39101739328951e-09,0.007856613335448289,-8.368246558372005e-09,8.368246558372005e-09,0.01880543231758785,-0.43205751822360916,0.43205751822360916,970935.5908155821,0.4320575265918557,1.6782034786578967e-08,-0.13549601722191557,-0.09694594588410142,-970935.6253342377,-3.3754560594385053e-09
23,23,-1.674623707558832e-08,119991450.5749416,129.9999287547912,-0.03615381193234716,120000.0,337.73544919195547,-0.03389046415572347,229770.0,429.4469921924282,-0.03615381201174397,0.03615381201174397,-0.033890480822563726,0.033890480822563726,-8.333420130458227e-09,8.333420130458227e-09,88.00000000005232,88,0.0071940749302262606,0.007802684306102235,0.0,-8.333420130458227e-09,8.333420130458227e-09,88.00000000005232,88,0.0071940749302262606,0.007802684306102235,0.0,-8.37311853779416e-09,8.37311853779416e-09,206.0000000000526,206,0.01692090032829105,0.018352386473200706,0.0,-8.373118537794161e-09,8.373118537794161e-09,206.0000000000526,206,0.016920900328291053,0.01835238647320071,0.0,1.674623707558832e-08,206.0000000000526,129.9999287547912,337.73544919195547,5.601490965464903e-05,5.599816341757345e-05,1.6666840260916454e-08,88.00000000005232,337.73544919195547,429.4469921924282,5.638696732192752e-05,5.6370300481666605e-05,0.0,-3.3765874419901858e-09,-0.05231013818201844,0.015100480288203648,0.06741061847022209,0,-0.5295990058054718,119969386.15153441,129.9997448845961,0.17227974521231423,120000.0,337.73544919174003,0.13349197434370952,229770.0,429.4469921923018,-0.08356916459683643,0.08356916459683643,-0.14025812165261167,0.14025812165261167,-0.2737500876014589,0.2737500876014589,90.0840567897622,88,241919.68587375706,262385.7764357452,1.0,-8.394862297449858e-09,8.394862297449858e-09,90.0840567897622,88,0.0074187463014551746,0.008046362582923183,0.0,-8.370926155261631e-09,8.370926155261631e-09,213.82525548390882,206,0.017559070306754652,0.019044544801252335,0.0,-0.5295989974345457,0.5295989974345457,213.82525548390882,206,1110900.4975278473,1204881.2337612226,1.0,0.5295990058054718,213.82525548390882,129.9997448845961,337.73544919174003,0.5295990058054718,0.0,0.27375009599632116,90.0840567897622,337.73544919174003,429.4469921923018,0.27375009599632116,5.548875662368152e-32,0.0,-3.374984061902899e-09,-1467267.0372878718,0.01877899599336909,1467267.056066868,0,-8.333420130458227e-09,8.333420130458227e-09,0.007802684306102235,-8.333420130458227e-09,8.333420130458227e-09,0.007802684306102235,-8.37311853779416e-09,8.37311853779416e-09,0.018352386473200706,-8.373118537794161e-09,8.373118537794161e-09,0.01835238647320071,1.674623707558832e-08,1.6666840260916454e-08,-0.033890480822563726,-0.03615381201174397,-0.05231013818201844,-3.3765874419901858e-09,-0.2737500876014589,0.2737500876014589,262385.7764357452,-8.394862297449858e-09,8.394862297449858e-09,0.008046362582923183,-8.370926155261631e-09,8.370926155261631e-09,0.019044544801252335,-0.5295989974345457,0.5295989974345457,1204881.2337612226,0.5295990058054718,0.27375009599632116,-0.14025812165261167,-0.08356916459683643,-1467267.0372878718,-3.374984061902899e-09
