,t,B0w.Q,B0w.W,B0w.z,B1w.Q,B1w.W,B1w.z,B4w.Q,B4w.W,B4w.z,Irrigation1w.Qin,Irrigation1w.Qout,Irrigation4w.Qin,Irrigation4w.Qout,Pump4w.Qin,Pump4w.Qout,Pump4w.H,Pump4w.Ph,Pump4w.Pe,Pump4w.PumpOn,Pump5w.Qin,Pump5w.Qout,Pump5w.H,Pump5w.Ph,Pump5w.Pe,Pump5w.PumpOn,Pump7w.Qin,Pump7w.Qout,Pump7w.H,Pump7w.Ph,Pump7w.Pe,Pump7w.PumpOn,Pump8w.Qin,Pump8w.Qout,Pump8w.H,Pump8w.Ph,Pump8w.Pe,Pump8w.PumpOn,Pipe0w.Q,Pipe0w.H,Pipe0w.zlow,Pipe0w.zhigh,Pipe0w.Qp,Pipe0w.Qn,Pipe2w.Q,Pipe2w.H,Pipe2w.zlow,Pipe2w.zhigh,Pipe2w.Qp,Pipe2w.Qn,PVw.forecast,PVw.P,Gridw.P,Gridw.Psell,Gridw.Pbuy,EBgw.P_bal,EBpvw.P_bal,B0s.Q,B0s.W,B0s.z,B1s.Q,B1s.W,B1s.z,B4s.Q,B4s.W,B4s.z,Irrigation1s.Qin,Irrigation1s.Qout,Irrigation4s.Qin,Irrigation4s.Qout,Pump4s.Qin,Pump4s.Qout,Pump4s.H,Pump4s.Ph,Pump4s.Pe,Pump4s.PumpOn,Pump5s.Qin,Pump5s.Qout,Pump5s.H,Pump5s.Ph,Pump5s.Pe,Pump5s.PumpOn,Pump7s.Qin,Pump7s.Qout,Pump7s.H,Pump7s.Ph,Pump7s.Pe,Pump7s.PumpOn,Pump8s.Qin,Pump8s.Qout,Pump8s.H,Pump8s.Ph,Pump8s.Pe,Pump8s.PumpOn,Pipe0s.Q,Pipe0s.H,Pipe0s.zlow,Pipe0s.zhigh,Pipe0s.Qp,Pipe0s.Qn,Pipe2s.Q,Pipe2s.H,Pipe2s.zlow,Pipe2s.zhigh,Pipe2s.Qp,Pipe2s.Qn,PVs.forecast,PVs.P,Grids.P,Grids.Psell,Grids.Pbuy,EBgs.P_bal,EBpvs.P_bal,p4r1w_expanded.Q,p4c2_Qw_expanded.Q,p4ebw_expanded.P,p5r1w_expanded.Q,p5c0_Qw_expanded.Q,p5ebw_expanded.P,p7r0w_expanded.Q,p7c0_Qw_expanded.Q,p7ebw_expanded.P,p8r0w_expanded.Q,p8c2_Qw_expanded.Q,p8ebw_expanded.P,c0r1_Qw_expanded.Q,c2r4_Qw_expanded.Q,r4i4w_expanded.Q,r1i1w_expanded.Q,gridebw_expanded.P,p4r1s_expanded.Q,p4c2_Qs_expanded.Q,p4ebs_expanded.P,p5r1s_expanded.Q,p5c2_Qs_expanded.Q,p5ebs_expanded.P,p7r0s_expanded.Q,p7c0_Qs_expanded.Q,p7ebs_expanded.P,p8r0s_expanded.Q,p8c0_Qs_expanded.Q,p8ebs_expanded.P,c0r1_Qs_expanded.Q,c2r4_Qs_expanded.Q,r4i4s_expanded.Q,r1i1s_expanded.Q,gridebs_expanded.P,pvebs_expanded.P
0,0,-0.6359999800553346,119997710.4000718,129.99998092000058,0.31941603474147046,121149.8977250693,337.79903332443047,0.23815200429441666,230857.34721545991,429.4905890888079,-0.04283394667047635,0.04283394667047635,-0.035597994348971165,0.035597994348971165,-0.2737499908127315,0.2737499908127315,93.77561107184673,251833.22288658167,273137.9857772036,1.0,-7.830656370064327e-09,7.830656370064327e-09,93.77561107184673,0.007203724190472996,0.007813149881207154,0.0,-0.3179999900276673,0.3179999900276673,219.08449009661766,683451.5721828812,741270.6856647301,1.0,-0.3179999900276673,0.3179999900276673,219.08449009661766,683451.5721828812,741270.6856647301,1.0,0.6359999800553346,219.08449009661766,129.99998092000058,337.79903332443047,0.6359999800553346,0.0,0.27374999864338784,93.77561107184673,337.79903332443047,429.4905890888079,0.27374999864338784,1.0947845853370767e-41,0.0,-5.913622237301492e-42,-1755679.3649198138,8.575003413952828e-06,1755679.3649283887,0,0,-0.677308109370519,119997561.69080627,129.99997968075672,0.15323626436431426,120551.65055171153,337.76595300141054,0.28895945521045047,231040.25403875762,429.49792267362636,-0.10024548564043212,0.10024548564043212,-0.1348669041553222,0.1348669041553222,-0.4238263509257834,0.4238263509257834,96.72744612447693,402167.2335532653,436190.0580838018,1.0,-8.439989279980417e-09,8.439989279980417e-09,96.72744612447693,0.00800867414811574,0.008686197557609264,0.0,-0.6773081007755987,0.6773081007755987,220.56499439368582,1465520.3875881094,1589501.5049762574,1.0,-8.594920378492609e-09,8.594920378492609e-09,220.56499439368582,0.018597195323598777,0.020170493843382622,0.0,0.6773081093705191,220.56499439368582,129.99997968075672,337.76595300141054,0.6773081093705191,1.968212743496508e-40,0.4238263593657727,96.72744612447693,337.76595300141054,429.49792267362636,0.4238263593657727,0.0,0.0,-3.3335144805825983e-09,-2025691.5919167474,1.0190186477293828e-05,2025691.5919269375,0,0,-0.2737499908127315,0.2737499908127315,273137.9857772036,-7.830656370064327e-09,7.830656370064327e-09,0.007813149881207154,-0.3179999900276673,0.3179999900276673,741270.6856647301,-0.3179999900276673,0.3179999900276673,741270.6856647301,0.6359999800553346,0.27374999864338784,-0.035597994348971165,-0.04283394667047635,-1755679.3649198138,-0.4238263509257834,0.4238263509257834,436190.0580838018,-8.439989279980417e-09,8.439989279980417e-09,0.008686197557609264,-0.6773081007755987,0.6773081007755987,1589501.5049762574,-8.594920378492609e-09,8.594920378492609e-09,0.020170493843382622,0.6773081093705191,0.4238263593657727,-0.1348669041553222,-0.10024548564043212,-2025691.5919167474,-3.3335144805825983e-09
1,1,-0.596674281808951,119995562.37265728,129.99996301977217,0.21855872776222068,121936.70914501329,337.84254038486733,0.3007871636860569,231940.1810047297,429.5340049291507,-0.04191148545488257,0.04191148545488257,-0.03541690490579089,0.03541690490579089,-8.431783562748341e-09,8.431783562748341e-09,94.83491716154913,0.007844345732793113,0.008507967172226804,0.0,-0.33620406016006427,0.33620406016006427,94.83491716154913,312780.90394957707,339241.7613335977,1.0,-8.5112351638224e-09,8.5112351638224e-09,217.77554090526033,0.018183216035842102,0.019721492446683406,0.0,-0.5966742732977158,0.5966742732977158,217.77554090526033,1274721.8242204161,1382561.6314755057,1.0,0.596674281808951,217.77554090526033,129.99996301977217,337.84254038486733,0.596674281808951,1.7453723437934004e-40,0.3362040685918478,94.83491716154913,337.84254038486733,429.5340049291507,0.3362040685918478,4.4866556679746266e-41,0.0,-5.913622237301492e-42,-1721803.4210385631,8.362039465224199e-06,1721803.421046925,0,0,-0.703767838218417,119995028.12658869,129.99995856772156,0.060626208561411175,120769.90490253261,337.77802146532844,0.4161014274217295,232538.21917747584,429.5579830595749,-0.09564164959747024,0.09564164959747024,-0.13139855263780612,0.13139855263780612,-0.2737499900297678,0.2737499900297678,100.11618229952039,268860.7463209219,291606.0155324533,1.0,-0.2737499900297678,0.2737499900297678,100.11618229952039,268860.7463209219,291606.0155324533,1.0,-8.598467749684912e-09,8.598467749684912e-09,221.5966307436933,0.018691890447139297,0.020273200051127222,0.0,-0.7037678296199492,0.7037678296199492,221.5966307436933,1529894.8085206028,1659321.918135144,1.0,0.703767838218417,221.5966307436933,129.99995856772156,337.77802146532844,0.703767838218417,0.0,0.5474999800595356,100.11618229952039,337.77802146532844,429.5579830595749,0.5474999800595356,5.961351576205102e-41,0.0,-3.333491084083329e-09,-2242533.9694732474,1.009997451005882e-05,2242533.969483347,0,0,-8.431783562748341e-09,8.431783562748341e-09,0.008507967172226804,-0.33620406016006427,0.33620406016006427,339241.7613335977,-8.5112351638224e-09,8.5112351638224e-09,0.019721492446683406,-0.5966742732977158,0.5966742732977158,1382561.6314755057,0.596674281808951,0.3362040685918478,-0.03541690490579089,-0.04191148545488257,-1721803.4210385631,-0.2737499900297678,0.2737499900297678,291606.0155324533,-0.2737499900297678,0.2737499900297678,291606.0155324533,-8.598467749684912e-09,8.598467749684912e-09,0.020273200051127222,-0.7037678296199492,0.7037678296199492,1659321.918135144,0.703767838218417,0.5474999800595356,-0.13139855263780612,-0.09564164959747024,-2242533.9694732474,-3.333491084083329e-09
2,2,-0.5940131341478786,119993423.92537434,129.99994519937812,0.55392884450128,123930.85298521789,337.95280738706947,-0.034328574004352394,231816.59813831403,429.5290499175408,-0.040084269794871466,0.040084269794871466,-0.03432859385607941,0.03432859385607941,-9.925863509235761e-09,9.925863509235761e-09,91.57624253047143,0.008917027916492683,0.009671396872551717,0.0,-9.925863509235761e-09,9.925863509235761e-09,91.57624253047143,0.008917027916492683,0.009671396872551717,0.0,-8.5162163128216e-09,8.5162163128216e-09,217.79742192646253,0.018195685683089616,0.019735017009858587,0.0,-0.5940131256316623,0.5940131256316623,217.79742192646253,1269164.1133334786,1376533.7454809966,1.0,0.5940131341478786,217.79742192646253,129.99994519937812,337.95280738706947,0.5940131341478786,0.0,1.9851727018471522e-08,91.57624253047143,337.95280738706947,429.5290499175408,1.0248946112017893e-07,8.263773410170742e-08,0.0,-5.913622237301492e-42,-1376533.7845588073,8.011983814515587e-06,1376533.7845668194,0,0,-0.7386273378868029,119992369.06817229,129.99993640890145,0.09639594770085246,121116.93031425569,337.797210377917,0.39480011015070177,233959.49957401838,429.614968797728,-0.09473141010940546,0.09473141010940546,-0.15269986992584333,0.15269986992584333,-0.27374999003827255,0.27374999003827255,100.15397912560299,268962.2492295656,291716.1054550603,1.0,-0.27374999003827255,0.27374999003827255,100.15397912560299,268962.2492295656,291716.1054550603,1.0,-0.36931366894340145,0.36931366894340145,223.01868657425305,807989.3624342406,876344.2108831243,1.0,-0.3693136689434015,0.3693136689434015,223.01868657425305,807989.3624342406,876344.2108831244,1.0,0.738627337886803,223.01868657425305,129.99993640890145,337.797210377917,0.738627337886803,0.0,0.5474999800765451,100.15397912560299,337.797210377917,429.614968797728,0.5474999800765451,0.0,0.0,-3.3334595052868844e-09,-2336120.6326763663,1.0118302434708113e-05,2336120.6326864846,0,0,-9.925863509235761e-09,9.925863509235761e-09,0.009671396872551717,-9.925863509235761e-09,9.925863509235761e-09,0.009671396872551717,-8.5162163128216e-09,8.5162163128216e-09,0.019735017009858587,-0.5940131256316623,0.5940131256316623,1376533.7454809966,0.5940131341478786,1.9851727018471522e-08,-0.03432859385607941,-0.040084269794871466,-1376533.7845588073,-0.27374999003827255,0.27374999003827255,291716.1054550603,-0.27374999003827255,0.27374999003827255,291716.1054550603,-0.36931366894340145,0.36931366894340145,876344.2108831243,-0.3693136689434015,0.3693136689434015,876344.2108831244,0.738627337886803,0.5474999800765451,-0.15269986992584333,-0.09473141010940546,-2336120.6326763663,-3.3334595052868844e-09
3,3,-0.6281783169767705,119991162.48343323,129.99992635402862,0.23281227011303168,124768.97715762482,337.99915180721666,0.32422042168740245,232983.7916563887,429.5758481315715,-0.035751267490701934,0.035751267490701934,-0.035394357685634474,0.035394357685634474,-0.35961477093897865,0.35961477093897865,95.17316310156005,335753.8741858776,364158.21495214495,1.0,-8.43405830786187e-09,8.43405830786187e-09,95.17316310156005,0.007874447828105454,0.008540615865624136,0.0,-8.5201916274478e-09,8.5201916274478e-09,219.0087885951496,0.01830542906835183,0.019854044542680943,0.0,-0.628178308456579,0.628178308456579,219.0087885951496,1349626.1552004588,1463802.7713670922,1.0,0.6281783169767705,219.0087885951496,129.99992635402862,337.99915180721666,0.6281783169767705,1.8408817584420065e-41,0.35961477937303693,95.17316310156005,337.99915180721666,429.5758481315715,0.35961477937303693,5.695591770475854e-42,0.0,-5.913622237301492e-42,-1827961.0147138976,8.021405098902587e-06,1827961.014721919,0,0,-0.6698475007595058,119989957.61716956,129.99991631347643,0.16187084729644852,121699.6653645229,337.82943295172316,0.27261056896636415,234940.89762229729,429.65431760767376,-0.08960992548363095,0.08960992548363095,-0.14575615901306224,0.14575615901306224,-0.41836671953995397,0.41836671953995397,96.69248895357127,396843.13938913326,430415.55248279095,1.0,-8.439472484719306e-09,8.439472484719306e-09,96.69248895357127,0.008005289616027809,0.008682526698511725,0.0,-8.593073766626392e-09,8.593073766626392e-09,220.34812595048456,0.01857491814318722,0.020146332042502407,0.0,-0.6698474921664321,0.6698474921664321,220.34812595048456,1447952.4641964661,1570447.3581306576,1.0,0.6698475007595058,220.34812595048456,129.99991631347643,337.82943295172316,0.6698475007595058,0.0,0.4183667279794264,96.69248895357127,337.82943295172316,429.65431760767376,0.4183667279794264,0.0,0.0,-3.3335215328905002e-09,-2000862.939442304,1.0120126718341384e-05,2000862.9394524242,0,0,-0.35961477093897865,0.35961477093897865,364158.21495214495,-8.43405830786187e-09,8.43405830786187e-09,0.008540615865624136,-8.5201916274478e-09,8.5201916274478e-09,0.019854044542680943,-0.628178308456579,0.628178308456579,1463802.7713670922,0.6281783169767705,0.35961477937303693,-0.035394357685634474,-0.035751267490701934,-1827961.0147138976,-0.41836671953995397,0.41836671953995397,430415.55248279095,-8.439472484719306e-09,8.439472484719306e-09,0.008682526698511725,-8.593073766626392e-09,8.593073766626392e-09,0.020146332042502407,-0.6698474921664321,0.6698474921664321,1570447.3581306576,0.6698475007595058,0.4183667279794264,-0.14575615901306224,-0.08960992548363095,-2000862.939442304,-3.3335215328905002e-09
4,4,-1.9953850066712576e-08,119991162.4833614,129.99992635402802,-0.039658420131979746,124626.20684514969,337.9912572641839,-0.03649738262031167,232852.40107895556,429.57058007253147,-0.03965842037616476,0.03965842037616476,-0.03649740232997673,0.03649740232997673,-9.85483252938662e-09,9.85483252938662e-09,91.57932280834764,0.008853514105314951,0.009602509875612744,0.0,-9.85483252938662e-09,9.85483252938662e-09,91.57932280834764,0.008853514105314951,0.009602509875612744,0.0,-9.976925033356288e-09,9.976925033356288e-09,207.991330910156,0.02035686751673143,0.022079032013808494,0.0,-9.976925033356288e-09,9.976925033356288e-09,207.991330910156,0.02035686751673143,0.022079032013808494,0.0,1.9953850066712576e-08,207.991330910156,129.99992635402802,337.9912572641839,1.2355351761368992e-07,1.0359966754697733e-07,1.970966505877324e-08,91.57932280834764,337.9912572641839,429.57058007253147,7.834990530616467e-08,5.8640240247391435e-08,0.0,-5.913622237301492e-42,-0.06336308377884246,8.000620903201498e-06,0.06337108439974568,0,0,-0.4721788426049826,119988257.77333617,129.99990214811112,0.09094631868978943,122027.07211180615,337.8475370422084,0.1376622237409064,235436.48162776456,429.6741878742567,-0.10419022037720459,0.10419022037720459,-0.13938007979708222,0.13938007979708222,-0.277042295107504,0.277042295107504,93.96113613142768,255366.15837468914,276969.80300942424,1.0,-8.430484627128913e-09,8.430484627128913e-09,93.96113613142768,0.007770872933431491,0.00842827866966539,0.0,-0.4721788340670477,0.4721788340670477,214.06801967146276,991578.9856866237,1075465.2773173794,1.0,-8.53793495551935e-09,8.53793495551935e-09,214.06801967146276,0.017929725502797204,0.019446556944465516,0.0,0.47217884260498266,214.06801967146276,129.99990214811112,337.8475370422084,0.47217884260498266,8.335348191945691e-41,0.27704230353798864,93.96113613142768,337.8475370422084,429.6741878742567,0.27704230353798864,0.0,0.0,-3.333683606042815e-09,-1352435.1082016358,1.0066645320906888e-05,1352435.1082117027,0,0,-9.85483252938662e-09,9.85483252938662e-09,0.009602509875612744,-9.85483252938662e-09,9.85483252938662e-09,0.009602509875612744,-9.976925033356288e-09,9.976925033356288e-09,0.022079032013808494,-9.976925033356288e-09,9.976925033356288e-09,0.022079032013808494,1.9953850066712576e-08,1.970966505877324e-08,-0.03649740232997673,-0.03965842037616476,-0.06336308377884246,-0.277042295107504,0.277042295107504,276969.80300942424,-8.430484627128913e-09,8.430484627128913e-09,0.00842827866966539,-0.4721788340670477,0.4721788340670477,1075465.2773173794,-8.53793495551935e-09,8.53793495551935e-09,0.019446556944465516,0.47217884260498266,0.27704230353798864,-0.13938007979708222,-0.10419022037720459,-1352435.1082016358,-3.333683606042815e-09
5,5,-1.205352209350701e-10,119991162.48336096,129.99992635402802,-0.0455912238267918,124462.07843937323,337.9821817166149,-0.038801657457719,232712.71511210778,429.56497941276734,-0.045591223835223134,0.045591223835223134,-0.038801657569822894,0.038801657569822894,-5.6051946616495825e-11,5.6051946616495825e-11,91.58279769615248,5.0358596007522e-05,5.4618867687117195e-05,0.0,-5.6051946616495916e-11,5.6051946616495916e-11,91.58279769615248,5.035859600752202e-05,5.461886768711721e-05,0.0,-6.026761046753508e-11,6.026761046753508e-11,207.98225536258687,0.00012296436272836114,0.0001333669877747949,0.0,-6.026761046753504e-11,6.026761046753504e-11,207.98225536258687,0.00012296436272836106,0.000133366987774795,0.0,1.205352209350701e-10,207.98225536258687,129.99992635402802,337.9821817166149,2.0904079614910154e-08,2.0783544393975087e-08,1.1210389323299155e-10,91.58279769615248,337.9821817166149,429.56497941276734,2.034087261880346e-08,2.0228768725570465e-08,0.0,-5.913622237301492e-42,-0.00037597171092382416,8.2063911802818e-06,0.00038417810210410576,0,0,-0.3212403135074203,119987101.30820756,129.99989251090173,-0.08401531511259508,121724.6169774008,337.8308126613994,0.09303505362327691,235771.40782080835,429.6876166222953,-0.13150563851104796,0.13150563851104796,-0.18071493648569056,0.18071493648569056,-0.27374999005322054,0.27374999005322054,93.9408591384203,252276.9937889361,273619.2991203211,1.0,-5.574693138044284e-11,5.574693138044284e-11,93.9408591384203,5.137413215204541e-05,5.5720316867728205e-05,0.0,-0.3212403050073673,0.3212403050073673,210.7100701092211,664024.8441339975,720200.4817071557,1.0,-8.500053057418322e-09,8.500053057418322e-09,210.7100701092211,0.017570168869226892,0.019056582287664745,0.0,0.3212403135074204,210.7100701092211,129.99989251090173,337.8308126613994,0.3212403135074204,4.2072510623470237e-41,0.2737499901089675,93.9408591384203,337.8308126613994,429.6876166222953,0.2737499901089675,0.0,0.0,-3.3337815016831377e-09,-993819.7999397761,9.972804265169032e-06,993819.7999497488,0,0,-5.6051946616495825e-11,5.6051946616495825e-11,5.4618867687117195e-05,-5.6051946616495916e-11,5.6051946616495916e-11,5.461886768711721e-05,-6.026761046753508e-11,6.026761046753508e-11,0.0001333669877747949,-6.026761046753504e-11,6.026761046753504e-11,0.000133366987774795,1.205352209350701e-10,1.1210389323299155e-10,-0.038801657569822894,-0.045591223835223134,-0.00037597171092382416,-0.27374999005322054,0.27374999005322054,273619.2991203211,-5.574693138044284e-11,5.574693138044284e-11,5.5720316867728205e-05,-0.3212403050073673,0.3212403050073673,720200.4817071557,-8.500053057418322e-09,8.500053057418322e-09,0.019056582287664745,0.3212403135074204,0.2737499901089675,-0.18071493648569056,-0.13150563851104796,-993819.7999397761,-3.3337815016831377e-09
6,6,-4.8031922708993214e-11,119991162.4833608,129.99992635402802,-0.07059574446652135,124207.93375929375,337.9681286822084,-0.043970588238522394,232554.4209944491,429.5586326657342,-0.07059574443626089,0.07059574443626089,-0.04397058831681476,0.04397058831681476,-3.914618326302162e-11,3.914618326302162e-11,91.59050398352582,3.517295699761797e-05,3.81485433813644e-05,0.0,-3.9146183263021736e-11,3.9146183263021736e-11,91.59050398352582,3.517295699761807e-05,3.8148543381364496e-05,0.0,-2.4015961354496626e-11,2.4015961354496626e-11,207.96820232818035,4.8996597401793104e-05,5.314164577200985e-05,0.0,-2.4015961354496594e-11,2.4015961354496594e-11,207.96820232818035,4.899659740179301e-05,5.314164577200977e-05,0.0,4.8031922708993214e-11,207.96820232818035,129.99992635402802,337.9681286822084,2.0885633173416322e-08,2.083760125070733e-08,7.829236652604334e-11,91.59050398352582,337.9681286822084,429.5586326657342,2.035024837068325e-08,2.0271956004157208e-08,0.0,-5.913622237301492e-42,-0.0001825803783067485,8.926596205285319e-06,0.00019150697451203393,0,0,-1.9991563029302563e-08,119987101.30813558,129.99989251090113,-0.17437460218340967,121096.86840954053,337.79610104666074,-0.2854179812171373,234743.90308842665,429.6464191810494,-0.17437460219791667,0.17437460219791667,-0.2854180011941933,0.2854180011941933,-9.988528016085987e-09,9.988528016085987e-09,91.85031813438869,0.009000179359282772,0.009761582819178712,0.0,-9.988528016085987e-09,9.988528016085987e-09,91.85031813438869,0.009000179359282772,0.009761582819178712,0.0,-9.995781514651282e-09,9.995781514651282e-09,207.79620853575966,0.02037620875594542,0.022100009496687004,0.0,-9.995781514651282e-09,9.995781514651282e-09,207.79620853575966,0.02037620875594542,0.022100009496687004,0.0,1.9991563029302563e-08,207.79620853575966,129.99989251090113,337.79610104666074,3.216747997801573e-08,1.2175916948713164e-08,1.9977056032171974e-08,91.85031813438869,337.79610104666074,429.6464191810494,3.1930254020123045e-08,1.1953197987951065e-08,0.07357298277434086,-22711.98000641431,22711.916283229675,22711.916289293873,6.064195683006779e-06,0,0,-3.914618326302162e-11,3.914618326302162e-11,3.81485433813644e-05,-3.9146183263021736e-11,3.9146183263021736e-11,3.8148543381364496e-05,-2.4015961354496626e-11,2.4015961354496626e-11,5.314164577200985e-05,-2.4015961354496594e-11,2.4015961354496594e-11,5.314164577200977e-05,4.8031922708993214e-11,7.829236652604334e-11,-0.04397058831681476,-0.07059574443626089,-0.0001825803783067485,-9.988528016085987e-09,9.988528016085987e-09,0.009761582819178712,-9.988528016085987e-09,9.988528016085987e-09,0.009761582819178712,-9.995781514651282e-09,9.995781514651282e-09,0.022100009496687004,-9.995781514651282e-09,9.995781514651282e-09,0.022100009496687004,1.9991563029302563e-08,1.9977056032171974e-08,-0.2854180011941933,-0.17437460219791667,22711.916283229675,-22711.98000641431
7,7,-1.5549758732859614e-11,119991162.48336074,129.999926354028,-0.08260265895288693,123910.56418706336,337.95168550964735,-0.04800922357182064,232381.58778959056,429.5517029791078,-0.08260265893665866,0.08260265893665866,-0.04800922360359867,0.04800922360359867,-1.5889012667749383e-11,1.5889012667749383e-11,91.60001746946044,1.4277805950498612e-05,1.5485689751083098e-05,0.0,-1.588901266774939e-11,1.588901266774939e-11,91.60001746946044,1.4277805950498612e-05,1.5485689751083098e-05,0.0,-7.774879366429804e-12,7.774879366429804e-12,207.95175915561936,1.5860806444820937e-05,1.720261002692075e-05,0.0,-7.774879366429807e-12,7.774879366429807e-12,207.95175915561936,1.5860806444820943e-05,1.7202610026920758e-05,0.0,1.5549758732859608e-11,207.95175915561936,129.999926354028,337.95168550964735,2.086962734700533e-08,2.0854077588272466e-08,3.1778025335498766e-11,91.60001746946044,337.95168550964735,429.5517029791078,2.0342650560170364e-08,2.0310872534834862e-08,0.07477177315670108,-2.41971835277335e-41,-6.537659955600772e-05,5.812570497256433e-06,7.118917005326418e-05,0,0,-0.31799999006072244,119985956.50817136,129.99988297090144,0.12452640237521631,121545.16345809131,337.82088970538695,-0.3107010352086777,233625.3793616754,429.6015723652024,-0.19347358759004882,0.19347358759004882,-0.310701035304135,0.310701035304135,-4.7728652993197077e-11,4.7728652993197077e-11,91.78068265981548,4.2973375530265165e-05,4.660886716948516e-05,0.0,-4.7728652993196973e-11,4.7728652993196973e-11,91.78068265981548,4.297337553026506e-05,4.660886716948494e-05,0.0,-4.19308837822177e-11,4.19308837822177e-11,210.642366158119,8.664604583566226e-05,9.3976188541933e-05,0.0,-0.3179999900187916,0.3179999900187916,210.642366158119,657115.6919943596,712706.8242888934,1.0,0.31799999006072244,210.642366158119,129.99988297090144,337.82088970538695,0.31799999006072244,0.0,9.545730598639395e-11,91.78068265981548,337.82088970538695,429.6015723652024,1.8708216990387457e-08,1.861275968440106e-08,0.27945187048193765,-86266.79327816522,-626440.0311979221,6.266611681146664e-06,626440.0312041886,0,0,-1.5889012667749383e-11,1.5889012667749383e-11,1.5485689751083098e-05,-1.588901266774939e-11,1.588901266774939e-11,1.5485689751083098e-05,-7.774879366429804e-12,7.774879366429804e-12,1.720261002692075e-05,-7.774879366429807e-12,7.774879366429807e-12,1.7202610026920758e-05,1.5549758732859608e-11,3.1778025335498766e-11,-0.04800922360359867,-0.08260265893665866,-6.537659955600772e-05,-4.7728652993197077e-11,4.7728652993197077e-11,4.660886716948516e-05,-4.7728652993196973e-11,4.7728652993196973e-11,4.660886716948494e-05,-4.19308837822177e-11,4.19308837822177e-11,9.3976188541933e-05,-0.3179999900187916,0.3179999900187916,712706.8242888934,0.31799999006072244,9.545730598639395e-11,-0.310701035304135,-0.19347358759004882,-626440.0311979221,-86266.79327816522
8,8,-1.7635264067925302e-11,119991162.48336068,129.999926354028,-0.10918021422265577,123517.5154158618,337.9299517165047,-0.050120963245615,232201.15232190632,429.5444684824244,-0.10918021420476628,0.10918021420476628,-0.05012096328113975,0.05012096328113975,-1.7762376946926736e-11,1.7762376946926736e-11,91.61451676591963,1.596373040610489e-05,1.7314241221371888e-05,0.0,-1.7762376946926723e-11,1.7762376946926723e-11,91.61451676591963,1.596373040610489e-05,1.7314241221371895e-05,0.0,-8.817632033962651e-12,8.817632033962651e-12,207.93002536247675,1.79861489386046e-05,1.9507753729506084e-05,0.0,-8.817632033962651e-12,8.817632033962651e-12,207.93002536247675,1.79861489386046e-05,1.9507753729506077e-05,0.0,1.7635264067925302e-11,207.93002536247675,129.999926354028,337.9299517165047,2.0870845433052773e-08,2.085321016898485e-08,3.552475389385346e-11,91.61451676591963,337.9299517165047,429.5444684824244,2.034280888313907e-08,2.0307284129245216e-08,0.2358591708815945,0.0,-7.364398990175594e-05,5.910905249543853e-06,7.955489515129981e-05,0,0,-1.9995002786800062e-08,119985956.50809938,129.99988297090084,-0.25652042654616064,120621.68992252513,337.7698258571695,-0.3299937548458047,232437.4018442305,429.55394082401915,-0.2565204265537426,0.2565204265537426,-0.32999377483322556,0.32999377483322556,-9.993710422676197e-09,9.993710422676197e-09,91.78411496684963,0.008998358529191067,0.009759607949231093,0.0,-9.993710422676197e-09,9.993710422676197e-09,91.78411496684963,0.008998358529191067,0.009759607949231093,0.0,-9.997501393400031e-09,9.997501393400031e-09,207.76994288626872,0.020377138679353833,0.022101018090405457,0.0,-9.997501393400031e-09,9.997501393400031e-09,207.76994288626872,0.020377138679353833,0.022101018090405457,0.0,1.9995002786800062e-08,207.76994288626872,129.99988297090084,337.7698258571695,6.356657773336882e-08,4.357157494656876e-08,1.9987420845352395e-08,91.78411496684963,337.7698258571695,429.55394082401915,3.0799913928844524e-08,1.0812493083492126e-08,0.4971078908988494,-153457.2074509541,153457.14372970202,153457.14373330591,3.603906941297119e-06,0,0,-1.7762376946926736e-11,1.7762376946926736e-11,1.7314241221371888e-05,-1.7762376946926723e-11,1.7762376946926723e-11,1.7314241221371895e-05,-8.817632033962651e-12,8.817632033962651e-12,1.9507753729506084e-05,-8.817632033962651e-12,8.817632033962651e-12,1.9507753729506077e-05,1.7635264067925302e-11,3.552475389385346e-11,-0.05012096328113975,-0.10918021420476628,-7.364398990175594e-05,-9.993710422676197e-09,9.993710422676197e-09,0.009759607949231093,-9.993710422676197e-09,9.993710422676197e-09,0.009759607949231093,-9.997501393400031e-09,9.997501393400031e-09,0.022101018090405457,-9.997501393400031e-09,9.997501393400031e-09,0.022101018090405457,1.9995002786800062e-08,1.9987420845352395e-08,-0.32999377483322556,-0.2565204265537426,153457.14372970202,-153457.2074509541
9,9,-1.241429567726722e-11,119991162.48336063,129.999926354028,-0.11784073598006341,123093.28876633357,337.9064939297821,-0.05055947145801926,232019.13822465745,429.5371706911432,-0.11784073596654658,0.11784073596654658,-0.05055947148395037,0.05055947148395037,-1.2965554743506893e-11,1.2965554743506893e-11,91.63067676136116,1.1654697471992563e-05,1.2640669709319486e-05,0.0,-1.2965554743506867e-11,1.2965554743506867e-11,91.63067676136116,1.1654697471992539e-05,1.2640669709319459e-05,0.0,-6.2071478386336064e-12,6.2071478386336064e-12,207.9065675757541,1.2659871723348103e-05,1.373088039408689e-05,0.0,-6.207147838633613e-12,6.207147838633613e-12,207.9065675757541,1.265987172334811e-05,1.373088039408689e-05,0.0,1.241429567726722e-11,207.9065675757541,129.999926354028,337.9064939297821,2.0867613191346957e-08,2.085519889566969e-08,2.593110948701376e-11,91.63067676136116,337.9064939297821,429.5371706911432,2.03448407505808e-08,2.0318909641093786e-08,0.3846877203897489,0.0,-5.274310020681266e-05,3.6570562735211287e-06,5.6400156480333806e-05,0,0,-0.31799999002014323,119984811.7081353,129.99987343090112,0.045777907116151165,120786.49038814327,337.77893856656334,-0.3140867841319349,231306.68942135555,429.50860530668336,-0.2722220828356481,0.2722220828356481,-0.31408678420027886,0.31408678420027886,-3.41719740877552e-11,3.41719740877552e-11,91.72966674012002,3.075026702685553e-05,3.335169959528799e-05,0.0,-3.417197408775507e-11,3.417197408775507e-11,91.72966674012002,3.075026702685542e-05,3.335169959528788e-05,0.0,-0.31799999000531376,0.31799999000531376,210.60042455857564,656984.851795518,712564.9151795206,1.0,-1.4829453158089592e-11,1.4829453158089592e-11,210.60042455857564,3.063750437545832e-05,3.3229397370345264e-05,0.0,0.31799999002014323,210.60042455857564,129.99987343090112,337.77893856656334,0.31799999002014323,0.0,6.834394817551025e-11,91.72966674012002,337.77893856656334,429.50860530668336,1.9065836917290725e-08,1.8997492969115213e-08,0.6902159686444646,-213069.6716492352,-499495.2436302182,3.677905501125528e-06,499495.24363389605,0,0,-1.2965554743506893e-11,1.2965554743506893e-11,1.2640669709319486e-05,-1.2965554743506867e-11,1.2965554743506867e-11,1.2640669709319459e-05,-6.2071478386336064e-12,6.2071478386336064e-12,1.373088039408689e-05,-6.207147838633613e-12,6.207147838633613e-12,1.373088039408689e-05,1.241429567726722e-11,2.593110948701376e-11,-0.05055947148395037,-0.11784073596654658,-5.274310020681266e-05,-3.41719740877552e-11,3.41719740877552e-11,3.335169959528799e-05,-3.417197408775507e-11,3.417197408775507e-11,3.335169959528788e-05,-0.31799999000531376,0.31799999000531376,712564.9151795206,-1.4829453158089592e-11,1.4829453158089592e-11,3.3229397370345264e-05,0.31799999002014323,6.834394817551025e-11,-0.31408678420027886,-0.2722220828356481,-499495.2436302182,-213069.6716492352
10,10,-1.4096733859889385e-11,119991162.48336057,129.999926354028,-0.10455218727166755,122716.90089215557,337.8856814077794,-0.049708151316496724,231840.18887991807,429.52999578003715,-0.10455218725669659,0.10455218725669659,-0.04970815134556442,0.04970815134556442,-1.4533849777271681e-11,1.4533849777271681e-11,91.64431437225775,1.3066377487911487e-05,1.4171776017257571e-05,0.0,-1.4533849777271674e-11,1.4533849777271674e-11,91.64431437225775,1.3066377487911474e-05,1.4171776017257564e-05,0.0,-7.048366929944693e-12,7.048366929944693e-12,207.88575505375138,1.4374152345850685e-05,1.5590186926085347e-05,0.0,-7.048366929944693e-12,7.048366929944693e-12,207.88575505375138,1.4374152345850685e-05,1.5590186926085347e-05,0.0,1.4096733859889385e-11,207.88575505375138,129.999926354028,337.8856814077794,2.0868630795070435e-08,2.0854534061210546e-08,2.906769955454335e-11,91.64431437225775,337.8856814077794,429.52999578003715,2.034433150308544e-08,2.0315263803530898e-08,0.5137134929205837,0.0,-5.9523925886685835e-05,3.6977240852277276e-06,6.322164997191358e-05,0,0,-0.3179999900212793,119983666.90817124,129.99986389090142,0.08343175533508293,121086.84470734956,337.7955467819335,-0.27150251622064303,230329.28036296123,429.4694164338856,-0.23456823461458334,0.23456823461458334,-0.2715025162922561,0.2715025162922561,-3.5806515001125756e-11,3.5806515001125756e-11,91.67386965195203,3.2201538747556263e-05,3.492574701470309e-05,0.0,-3.580651500112582e-11,3.580651500112582e-11,91.67386965195203,3.220153874755628e-05,3.4925747014703115e-05,0.0,-1.5643948047514652e-11,1.5643948047514652e-11,210.61704231396573,3.232279308559082e-05,3.505725931192062e-05,0.0,-0.3179999900056354,0.3179999900056354,210.61704231396573,657036.692211913,712621.1412276713,1.0,0.3179999900212793,210.61704231396573,129.99986389090142,337.7955467819335,0.3179999900212793,3.413384433218648e-40,7.161303000225161e-11,91.67386965195203,337.7955467819335,429.4694164338856,1.9179117180164467e-08,1.9107504150162218e-08,0.8271725442451721,-255348.16695993996,-457272.97437263996,3.6800186458607635e-06,457272.97437631997,0,0,-1.4533849777271681e-11,1.4533849777271681e-11,1.4171776017257571e-05,-1.4533849777271674e-11,1.4533849777271674e-11,1.4171776017257564e-05,-7.048366929944693e-12,7.048366929944693e-12,1.5590186926085347e-05,-7.048366929944693e-12,7.048366929944693e-12,1.5590186926085347e-05,1.4096733859889385e-11,2.906769955454335e-11,-0.04970815134556442,-0.10455218725669659,-5.9523925886685835e-05,-3.5806515001125756e-11,3.5806515001125756e-11,3.492574701470309e-05,-3.580651500112582e-11,3.580651500112582e-11,3.4925747014703115e-05,-1.5643948047514652e-11,1.5643948047514652e-11,3.505725931192062e-05,-0.3179999900056354,0.3179999900056354,712621.1412276713,0.3179999900212793,7.161303000225161e-11,-0.2715025162922561,-0.23456823461458334,-457272.97437263996,-255348.16695993996
11,11,-1.4880244343356698e-11,119991162.48336053,129.999926354028,-0.08646839798109807,122405.61465942362,337.86846870776344,-0.0490673449295752,231663.54643817162,429.52291336339607,-0.08646839796549013,0.08646839796549013,-0.04906734496006338,0.04906734496006338,-1.5244091837494165e-11,1.5244091837494165e-11,91.65444465563266,1.3706421850102024e-05,1.4865967299459899e-05,0.0,-1.5244091837494153e-11,1.5244091837494153e-11,91.65444465563266,1.3706421850102018e-05,1.4865967299459892e-05,0.0,-7.440122171678346e-12,7.440122171678346e-12,207.86854235373545,1.5171825710952548e-05,1.6455342419688244e-05,0.0,-7.440122171678349e-12,7.440122171678349e-12,207.86854235373545,1.5171825710952548e-05,1.6455342419688244e-05,0.0,1.4880244343356698e-11,207.86854235373545,129.999926354028,337.86846870776344,2.086908218083338e-08,2.0854201936490026e-08,3.048818367498833e-11,91.65444465563266,337.86846870776344,429.52291336339607,2.0344339469969017e-08,2.031385128629403e-08,0.6112149495870927,-7.923743106893668e-41,-6.264261943829627e-05,3.7142726487444836e-06,6.635689208704077e-05,0,0,-0.31799999002252655,119982522.10820715,129.99985435090173,0.10539653843823239,121466.2722457272,337.816527383416,-0.23403776616367516,229486.744404772,429.4356352506548,-0.21260345150928933,0.21260345150928933,-0.23403776623868,0.23403776623868,-3.750241918280624e-11,3.750241918280624e-11,91.61910786723885,3.3706553626314814e-05,3.6558084193400025e-05,0.0,-3.750241918280634e-11,3.750241918280634e-11,91.61910786723885,3.370655362631492e-05,3.6558084193400134e-05,0.0,-0.31799999000599044,0.31799999000599044,210.63803245546995,657102.1726362223,712692.1612106534,1.0,-1.6536161083443533e-11,1.6536161083443533e-11,210.63803245546995,3.416964690682862e-05,3.706035456272083e-05,0.0,0.31799999002252655,210.63803245546995,129.99985435090173,337.816527383416,0.31799999002252655,2.9214266699620484e-41,7.500483836561255e-11,91.61910786723885,337.816527383416,429.4356352506548,1.909728906495325e-08,1.902228422658764e-08,0.9073690875066988,-280104.84011232154,-432587.32120850834,3.695383188732082e-06,432587.3212122037,0,0,-1.5244091837494165e-11,1.5244091837494165e-11,1.4865967299459899e-05,-1.5244091837494153e-11,1.5244091837494153e-11,1.4865967299459892e-05,-7.440122171678346e-12,7.440122171678346e-12,1.6455342419688244e-05,-7.440122171678349e-12,7.440122171678349e-12,1.6455342419688244e-05,1.4880244343356698e-11,3.048818367498833e-11,-0.04906734496006338,-0.08646839796549013,-6.264261943829627e-05,-3.750241918280624e-11,3.750241918280624e-11,3.6558084193400025e-05,-3.750241918280634e-11,3.750241918280634e-11,3.6558084193400134e-05,-0.31799999000599044,0.31799999000599044,712692.1612106534,-1.6536161083443533e-11,1.6536161083443533e-11,3.706035456272083e-05,0.31799999002252655,7.500483836561255e-11,-0.23403776623868,-0.21260345150928933,-432587.32120850834,-280104.84011232154
12,12,-1.568825168273985e-11,119991162.48336047,129.999926354028,-0.08445424224327845,122101.57938734781,337.8516569525933,-0.047157662029014974,231493.77885486715,429.51610659178885,-0.08445424222702769,0.08445424222702769,-0.04715766206095399,0.04715766206095399,-1.5969508307393574e-11,1.5969508307393574e-11,91.66444963919555,1.436023302422303e-05,1.5575090047964235e-05,0.0,-1.5969508307393594e-11,1.5969508307393594e-11,91.66444963919555,1.4360233024223057e-05,1.557509004796427e-05,0.0,-7.844125841369925e-12,7.844125841369925e-12,207.85173059856533,1.5994372436690188e-05,1.734747552786354e-05,0.0,-7.844125841369922e-12,7.844125841369922e-12,207.85173059856533,1.5994372436690188e-05,1.734747552786354e-05,0.0,1.568825168273985e-11,207.85173059856533,129.999926354028,337.8516569525933,2.086955037130587e-08,2.0853862119623126e-08,3.1939016614787174e-11,91.66444963919555,337.8516569525933,429.51610659178885,2.0344399442407232e-08,2.0312460425792442e-08,0.6484390389437005,0.0,-6.58451311516556e-05,3.7294157553577138e-06,6.957454690701331e-05,0,0,-0.70083440189485,119979999.10436033,129.99983332586967,0.08240722250777535,121762.93824675519,337.83293165171847,0.238338733068803,230344.7638438197,429.4700372386107,-0.18251025895222833,0.18251025895222833,-0.19757818736604332,0.19757818736604332,-0.43591691199673377,0.43591691199673377,96.92166083280233,414470.45065009204,449534.11133415624,1.0,-8.438112560060412e-09,8.438112560060412e-09,96.92166083280233,0.008022970018266299,0.008701702839768219,0.0,-0.35041720094792445,0.35041720094792445,221.53670948858164,761552.9844692441,825979.3757800913,1.0,-0.3504172009469256,0.3504172009469256,221.53670948858164,761552.9844670733,825979.3757777369,1.0,0.70083440189485,221.53670948858164,129.99983332586967,337.83293165171847,0.70083440189485,9.215312081932067e-41,0.4359169204348463,96.92166083280233,337.83293165171847,429.4700372386107,0.4359169204348463,0.0,0.9075888237412905,-280172.6726879005,-1821320.1989057867,6.629176055446301e-06,1821320.198912416,0,0,-1.5969508307393574e-11,1.5969508307393574e-11,1.5575090047964235e-05,-1.5969508307393594e-11,1.5969508307393594e-11,1.557509004796427e-05,-7.844125841369925e-12,7.844125841369925e-12,1.734747552786354e-05,-7.844125841369922e-12,7.844125841369922e-12,1.734747552786354e-05,1.568825168273985e-11,3.1939016614787174e-11,-0.04715766206095399,-0.08445424222702769,-6.58451311516556e-05,-0.43591691199673377,0.43591691199673377,449534.11133415624,-8.438112560060412e-09,8.438112560060412e-09,0.008701702839768219,-0.35041720094792445,0.35041720094792445,825979.3757800913,-0.3504172009469256,0.3504172009469256,825979.3757777369,0.70083440189485,0.4359169204348463,-0.19757818736604332,-0.18251025895222833,-1821320.1989057867,-280172.6726879005
13,13,-5.2857292592289184e-11,119991162.48336028,129.999926354028,-0.060925547206629974,121882.24741740395,337.8395289012837,-0.04760177127795703,231322.41247826652,429.50923571712616,-0.06092554717676036,0.06092554717676036,-0.04760177136068394,0.04760177136068394,-4.136345429940957e-11,4.136345429940957e-11,91.66970681584252,3.7197319897457106e-05,4.034416474778428e-05,0.0,-4.136345429940957e-11,4.136345429940957e-11,91.66970681584252,3.719731989745709e-05,4.034416474778427e-05,0.0,-2.6428646296144592e-11,2.6428646296144592e-11,207.83960254725568,5.38855387455412e-05,5.8444185190391774e-05,0.0,-2.6428646296144592e-11,2.6428646296144592e-11,207.83960254725568,5.38855387455412e-05,5.844418519039175e-05,0.0,5.2857292592289184e-11,207.83960254725568,129.999926354028,337.8395289012837,2.0887861954825285e-08,2.0835004662233e-08,8.272690859881911e-11,91.66970681584252,337.8395289012837,429.50923571712616,2.0354119006862416e-08,2.0271392098263597e-08,0.6048769083203855,0.0,-0.00019757669987635206,6.4109854559794254e-06,0.00020398768533233145,0,0,-0.7498261999586282,119977299.73004048,129.9998108310837,0.05318690342812085,121954.41109909643,337.84351922168463,0.38723485498853083,231738.80932177842,429.52593100227176,-0.1491393164504477,0.1491393164504477,-0.16026512509152888,0.16026512509152888,-0.27374999004002987,0.27374999004002987,100.01863248648611,268598.7775370011,291321.88453036995,1.0,-0.27374999004002987,0.27374999004002987,100.01863248648611,268598.7775370011,291321.88453036995,1.0,-0.37491309997981165,0.37491309997981165,223.53018570162965,822121.1135811218,891671.489784297,1.0,-0.3749130999788166,0.3749130999788166,223.53018570162965,822121.1135789398,891671.4897819303,1.0,0.7498261999586282,223.53018570162965,129.9998108310837,337.84351922168463,0.7498261999586282,2.624510691560432e-41,0.5474999800800597,100.01863248648611,337.84351922168463,429.52593100227176,0.5474999800800597,8.63313070762876e-41,0.8371170424435377,-258418.03358367228,-2107568.715043295,6.633306294457737e-06,2107568.7150499285,0,0,-4.136345429940957e-11,4.136345429940957e-11,4.034416474778428e-05,-4.136345429940957e-11,4.136345429940957e-11,4.034416474778427e-05,-2.6428646296144592e-11,2.6428646296144592e-11,5.8444185190391774e-05,-2.6428646296144592e-11,2.6428646296144592e-11,5.844418519039175e-05,5.2857292592289184e-11,8.272690859881911e-11,-0.04760177136068394,-0.06092554717676036,-0.00019757669987635206,-0.27374999004002987,0.27374999004002987,291321.88453036995,-0.27374999004002987,0.27374999004002987,291321.88453036995,-0.37491309997981165,0.37491309997981165,891671.489784297,-0.3749130999788166,0.3749130999788166,891671.4897819303,0.7498261999586282,0.5474999800800597,-0.16026512509152888,-0.1491393164504477,-2107568.715043295,-258418.03358367228
14,14,-5.57027659149776e-11,119991162.48336008,129.99992635402802,-0.05758870760454813,121674.92807002757,337.82806509286985,-0.04408245164197617,231163.7156523554,429.5028728236471,-0.057588707574316916,0.057588707574316916,-0.04408245172791015,0.04408245172791015,-4.296699048343748e-11,4.296699048343748e-11,91.67480773077726,3.8641497701624324e-05,4.191051811456e-05,0.0,-4.296699048343748e-11,4.296699048343748e-11,91.67480773077726,3.8641497701624324e-05,4.1910518114560014e-05,0.0,-2.7851382957488787e-11,2.7851382957488787e-11,207.82813873884183,5.678323360814891e-05,6.158702126697282e-05,0.0,-2.7851382957488826e-11,2.7851382957488826e-11,207.82813873884183,5.678323360814902e-05,6.158702126697293e-05,0.0,5.57027659149776e-11,207.82813873884183,129.99992635402802,337.82806509286985,2.0889352493019642e-08,2.0833649727104666e-08,8.593398096687496e-11,91.67480773077726,337.82806509286985,429.5028728236471,2.0355796997705896e-08,2.026986301673902e-08,0.49767636182026426,0.0,-0.0002069950787630657,6.362102270830415e-06,0.00021335718103389606,0,0,-0.7192187507883779,119974710.54253764,129.99978925452115,0.13350300099838072,122435.0219026906,337.870094793351,0.2860366952894267,232768.54142482035,429.5672177491618,-0.1374907396255787,0.1374907396255787,-0.16218831487499166,0.16218831487499166,-0.4482250017254166,0.4482250017254166,97.28430935309378,427767.5979282114,463956.17996552214,1.0,-8.439001807123043e-09,8.439001807123043e-09,97.28430935309378,0.00805383795649343,0.008735182165394177,0.0,-0.35960937539845633,0.35960937539845633,222.3022950992779,784230.9168997905,850575.8317785147,1.0,-0.35960937538992155,0.35960937538992155,222.3022950992779,784230.9168811779,850575.8317583275,1.0,0.7192187507883778,222.3022950992779,129.99978925452115,337.870094793351,0.7192187507883778,0.0,0.4482250101644184,97.28430935309378,337.870094793351,429.5672177491618,0.4482250101644184,8.411833360299519e-41,0.7025998704330214,-216892.5821688133,-1948215.2700687333,6.574764225328628e-06,1948215.2700753082,0,0,-4.296699048343748e-11,4.296699048343748e-11,4.191051811456e-05,-4.296699048343748e-11,4.296699048343748e-11,4.1910518114560014e-05,-2.7851382957488787e-11,2.7851382957488787e-11,6.158702126697282e-05,-2.7851382957488826e-11,2.7851382957488826e-11,6.158702126697293e-05,5.57027659149776e-11,8.593398096687496e-11,-0.04408245172791015,-0.057588707574316916,-0.0002069950787630657,-0.4482250017254166,0.4482250017254166,463956.17996552214,-8.439001807123043e-09,8.439001807123043e-09,0.008735182165394177,-0.35960937539845633,0.35960937539845633,850575.8317785147,-0.35960937538992155,0.35960937538992155,850575.8317583275,0.7192187507883778,0.4482250101644184,-0.16218831487499166,-0.1374907396255787,-1948215.2700687333,-216892.5821688133
15,15,-3.578694451955896e-11,119991162.48335995,129.999926354028,-0.049690501336980594,121496.04226521445,337.8181735288635,-0.0398605653593594,231020.2176170617,429.49711932033796,-0.049690501309281744,0.049690501309281744,-0.0398605654228452,0.0398605654228452,-3.1742900000364986e-11,3.1742900000364986e-11,91.67894579147448,2.8548626518736046e-05,3.096380316565732e-05,0.0,-3.174290000036504e-11,3.174290000036504e-11,91.67894579147448,2.8548626518736086e-05,3.0963803165657376e-05,0.0,-1.789347225977948e-11,1.789347225977948e-11,207.8182471748355,3.647936830124355e-05,3.9565475380958304e-05,0.0,-1.789347225977948e-11,1.789347225977948e-11,207.8182471748355,3.6479368301243535e-05,3.956547538095829e-05,0.0,3.578694451955896e-11,207.8182471748355,129.999926354028,337.8181735288635,2.0880062243657457e-08,2.0844275299137894e-08,6.348580000073002e-11,91.67894579147448,337.8181735288635,429.49711932033796,2.034937989473853e-08,2.02858940947378e-08,0.32599011824461455,0.0,-0.00014105855709323136,6.0954187794452765e-06,0.00014715397587267663,0,0,-0.6359999800736869,119972420.94260937,129.99977017452176,0.1333193987472921,122914.97173818086,337.8966338165147,0.17755119746424797,233407.72573569164,429.592845619538,-0.159710796406339,0.159710796406339,-0.1654185874558078,0.1654185874558078,-8.4319526272148e-09,8.4319526272148e-09,94.96745408539046,0.00785546613569774,0.008520028346743754,0.0,-0.3429697764881031,0.3429697764881031,94.96745408539046,319521.1813778566,346552.2574597143,1.0,-0.3179999900368434,0.3179999900368434,219.182301334832,683756.7021755514,741601.6292576479,1.0,-0.3179999900368434,0.3179999900368434,219.182301334832,683756.7021755514,741601.6292576479,1.0,0.6359999800736869,219.182301334832,129.99977017452176,337.8966338165147,0.6359999800736869,0.0,0.34296978492005575,94.96745408539046,337.8966338165147,429.592845619538,0.34296978492005575,2.899910286648046e-40,0.5186243614651183,-160099.34198266795,-1669656.1825123709,6.391636197447104e-06,1669656.1825187625,0,0,-3.1742900000364986e-11,3.1742900000364986e-11,3.096380316565732e-05,-3.174290000036504e-11,3.174290000036504e-11,3.0963803165657376e-05,-1.789347225977948e-11,1.789347225977948e-11,3.9565475380958304e-05,-1.789347225977948e-11,1.789347225977948e-11,3.956547538095829e-05,3.578694451955896e-11,6.348580000073002e-11,-0.0398605654228452,-0.049690501309281744,-0.00014105855709323136,-8.4319526272148e-09,8.4319526272148e-09,0.008520028346743754,-0.3429697764881031,0.3429697764881031,346552.2574597143,-0.3179999900368434,0.3179999900368434,741601.6292576479,-0.3179999900368434,0.3179999900368434,741601.6292576479,0.6359999800736869,0.34296978492005575,-0.1654185874558078,-0.159710796406339,-1669656.1825123709,-160099.34198266795
16,16,-1.9914654507498193e-11,119991162.48335987,129.999926354028,-0.05733097148074755,121289.65076788375,337.80676102629883,-0.04002425020224586,230876.1303163336,429.49134219063825,-0.057330971461220674,0.057330971461220674,-0.04002425024168739,0.04002425024168739,-1.9720762769638386e-11,1.9720762769638386e-11,91.68458116433942,1.7737361671751077e-05,1.923791938367796e-05,0.0,-1.972076276963843e-11,1.972076276963843e-11,91.68458116433942,1.773736167175111e-05,1.9237919383678e-05,0.0,-9.957327253749096e-12,9.957327253749096e-12,207.8068346722708,2.029885845889803e-05,2.2016115465182236e-05,0.0,-9.957327253749093e-12,9.957327253749093e-12,207.8068346722708,2.0298858458898024e-05,2.201611546518225e-05,0.0,1.9914654507498186e-11,207.8068346722708,129.999926354028,337.80676102629883,2.087187869061309e-08,2.0851964036105595e-08,3.944152553927681e-11,91.68458116433942,337.80676102629883,429.49134219063825,2.034453101625155e-08,2.0305089490712273e-08,0.11821470325038548,0.0,-8.250806969772043e-05,5.98985953579657e-06,8.849792923351705e-05,0,0,-1.999474344445818e-08,119972420.9425374,129.99977017452116,-0.16413658591130156,122324.08002890016,337.86396021690024,-0.180748801996035,232757.03004850593,429.5667562045728,-0.16413658591946778,0.16413658591946778,-0.18074882198261222,0.18074882198261222,-9.993288614400606e-09,9.993288614400606e-09,91.70279598767262,0.008990006694183013,0.009750549559851426,0.0,-9.993288614400606e-09,9.993288614400606e-09,91.70279598767262,0.008990006694183013,0.009750549559851426,0.0,-9.99737172222909e-09,9.99737172222909e-09,207.86419004237914,0.020386117596574577,0.02211075661233685,0.0,-9.99737172222909e-09,9.99737172222909e-09,207.86419004237914,0.020386117596574577,0.02211075661233685,0.0,1.999474344445818e-08,207.86419004237914,129.99977017452116,337.86396021690024,5.3928225242020944e-08,3.393348179756276e-08,1.998657722880121e-08,91.70279598767262,337.86396021690024,429.5667562045728,3.1095117472591117e-08,1.1108540243789905e-08,0.32243077805000214,-99534.38217544192,99534.31845282958,99534.31845634506,3.515482553453123e-06,0,0,-1.9720762769638386e-11,1.9720762769638386e-11,1.923791938367796e-05,-1.972076276963843e-11,1.972076276963843e-11,1.9237919383678e-05,-9.957327253749096e-12,9.957327253749096e-12,2.2016115465182236e-05,-9.957327253749093e-12,9.957327253749093e-12,2.201611546518225e-05,1.9914654507498186e-11,3.944152553927681e-11,-0.04002425024168739,-0.057330971461220674,-8.250806969772043e-05,-9.993288614400606e-09,9.993288614400606e-09,0.009750549559851426,-9.993288614400606e-09,9.993288614400606e-09,0.009750549559851426,-9.99737172222909e-09,9.99737172222909e-09,0.02211075661233685,-9.99737172222909e-09,9.99737172222909e-09,0.02211075661233685,1.999474344445818e-08,1.998657722880121e-08,-0.18074882198261222,-0.16413658591946778,99534.31845282958,-99534.38217544192
17,17,-8.742646313777084e-12,119991162.48335984,129.999926354028,-0.059195824790954754,121076.54579863632,337.79497729954875,-0.03902340549132135,230735.64605656484,429.48570952359995,-0.05919582478106694,0.05919582478106694,-0.0390234055099518,0.0390234055099518,-9.315227095474121e-12,9.315227095474121e-12,91.69073222405119,8.378917133547584e-06,9.087762617730568e-06,0.0,-9.315227095474124e-12,9.315227095474124e-12,91.69073222405119,8.378917133547584e-06,9.087762617730568e-06,0.0,-4.37132315688854e-12,4.37132315688854e-12,207.79505094552076,8.910808710422231e-06,9.664651529742118e-06,0.0,-4.371323156888542e-12,4.371323156888542e-12,207.79505094552076,8.910808710422231e-06,9.664651529742118e-06,0.0,8.742646313777084e-12,207.79505094552076,129.999926354028,337.79497729954875,2.0865305420907605e-08,2.0856562774593828e-08,1.8630454190948248e-11,91.69073222405119,337.79497729954875,429.48570952359995,2.0351040674380512e-08,2.0332410220189568e-08,0.0,-5.913622237301492e-42,-3.750482829494537e-05,3.518255735945369e-06,4.102308403089073e-05,0,0,-1.9992452763337264e-08,119972420.94246542,129.99977017452056,-0.17459104248876922,121695.5522759406,337.82920551680166,-0.1905717977037437,232070.97157677243,429.53924893118534,-0.174591042501634,0.174591042501634,-0.19057181768333167,0.19057181768333167,-9.989793993122272e-09,9.989793993122272e-09,91.71004341438375,0.008987573164345806,0.009747910156557274,0.0,-9.989793993122272e-09,9.989793993122272e-09,91.71004341438375,0.008987573164345806,0.009747910156557274,0.0,-9.996226381668632e-09,9.996226381668632e-09,207.82943534228116,0.020380373928511514,0.022104527037431147,0.0,-9.996226381668632e-09,9.996226381668632e-09,207.82943534228116,0.020380373928511514,0.022104527037431147,0.0,1.9992452763337264e-08,207.82943534228116,129.99977017452056,337.82920551680166,3.7705059602566726e-08,1.7712606839229462e-08,1.9979587986244544e-08,91.71004341438375,337.82920551680166,429.53924893118534,3.1771476189405454e-08,1.179188820316091e-08,0.11917990763987955,-36790.8378530739,36790.77414819951,36790.77415164605,3.4465378381807392e-06,0,0,-9.315227095474121e-12,9.315227095474121e-12,9.087762617730568e-06,-9.315227095474124e-12,9.315227095474124e-12,9.087762617730568e-06,-4.37132315688854e-12,4.37132315688854e-12,9.664651529742118e-06,-4.371323156888542e-12,4.371323156888542e-12,9.664651529742118e-06,8.742646313777084e-12,1.8630454190948248e-11,-0.0390234055099518,-0.05919582478106694,-3.750482829494537e-05,-9.989793993122272e-09,9.989793993122272e-09,0.009747910156557274,-9.989793993122272e-09,9.989793993122272e-09,0.009747910156557274,-9.996226381668632e-09,9.996226381668632e-09,0.022104527037431147,-9.996226381668632e-09,9.996226381668632e-09,0.022104527037431147,1.9992452763337264e-08,1.9979587986244544e-08,-0.19057181768333167,-0.174591042501634,36790.77414819951,-36790.8378530739
18,18,-7.0191813585093034e-12,119991162.48335981,129.999926354028,-0.06950460298495541,120826.32922789047,337.78114147156026,-0.03711378441253886,230602.0364326797,429.48035249267207,-0.06950460297681736,0.06950460297681736,-0.03711378442769609,0.03711378442769609,-7.578615895859894e-12,7.578615895859894e-12,91.69921102111181,6.817489894217047e-06,7.39424066617901e-06,0.0,-7.578615895859894e-12,7.578615895859894e-12,91.69921102111181,6.81748989421705e-06,7.394240666179013e-06,0.0,-3.50959067925465e-12,3.50959067925465e-12,207.78121511753224,7.153717025993153e-06,7.758912175697561e-06,0.0,-3.5095906792546517e-12,3.5095906792546517e-12,207.78121511753224,7.153717025993156e-06,7.758912175697561e-06,0.0,7.0191813585093034e-12,207.78121511753224,129.999926354028,337.78114147156026,2.086455755604599e-08,2.0857538374687485e-08,1.5157231791719787e-11,91.69921102111181,337.78114147156026,429.48035249267207,2.035853901427455e-08,2.0343381782482827e-08,0.0,-5.913622237301492e-42,-3.030630568375315e-05,3.4028669687813723e-06,3.370917265253452e-05,0,0,-1.9989242061363053e-08,119972420.94239345,129.99977017451997,-0.18201639712355952,121040.29324629578,337.7929726997861,-0.2203765467333409,231277.6160085324,429.5074396184108,-0.18201639714443693,0.18201639714443693,-0.22037656670170555,0.22037656670170555,-9.984182328812534e-09,9.984182328812534e-09,91.7144669186247,0.00898295774667156,0.009742904280554838,0.0,-9.984182328812534e-09,9.984182328812534e-09,91.7144669186247,0.00898295774667156,0.009742904280554838,0.0,-9.994621030681526e-09,9.994621030681526e-09,207.79320252526617,0.020373548400638573,0.0220971240787837,0.0,-9.994621030681526e-09,9.994621030681526e-09,207.79320252526617,0.020373548400638573,0.0220971240787837,0.0,1.9989242061363053e-08,207.79320252526617,129.99977017451997,337.7929726997861,3.253271691737111e-08,1.2543474856008058e-08,1.996836465762507e-08,91.7144669186247,337.7929726997861,429.5074396184108,3.181412671104154e-08,1.1845762053416473e-08,0.006622110122458065,-2044.2454123221996,2044.1817322654808,2044.1817356505896,3.3851086306104594e-06,0,0,-7.578615895859894e-12,7.578615895859894e-12,7.39424066617901e-06,-7.578615895859894e-12,7.578615895859894e-12,7.394240666179013e-06,-3.50959067925465e-12,3.50959067925465e-12,7.758912175697561e-06,-3.5095906792546517e-12,3.5095906792546517e-12,7.758912175697561e-06,7.0191813585093034e-12,1.5157231791719787e-11,-0.03711378442769609,-0.06950460297681736,-3.030630568375315e-05,-9.984182328812534e-09,9.984182328812534e-09,0.009742904280554838,-9.984182328812534e-09,9.984182328812534e-09,0.009742904280554838,-9.994621030681526e-09,9.994621030681526e-09,0.0220971240787837,-9.994621030681526e-09,9.994621030681526e-09,0.0220971240787837,1.9989242061363053e-08,1.996836465762507e-08,-0.22037656670170555,-0.18201639714443693,2044.1817322654808,-2044.2454123221996
19,19,-7.283270939992633e-12,119991162.4833598,129.999926354028,-0.05834847919785688,120616.27470277819,337.7695264203708,-0.035452161756934615,230474.40865035474,429.4752353015799,-0.05834847918944802,0.05834847918944802,-0.035452161772626736,0.035452161772626736,-7.84606146440229e-12,7.84606146440229e-12,91.70570888120913,7.05857584583309e-06,7.655722175523958e-06,0.0,-7.84606146440229e-12,7.84606146440229e-12,91.70570888120913,7.058575845833093e-06,7.655722175523965e-06,0.0,-3.641635469996316e-12,3.641635469996316e-12,207.7696000663428,7.422453434307762e-06,8.0503833343902e-06,0.0,-3.641635469996316e-12,3.641635469996316e-12,207.7696000663428,7.422453434307762e-06,8.050383334390197e-06,0.0,7.283270939992633e-12,207.7696000663428,129.999926354028,337.7695264203708,2.0864648735440177e-08,2.0857365464500183e-08,1.569212292880458e-11,91.70570888120913,337.7695264203708,429.4752353015799,2.0357226571705458e-08,2.0341534448776655e-08,0.0,-5.913622237301492e-42,-3.141221101982831e-05,3.4219344958260787e-06,3.483414551565439e-05,0,0,-1.2977099452908665e-11,119972420.9423934,129.99977017451997,-0.1544459704400505,120484.2877527116,337.76222814778873,-0.2398167178001405,230414.2758244519,429.47282429705217,-0.1544459704259259,0.1544459704259259,-0.23981671782724223,0.23981671782724223,-1.3550866984992886e-11,1.3550866984992886e-11,91.7105961492634,1.2191456858663963e-05,1.3222838241501042e-05,0.0,-1.355086698499288e-11,1.355086698499288e-11,91.7105961492634,1.2191456858663956e-05,1.3222838241501035e-05,0.0,-6.4885497264543294e-12,6.4885497264543294e-12,207.7624579732688,1.322463576082248e-05,1.4343422734080774e-05,0.0,-6.488549726454333e-12,6.488549726454333e-12,207.7624579732688,1.3224635760822477e-05,1.4343422734080781e-05,0.0,1.2977099452908659e-11,207.7624579732688,129.99977017451997,337.76222814778873,2.087494531396389e-08,2.0861968214510983e-08,2.7101733969985772e-11,91.7105961492634,337.76222814778873,429.47282429705217,2.0316516659938034e-08,2.028941492596805e-08,0.0,-3.3336484460558588e-09,-5.512918830271758e-05,3.5448631974694425e-06,5.867405150018702e-05,0,0,-7.84606146440229e-12,7.84606146440229e-12,7.655722175523958e-06,-7.84606146440229e-12,7.84606146440229e-12,7.655722175523965e-06,-3.641635469996316e-12,3.641635469996316e-12,8.0503833343902e-06,-3.641635469996316e-12,3.641635469996316e-12,8.050383334390197e-06,7.283270939992633e-12,1.569212292880458e-11,-0.035452161772626736,-0.05834847918944802,-3.141221101982831e-05,-1.3550866984992886e-11,1.3550866984992886e-11,1.3222838241501042e-05,-1.355086698499288e-11,1.355086698499288e-11,1.3222838241501035e-05,-6.4885497264543294e-12,6.4885497264543294e-12,1.4343422734080774e-05,-6.488549726454333e-12,6.488549726454333e-12,1.4343422734080781e-05,1.2977099452908659e-11,2.7101733969985772e-11,-0.23981671782724223,-0.1544459704259259,-5.512918830271758e-05,-3.3336484460558588e-09
20,20,-8.54052758114532e-12,119991162.48335977,129.999926354028,-0.05936851844681029,120402.54803636967,337.757708316621,-0.03384881684640178,230352.5529097077,429.47034953847094,-0.05936851843713819,0.05936851843713819,-0.033848816864614405,0.033848816864614405,-9.106314313257963e-12,9.106314313257963e-12,91.71264122184992,8.19296018860688e-06,8.886073957274274e-06,0.0,-9.106314313257967e-12,9.106314313257967e-12,91.71264122184992,8.192960188606883e-06,8.886073957274274e-06,0.0,-4.270263790572662e-12,4.270263790572662e-12,207.75778196259301,8.703241033886197e-06,9.439523897924292e-06,0.0,-4.27026379057266e-12,4.27026379057266e-12,207.75778196259301,8.703241033886194e-06,9.439523897924292e-06,0.0,8.54052758114532e-12,207.75778196259301,129.999926354028,337.757708316621,2.0865156311496425e-08,2.0856615783915274e-08,1.8212628626515927e-11,91.71264122184992,337.757708316621,429.47034953847094,2.035219641960792e-08,2.0333983790981405e-08,0.0,-5.913622237301492e-42,-3.665119571039713e-05,3.492240822910477e-06,4.01434365333076e-05,0,0,-3.42503250644985e-11,119972420.94239329,129.99977017451994,-0.16855872596573598,119877.47633923496,337.728674261596,-0.2282041189188121,229592.7409963442,429.4398851467535,-0.1685587259378006,0.1685587259378006,-0.2282041189809978,0.2282041189809978,-3.109285755529712e-11,3.109285755529712e-11,91.71121088515748,2.7973839076508224e-05,3.0340389453913466e-05,0.0,-3.109285755529713e-11,3.109285755529713e-11,91.71121088515748,2.7973839076508224e-05,3.0340389453913466e-05,0.0,-1.712516253224925e-11,1.712516253224925e-11,207.72890408707607,3.4898008114519816e-05,3.7850334180607176e-05,0.0,-1.7125162532249244e-11,1.7125162532249244e-11,207.72890408707607,3.4898008114519816e-05,3.7850334180607176e-05,0.0,3.42503250644985e-11,207.72890408707607,129.99977017451994,337.728674261596,2.088596631565025e-08,2.0851715990585754e-08,6.218571511059424e-11,91.71121088515748,337.728674261596,429.4398851467535,2.0320157489081962e-08,2.025797177397137e-08,0.0,-3.3338998736745214e-09,-0.0001363781133691676,5.83549405102742e-06,0.00014221360742019506,0,0,-9.106314313257963e-12,9.106314313257963e-12,8.886073957274274e-06,-9.106314313257967e-12,9.106314313257967e-12,8.886073957274274e-06,-4.270263790572662e-12,4.270263790572662e-12,9.439523897924292e-06,-4.27026379057266e-12,4.27026379057266e-12,9.439523897924292e-06,8.54052758114532e-12,1.8212628626515927e-11,-0.033848816864614405,-0.05936851843713819,-3.665119571039713e-05,-3.109285755529712e-11,3.109285755529712e-11,3.0340389453913466e-05,-3.109285755529713e-11,3.109285755529713e-11,3.0340389453913466e-05,-1.712516253224925e-11,1.712516253224925e-11,3.7850334180607176e-05,-1.7125162532249244e-11,1.7125162532249244e-11,3.7850334180607176e-05,3.42503250644985e-11,6.218571511059424e-11,-0.2282041189809978,-0.1685587259378006,-0.0001363781133691676,-3.3338998736745214e-09
21,21,-2.070519550691569e-11,119991162.4833597,129.999926354028,-0.036456126604661486,120271.3059805929,337.7504512332745,-0.03135194792546837,230239.685897176,429.46582417525764,-0.036456126584618755,0.036456126584618755,-0.0313519479662163,0.0313519479662163,-2.037396627881698e-11,2.037396627881698e-11,91.71537294198316,1.8331024031888077e-05,1.9881804806820052e-05,0.0,-2.0373966278816992e-11,2.0373966278816992e-11,91.71537294198316,1.8331024031888083e-05,1.9881804806820052e-05,0.0,-1.0352597753457845e-11,1.0352597753457845e-11,207.75052487924648,2.109893222421852e-05,2.2883874429738095e-05,0.0,-1.0352597753457845e-11,1.0352597753457845e-11,207.75052487924648,2.109893222421852e-05,2.2883874429738095e-05,0.0,2.070519550691569e-11,207.75052487924648,129.999926354028,337.7504512332745,2.0872203880825385e-08,2.0851498685318468e-08,4.074793255763396e-11,91.71537294198316,337.7504512332745,429.46582417525764,2.0345266648927154e-08,2.030451871636952e-08,0.0,-5.913622237301492e-42,-8.553135847311634e-05,5.901678592103785e-06,9.143303706522009e-05,0,0,-4.705804527671105e-11,119972420.94239312,129.99977017451994,-0.1255887281872895,119425.35691776071,337.7036741325992,-0.17786748914855854,228952.41803540938,429.41421162260303,-0.12558872815645775,0.12558872815645775,-0.17786748922644835,0.17786748922644835,-3.894490723280084e-11,3.894490723280084e-11,91.71053749000382,3.5037968657961754e-05,3.80021352038631e-05,0.0,-3.894490723280084e-11,3.894490723280084e-11,91.71053749000382,3.5037968657961754e-05,3.800213520386307e-05,0.0,-2.352902263835553e-11,2.352902263835553e-11,207.70390395807925,4.7942155309598525e-05,5.1997999251191446e-05,0.0,-2.352902263835553e-11,2.352902263835553e-11,207.70390395807925,4.79421553095985e-05,5.199799925119142e-05,0.0,4.705804527671106e-11,207.70390395807925,129.99977017451994,337.7036741325992,2.0891425057217087e-08,2.0844367011940378e-08,7.78898144656017e-11,91.71053749000382,337.7036741325992,429.41421162260303,2.0323393522858634e-08,2.024550370839303e-08,0.0,-3.3338957221991943e-09,-0.00017999693501438685,5.855109740154447e-06,0.0001858520447545413,0,0,-2.037396627881698e-11,2.037396627881698e-11,1.9881804806820052e-05,-2.0373966278816992e-11,2.0373966278816992e-11,1.9881804806820052e-05,-1.0352597753457845e-11,1.0352597753457845e-11,2.2883874429738095e-05,-1.0352597753457845e-11,1.0352597753457845e-11,2.2883874429738095e-05,2.070519550691569e-11,4.074793255763396e-11,-0.0313519479662163,-0.036456126584618755,-8.553135847311634e-05,-3.894490723280084e-11,3.894490723280084e-11,3.80021352038631e-05,-3.894490723280084e-11,3.894490723280084e-11,3.800213520386307e-05,-2.352902263835553e-11,2.352902263835553e-11,5.1997999251191446e-05,-2.352902263835553e-11,2.352902263835553e-11,5.199799925119142e-05,4.705804527671106e-11,7.78898144656017e-11,-0.17786748922644835,-0.12558872815645775,-0.00017999693501438685,-3.3338957221991943e-09
22,22,-3.222949228480373e-11,119991162.48335958,129.999926354028,-0.03920929372636263,120130.15252317798,337.7426460949059,-0.03371552860737365,230118.30999418948,429.46095765107106,-0.03920929370018122,0.03920929370018122,-0.03371552866578457,0.03371552866578457,-2.9205455108988505e-11,2.9205455108988505e-11,91.71831155616516,2.6277802052558652e-05,2.850086990516124e-05,0.0,-2.9205455108988505e-11,2.9205455108988505e-11,91.71831155616516,2.6277802052558652e-05,2.850086990516124e-05,0.0,-1.6114746142401866e-11,1.6114746142401866e-11,207.7427197408779,3.284114488922553e-05,3.56194630034984e-05,0.0,-1.611474614240186e-11,1.611474614240186e-11,207.7427197408779,3.2841144889225515e-05,3.56194630034984e-05,0.0,3.222949228480373e-11,207.7427197408779,129.999926354028,337.7426460949059,2.08781545087459e-08,2.08459250164611e-08,5.841091021797698e-11,91.71831155616516,337.7426460949059,429.46095765107106,2.0349148579180112e-08,2.0290737668962136e-08,0.0,-5.913622237301492e-42,-0.00012824066581731925,5.925520457229336e-06,0.0001341661862745486,0,0,-0.40181509569620194,119970974.40804861,129.99975812006707,0.03111915971100376,119537.38589272033,337.7098688207554,0.13825397287918123,229450.1323377744,429.43416730269166,-0.09694594588410142,0.09694594588410142,-0.13549601722191557,0.13549601722191557,-8.531230673358178e-12,8.531230673358178e-12,93.80835365934082,7.850948284057833e-06,8.515128290734978e-06,0.0,-0.27374999009256556,0.27374999009256556,93.80835365934082,251921.1520303239,273233.35361206497,1.0,-0.40181508717656267,0.40181508717656267,212.21471555519707,836509.2401677271,907276.8331537171,1.0,-8.519639302611661e-09,8.519639302611661e-09,212.21471555519707,0.01773640967443226,0.019236886848625012,0.0,0.40181509569620194,212.21471555519707,129.99975812006707,337.7098688207554,0.40181509569620194,1.9398019488546576e-40,0.2737499901010968,93.80835365934082,337.7098688207554,429.43416730269166,0.2737499901010968,0.0,0.0,-3.333738997285088e-09,-1180510.2060111808,1.0142313836605086e-05,1180510.206021323,0,0,-2.9205455108988505e-11,2.9205455108988505e-11,2.850086990516124e-05,-2.9205455108988505e-11,2.9205455108988505e-11,2.850086990516124e-05,-1.6114746142401866e-11,1.6114746142401866e-11,3.56194630034984e-05,-1.611474614240186e-11,1.611474614240186e-11,3.56194630034984e-05,3.222949228480373e-11,5.841091021797698e-11,-0.03371552866578457,-0.03920929370018122,-0.00012824066581731925,-8.531230673358178e-12,8.531230673358178e-12,8.515128290734978e-06,-0.27374999009256556,0.27374999009256556,273233.35361206497,-0.40181508717656267,0.40181508717656267,907276.8331537171,-8.519639302611661e-09,8.519639302611661e-09,0.019236886848625012,0.40181509569620194,0.2737499901010968,-0.13549601722191557,-0.09694594588410142,-1180510.2060111808,-3.333738997285088e-09
23,23,-1.3580303974800985e-10,119991162.48335908,129.999926354028,-0.03615381199235942,120000.0,337.7354491913575,-0.03286452616266977,230000.0,429.456213961203,-0.03615381201174397,0.03615381201174397,-0.032864526279088264,0.032864526279088264,-5.820924545575315e-11,5.820924545575315e-11,91.72076476984552,5.2375555761901614e-05,5.680645961160702e-05,0.0,-5.820924545575312e-11,5.820924545575312e-11,91.72076476984552,5.2375555761901654e-05,5.6806459611606936e-05,0.0,-6.790151987400499e-11,6.790151987400499e-11,207.73552283732948,0.00013837552135557404,0.00015008191036396364,0.0,-6.790151987400485e-11,6.790151987400485e-11,207.73552283732948,0.00013837552135557415,0.00015008191036396364,0.0,1.3580303974800985e-10,207.73552283732948,129.999926354028,337.7354491913575,2.0881979529576087e-08,2.0746176489828078e-08,1.164184909115063e-10,91.72076476984552,337.7354491913575,429.456213961203,2.0337591775386406e-08,2.0221173284474902e-08,0.0,-5.913622237301492e-42,-0.00041377673995114124,8.740027200462383e-06,0.0004225167671516036,0,0,-0.5050712500026798,119969156.15154861,129.99974296792956,0.12850358535650774,120000.0,337.73544919135736,0.15274037839672405,230000.0,429.456213961203,-0.08356916459683643,0.08356916459683643,-0.14025812165261167,0.14025812165261167,-8.43147786853276e-09,8.43147786853276e-09,94.10820101572222,0.007783952610434436,0.008442464870319345,0.0,-0.29299849161785785,0.29299849161785785,94.10820101572222,270496.63288493705,293380.29597064754,1.0,-8.545903818703546e-09,8.545903818703546e-09,214.8529116188894,0.018012261838242165,0.019536075746466555,0.0,-0.5050712414567761,0.5050712414567761,214.8529116188894,1064542.2229271831,1154601.1094654915,1.0,0.5050712500026798,214.8529116188894,129.99974296792956,337.73544919135736,0.5050712500026798,1.5520357103501784e-40,0.2929985000493357,94.10820101572222,337.73544919135736,429.456213961203,0.2929985000493357,0.0,0.0,-3.3336651720013117e-09,-1447981.4334146762,1.0146591737781209e-05,1447981.433424823,0,0,-5.820924545575315e-11,5.820924545575315e-11,5.680645961160702e-05,-5.820924545575312e-11,5.820924545575312e-11,5.6806459611606936e-05,-6.790151987400499e-11,6.790151987400499e-11,0.00015008191036396364,-6.790151987400485e-11,6.790151987400485e-11,0.00015008191036396364,1.3580303974800985e-10,1.164184909115063e-10,-0.032864526279088264,-0.03615381201174397,-0.00041377673995114124,-8.43147786853276e-09,8.43147786853276e-09,0.008442464870319345,-0.29299849161785785,0.29299849161785785,293380.29597064754,-8.545903818703546e-09,8.545903818703546e-09,0.019536075746466555,-0.5050712414567761,0.5050712414567761,1154601.1094654915,0.5050712500026798,0.2929985000493357,-0.14025812165261167,-0.08356916459683643,-1447981.4334146762,-3.3336651720013117e-09
