,t,Reservoir0s.Q,Reservoir0s.W,Reservoir0s.z,Reservoir1s.Q,Reservoir1s.W,Reservoir1s.z,Reservoir2s.Q,Reservoir2s.W,Reservoir2s.z,Pump1s.Qin,Pump1s.Qout,Pump1s.H,Pump1s.Ph,Pump1s.Pe,Pump1s.N_on,Pump2s.Qin,Pump2s.Qout,Pump2s.H,Pump2s.Ph,Pump2s.Pe,Pump2s.N_on,Turb1s.Qin,Turb1s.Qout,Turb1s.H,Turb1s.Ph,Turb1s.Pe,Pipe01s.Q,Pipe01s.H,Pipe01s.zlow,Pipe01s.zhigh,Pipe01s.Qp,Pipe01s.Qn,Pipe02s.Q,Pipe02s.H,Pipe02s.zlow,Pipe02s.zhigh,Pipe02s.Qp,Pipe02s.Qn,VarSources.Qin,VarSources.Qout,Pipe01Ts.Q,Pipe01Ts.H,Pipe01Ts.zlow,Pipe01Ts.zhigh,Pipe01Ts.Qp,Pipe01Ts.Qn,PVs.forecast,PVs.P,Grids.P,Grids.Psell,Grids.Pbuy,EBs.P_bal,BatsDim.E,BatsDim.P,BatsDim.Pch,BatsDim.Pdc,Loads.P,Loads.Pin,Loads.Pout,p1r0s_expanded.Q,p1ebs_expanded.P,p2r0s_expanded.Q,p2ebs_expanded.P,t1r0s_expanded.Q,t1ebs_expanded.P,c01tr1s_expanded.Q,c01r1_Qs_expanded.Q,c02r2_Qs_expanded.Q,c21r2_Qs_expanded.Q,c21r1_Qs_expanded.Q,pvebs_expanded.P,gridebs_expanded.P,loadebs_expanded.P,batebsdim_expanded.P
0,0,1.6572224001217505e-12,2000.000000005966,3.85714285715138,-2.3544971334680802e-12,0.0,67.0,-1.3576624540695415e-12,0.0,77.0,-1.663093853621976e-13,1.663093034541111e-13,63.14285714283819,3.4366396230894517e-15,2.1479013501220835e-15,0.0,0.0,0.0,73.14285714282546,0.0,0.0,0.0,-1.578549639540521e-12,1.578584064073169e-12,63.14285714283819,-1.080820461070974e-06,-8.646563710907549e-07,1.6632592878123855e-09,63.14285714283819,3.85714285715138,66.9999999999895,1.2271329213195966e-07,1.2105003284443703e-07,-2.4491466533886928e-09,73.14285714282546,3.85714285715138,76.99999999997692,7.448834424166246e-08,7.693749077490094e-08,0.0,0.0,1.6615144288545119e-09,63.14285714283819,3.85714285715138,66.9999999999895,1.2001414144961678e-07,1.1835262702106673e-07,0.0,-3.3337837555790003e-09,-10681.957971345864,0.00015172448874365115,10681.958123070353,0,0.0024921179588394647,0.0013606436072713356,0.008471898445791604,0.007111254838520269,-10681.956611570247,10681.956611570247,-10681.956611570247,-1.6630934571816234e-13,2.147902935818077e-15,0.0,0.0,1.5786013648354507e-12,-8.646563722077428e-07,3.3246074076530318e-09,3.326352266610905e-09,-4.8980485367407894e-09,0.0,0.0,-3.3337837555790003e-09,-10681.957971345864,10681.956611570247,0.0013606436072713356
1,1,-0.009668718098180032,1965.1926148525179,3.8074180212178823,0.009668708102466653,34.80734916100248,67.04640979888134,5.031854323135368e-12,1.114712900703352e-08,77.00000000004458,-0.009668718680642193,0.009668718680642193,63.25768856338366,6000.0,7500.0,1.0,0.0,0.0,73.19258197882654,0.0,0.0,0.0,-5.821293052248059e-10,5.821293053833073e-10,63.23899177766343,-0.00036113818210050205,-0.00028891054568040166,0.009668718680642192,63.25768856338366,3.8074180212178823,67.04640979888134,0.00966870873494049,0.0,-3.3291024210992817e-09,73.19258197882654,3.8074180212178823,77.00000000004458,1.2026216030142355e-07,1.235912627223451e-07,0.0,0.0,-5.821293069863988e-10,63.23899177766343,3.8074180212178823,67.04640979888134,1.1698462102897447e-07,1.1756675033596086e-07,0.0,-3.333767537758189e-09,-18163.773773981902,0.00014796048515378012,18163.773921942386,0,0.0036941787079993807,0.0013356230546221288,0.008459388169439445,0.007123765114817317,-10663.772727272728,10663.772727272728,-10663.772727272728,-0.009668718680642193,7500.0,0.0,0.0,5.821293055429907e-10,-0.00028891054568040166,-5.821293087479891e-10,0.00966871868064219,-6.657871986645835e-09,0.0,0.0,-3.333767537758189e-09,-18163.773773981902,10663.772727272728,0.0013356230546221288
2,2,-0.00965407735355813,1930.4379363797086,3.757768480542441,0.009654067358496598,69.56199165159023,67.09274932220212,4.624839369084647e-12,2.6599169533244966e-08,77.0000000001064,-0.009654077935803569,0.009654077935803569,63.35362104740711,6000.0,7500.0,1.0,0.0,0.0,73.24223151956379,0.0,0.0,0.0,-5.819130068863889e-10,5.819130070470713e-10,63.33498084165965,-0.0003615519560893949,-0.00028924156487151597,0.009654077935803565,63.35362104740711,3.757768480542441,67.09274932220212,0.009654067989054214,0.0,-3.3263913260789973e-09,73.24223151956379,3.757768480542441,77.0000000001064,1.202603556208753e-07,1.2358674694625599e-07,0.0,0.0,-5.819130086500955e-10,63.33498084165965,3.757768480542441,67.09274932220212,1.165320586747168e-07,1.171139716833669e-07,0.0,-3.333767915835234e-09,-18611.57221836874,0.00014177347359949392,18611.572360142214,0,0.0033260309845185737,-0.0004090530260897851,0.007587050128417083,0.007996103154506868,-11111.572916666666,11111.572916666666,-11111.572916666666,-0.009654077935803569,7500.0,0.0,0.0,5.819130072089386e-10,-0.00028924156487151597,-5.819130104137996e-10,0.009654077935803564,-6.652450221893755e-09,0.0,0.0,-3.333767915835234e-09,-18611.57221836874,11111.572916666666,-0.0004090530260897851
3,3,-0.02876569066582584,1826.8814499827356,3.6098306428324793,0.028765680671211546,173.1184420679518,67.23082458942395,4.200449286972621e-12,4.052654136400371e-08,77.0000000001621,-0.028765691238075528,0.028765691238075528,63.786486830269425,18000.0,22500.0,3.0,0.0,0.0,73.39016935732947,0.0,0.0,0.0,-5.719179055965236e-10,5.719179057595081e-10,63.62099394659143,-0.0003569465188330348,-0.0002855572150664279,0.02876569123807552,63.786486830269425,3.6098306428324793,67.23082458942395,0.028765681260660012,0.0,-3.3176806666819936e-09,73.39016935732947,3.6098306428324793,77.0000000001621,1.2026003316945993e-07,1.2357771383210215e-07,0.0,0.0,-5.719179073623406e-10,63.62099394659143,3.6098306428324793,67.23082458942395,1.1631473131929702e-07,1.1688664922665936e-07,2.066115702479339e-06,-0.13356728662149872,-33608.46263386733,0.00014193998827792998,33608.46277580732,0,0.004626880955794459,0.0014453888569732056,0.008514271070739503,0.007068882213766298,-11108.595041322315,11108.595041322315,-11108.595041322315,-0.028765691238075524,22500.0,0.0,0.0,5.719179059236181e-10,-0.0002855572150664279,-5.719179091281551e-10,0.02876569123807552,-6.635029562078347e-09,0.0,0.0,-0.13356728662149872,-33608.46263386733,11108.595041322315,0.0014453888569732056
4,4,6.089041035126034e-10,1826.8814521747904,3.6098306459639864,-1.0603080702323277e-08,173.11840389686128,67.23082453852915,5.314476705198935e-12,5.84873546098922e-08,77.00000000023394,0.0,0.0,63.62099389256516,4.548744445346864e-23,5.953214184150304e-23,0.0,0.0,0.0,73.3901693542698,0.0,0.0,0.0,-6.08578627732338e-10,6.085786279057845e-10,63.62099389256513,-0.00037982727992088596,-0.0003038618239367088,-1.776347517966687e-18,63.62099389256516,3.6098306459639864,67.23082453852915,7.570471026183826e-08,7.570471026361462e-08,-3.2539444903573697e-09,73.3901693542698,3.6098306459639864,77.00000000023394,1.2028536267558968e-07,1.2353930710797993e-07,0.0,0.0,-6.085786295084907e-10,63.62099389256513,3.6098306459639864,67.23082453852915,1.1544746451672296e-07,1.1605604314623145e-07,0.0,-3.3337839259211103e-09,-11204.177847853485,0.00014215080987381706,11204.177990004295,0,0.0050460723631939215,0.0004657682304438465,0.00802446075670453,0.007558692526260682,-11204.177685950413,11204.177685950413,-11204.177685950413,0.0,5.927254399554525e-23,0.0,0.0,6.085786280806184e-10,-0.0003038618239367088,-6.085786312846421e-10,-3.5524988670306935e-18,-6.507563637100941e-09,0.0,0.0,-3.3337839259211103e-09,-11204.177847853485,11204.177685950413,0.0004657682304438465
5,5,7.744483122785974e-10,1826.8814549628044,3.609830649946863,-1.0768278296843638e-08,173.1183651310594,67.23082448684141,3.4234219619272512e-12,6.987549097099451e-08,77.00000000027951,0.0,0.0,63.62099383689455,0.0,0.0,0.0,0.0,0.0,73.39016935033253,0.0,0.0,0.0,-7.741899631249522e-10,7.741899632957376e-10,63.62099383689451,-0.0004831889490996743,-0.00038655115927973947,-1.7763466940994352e-18,63.62099383689455,3.609830649946863,67.23082448684141,7.570471232964664e-08,7.570471233142299e-08,-2.600768997603205e-09,73.39016935033253,3.609830649946863,77.00000000027951,1.2060215983875212e-07,1.2320293024644077e-07,0.0,0.0,-7.741899649011059e-10,63.62099383689451,3.609830649946863,67.23082448684141,1.1231981542003105e-07,1.1309400538493215e-07,0.0,-3.333846752729194e-09,-11631.102979514084,0.00014345497183507953,11631.103122969056,0,0.005100327471928035,6.028345414901425e-05,0.007821718368468343,0.007761434914319328,-11631.103305785124,11631.103305785124,-11631.103305785124,0.0,0.0,0.0,0.0,7.741899634691425e-10,-0.00038655115927973947,-7.741899666772578e-10,-3.552498517181572e-18,-5.2012765027026375e-09,0.0,0.0,-3.333846752729194e-09,-11631.102979514084,11631.103305785124,6.028345414901425e-05
6,6,1.1511869298937342e-09,1826.8814591070773,3.609830655867253,-1.114460708160358e-08,173.1183250104739,67.23082443334731,3.4403187347696215e-12,8.136158283875965e-08,77.00000000032546,0.0,0.0,63.62099377748005,2.4121614299700378e-24,4.1661955812639855e-24,0.0,0.0,0.0,73.39016934445812,0.0,0.0,0.0,-1.150937157954347e-09,1.1509371581200368e-09,63.62099377748,-0.0007183251421494675,-0.000574660113719574,-1.7763483506095186e-18,63.62099377748005,3.609830655867253,67.23082443334731,1.2186772440647917e-07,1.218677244082555e-07,-2.497626368346499e-09,73.39016934445812,3.609830655867253,77.00000000032546,8.783659840167886e-08,9.033422476636234e-08,0.0,0.0,-1.1509371597305034e-09,63.62099377748,3.609830655867253,67.23082443334731,1.0693665591548664e-07,1.0808759307521714e-07,0.0,-3.333922574533288e-09,-12233.5450626868,0.00015103030883898487,12233.545213717109,0,0.005264851786110731,0.00018280479353632948,0.007882979038174408,0.007700174244638079,-12233.545454545454,12233.545454545454,-12233.545454545454,0.0,7.601095148667219e-24,0.0,0.0,1.1509371582919474e-09,-0.000574660113719574,-1.1509371615066546e-09,-3.5524995869189144e-18,-4.995002972250704e-09,0.0,0.0,-3.333922574533288e-09,-12233.5450626868,12233.545454545454,0.00018280479353632948
7,7,0.0259234603433192,1920.2059163430263,3.7431513090614663,-0.02592347033631258,79.79383179974862,67.106391775733,4.075313253931712e-12,9.513385173744991e-08,77.00000000038054,0.0,0.0,63.36324046667153,3.183673946312787e-25,1.70626751466462e-24,0.0,0.0,0.0,73.25684869131901,0.0,0.0,0.0,-0.025923460343069485,0.025923460343069485,63.228835410903756,-16079.671133740832,-12863.736906992666,-1.7763479082591433e-18,63.36324046667153,3.7431513090614663,67.106391775733,1.218678786447664e-07,1.2186787864654276e-07,-2.49707975718191e-09,73.25684869131901,3.7431513090614663,77.00000000038054,7.446470246106749e-08,7.696178221885336e-08,0.0,0.0,-0.025923460343069485,63.228835410903756,3.7431513090614663,67.106391775733,0.0,0.025923450365238236,0.0032148760330578514,-207.93814522486716,-0.0007552120807441094,0.00010692905556692115,0.0008621411363110306,0,0.003574183066961775,-0.0018785207990543958,0.006852316243307393,0.00873083704236179,-13071.677685950413,13071.677685950413,-13071.677685950413,0.0,3.504621210637508e-24,0.0,0.0,0.025923460343069485,-12863.736906992666,-0.02592346034306949,-3.5524999823116494e-18,-4.993909800137156e-09,0.0,0.0,-207.93814522486716,-0.0007552120807441094,13071.677685950413,-0.0018785207990543958
8,8,0.019616642732057883,1990.8258301784347,3.8440369002549066,-0.019616652724673646,9.17388199092348,67.01223184265456,8.618666779357859e-13,9.733753898854359e-08,77.00000000038935,0.0,0.0,63.16819494239965,2.530575594499515e-24,4.228986880730938e-24,0.0,0.0,0.0,73.15596310013437,0.0,0.0,0.0,-0.019616642731808152,0.019616642731808152,63.091232486229835,-12141.230420151742,-9712.984336121393,-1.7775988709576934e-18,63.16819494239965,3.8440369002549066,67.01223184265456,1.2186873796667846e-07,1.2186873796845606e-07,-2.497563034929528e-09,73.15596310013437,3.8440369002549066,77.00000000038935,7.446446505194328e-08,7.696202808637245e-08,0.0,0.0,-0.019616642731808152,63.091232486229835,3.8440369002549066,67.01223184265456,0.0,0.019616632760216496,0.04175206611570247,-2700.5236235107714,-431.27888389907633,9.740133851678662e-05,431.27898130041484,0,0.0032622868036783774,-0.00034655140364821957,0.00761830093961822,0.00796485234326644,-12844.787190082645,12844.787190082645,-12844.787190082645,0.0,8.000769837583577e-24,0.0,0.0,0.019616642731808152,-9712.984336121393,-0.019616642731808156,-3.555001705582872e-18,-4.994876339027163e-09,0.0,0.0,-2700.5236235107714,-431.27888389907633,12844.787190082645,-0.00034655140364821957
9,9,0.002548290116049774,1999.999674596214,3.8571423922803056,-0.002548300108202149,1.6013957428280093e-06,67.0000000021352,2.242198834287626e-12,1.0451071133698056e-07,77.00000000041804,0.0,0.0,63.14285760985489,2.595963239085265e-25,2.4879438539656587e-24,0.0,0.0,0.0,73.14285760813767,0.0,0.0,0.0,-0.0025482901158001216,0.0025482901158001216,63.14155886334452,-1578.458531510666,-1262.766825208533,-1.777598559494961e-18,63.14285760985489,3.8571423922803056,67.0000000021352,1.218696355520285e-07,1.218696355538061e-07,-2.496759247461582e-09,73.14285760813767,3.8571423922803056,77.00000000041804,7.446486096069068e-08,7.696162020743445e-08,0.0,0.0,-0.002548290115800123,63.14155886334452,3.8571423922803056,67.0000000021352,0.0,0.0025482803126676908,0.14980371900826447,-9689.304599326504,-0.0001616249952767028,8.120235252242478e-05,0.00024282734779912756,0,0.0007476820720667324,-0.0027940052573462723,0.006394574015836803,0.009188579273183076,-10952.07438016529,10952.07438016529,-10952.07438016529,0.0,6.754221867255082e-24,0.0,0.0,0.0025482901158001216,-1262.766825208533,-0.0025482901158001246,-3.555001087338042e-18,-4.993268844679625e-09,0.0,0.0,-9689.304599326504,-0.0001616249952767028,10952.07438016529,-0.0027940052573462723
10,10,-0.009668717896322274,1965.1922901694538,3.8074175573849343,0.009668707904554855,34.80735005779322,67.04640980007706,3.0895562568820553e-12,1.1473467627727158e-07,77.00000000045894,-0.009668718609605591,0.009668718609605591,63.25768902814133,6000.0,7500.0,1.0,0.0,0.0,73.19258244307389,0.0,0.0,0.0,-7.130336944849026e-10,7.130336946588224e-10,63.238992242692085,-0.0004423479316108329,-0.0003538783452886664,0.00966871860960559,63.25768902814133,3.8074175573849343,67.04640980007706,0.009668708664869378,0.0,-2.495909578904759e-09,73.19258244307389,3.8074175573849343,77.00000000045894,1.2064505590812014e-07,1.2314096548674593e-07,0.0,0.0,-7.130336965172127e-10,63.238992242692085,3.8074175573849343,67.04640980007706,1.1420122241834418e-07,1.149142561148614e-07,0.2743739669421487,-17746.508268878846,1248.0231821616262,1248.0232440563177,6.189469159996721e-05,0,0.0025202511390322335,0.001969521185517222,0.008776337235733307,0.006806816050216084,-8998.48347107438,8998.48347107438,-8998.48347107438,-0.009668718609605591,7500.0,0.0,0.0,7.130336948352818e-10,-0.0003538783452886664,-7.130336985495203e-10,0.009668718609605588,-4.991569535805739e-09,0.0,0.0,-17746.508268878846,1248.0231821616262,8998.48347107438,0.001969521185517222
11,11,-0.019262214595604045,1895.8483176252792,3.7083547394646845,0.019262204604331343,104.15128663338605,67.13886838217785,2.3255044405879725e-12,1.2220830132119594e-07,77.00000000048884,-0.019262215269366785,0.019262215269366785,63.50472015331596,12000.0,15000.0,2.0,0.0,0.0,73.29164526102403,0.0,0.0,0.0,-6.7351306985552e-10,6.735130700325392e-10,63.43051364271314,-0.00041909575646648095,-0.0003352766051731848,0.01926221526936678,63.50472015331596,3.7083547394646845,67.13886838217785,0.019262205299863527,0.0,-2.495224509278281e-09,73.29164526102403,3.7083547394646845,77.00000000048884,1.20645075312223e-07,1.2314029982107022e-07,0.0,0.0,-6.735130718901541e-10,63.43051364271314,3.7083547394646845,67.13886838217785,1.1169063531837002e-07,1.1236414839026017e-07,0.3891363636363636,-25169.340154578174,2614.0593643590796,2614.059426678786,6.231970647141645e-05,0,0.002640635285010142,0.0001337601621976758,0.007858456722498615,0.007724696560300937,-7555.280991735537,7555.280991735537,-7555.280991735537,-0.019262215269366785,15000.0,0.0,0.0,6.735130702117739e-10,-0.0003352766051731848,-6.735130739247871e-10,0.01926221526936678,-4.990199348701487e-09,0.0,0.0,-25169.340154578174,2614.0593643590796,7555.280991735537,0.0001337601621976758
12,12,-0.028723083494518766,1792.4452170450115,3.5606360243500164,0.028723073503767207,207.55435124694802,67.27673913499594,1.9320709258512484e-12,1.2826601430610248e-07,77.00000000051307,-0.028723084133929964,0.028723084133929967,63.881106108435525,18000.0,22500.0,3.0,0.0,0.0,73.43936397616292,0.0,0.0,0.0,-6.391616398824699e-10,6.391616400663994e-10,63.71610311064589,-0.00039951116061035766,-0.00031960892848828613,0.02872308413392996,63.881106108435525,3.5606360243500164,67.27673913499594,0.028723074155600693,0.0,-2.4939783004669496e-09,73.43936397616292,3.5606360243500164,77.00000000051307,1.206455445282185e-07,1.2313952282796366e-07,0.0,0.0,-6.391616419231122e-10,63.71610311064589,3.5606360243500164,67.27673913499594,1.1018709848266532e-07,1.1082626012458843e-07,0.45316322314049584,-29310.597463320482,267.90989087988345,267.9099535946137,6.27147302257236e-05,0,0.002528603825519424,-0.00012447939943413075,0.007729336941681711,0.007853816341115842,-6542.688016528926,6542.688016528926,-6542.688016528926,-0.028723084133929964,22500.0,0.0,0.0,6.391616402522855e-10,-0.00031960892848828613,-6.391616439637521e-10,0.02872308413392996,-4.987707045350146e-09,0.0,0.0,-29310.597463320482,267.90989087988345,6542.688016528926,-0.00012447939943413075
13,13,-0.0285964525440157,1689.4979878865552,3.4135685541236502,0.02859644255382154,310.5015444407056,67.41400205925427,1.1459094485435831e-12,1.3149432790684165e-07,77.00000000052597,-0.028596453143314295,0.028596453143314295,64.16398481746965,18000.0,22500.0,3.0,0.0,0.0,73.58643144640219,0.0,0.0,0.0,-5.990492174120391e-10,5.990492176082047e-10,64.0004335051306,-0.0003761096082276528,-0.0003008876865821223,0.028596453143314292,64.16398481746965,3.4135685541236502,67.41400205925427,0.028596443165107503,0.0,-2.4918060803496747e-09,73.58643144640219,3.4135685541236502,77.00000000052597,1.206465781825791e-07,1.2313838426153756e-07,0.0,0.0,-5.990492194636186e-10,64.0004335051306,3.4135685541236502,67.41400205925427,1.0833447851413867e-07,1.0893352773360228e-07,0.46292561983471076,-29942.029282529526,875.6938508101352,875.6939608868543,0.00011007671895458221,0,0.005307784904772491,0.003087978976947851,0.009335566133639258,0.006247587156691407,-6566.332644628099,6566.332644628099,-6566.332644628099,-0.028596453143314295,22500.0,0.0,0.0,5.990492178060458e-10,-0.0003008876865821223,-5.990492215151957e-10,0.02859645314331429,-4.98336278595445e-09,0.0,0.0,-29942.029282529526,875.6938508101352,6566.332644628099,0.003087978976947851
14,14,-0.028471466807652876,1587.0007073790048,3.2671438676842923,0.028471456818079242,412.99878898579084,67.55066505198106,9.35688211617205e-13,1.3396770994742427e-07,77.00000000053586,-0.028471471680488355,0.028471471680488355,64.44564601058335,18000.0,22500.0,3.0,0.0,0.0,73.73285613285145,0.0,0.0,0.0,-4.8725866743385775e-09,4.872586674403274e-09,64.28352118429655,-0.0030727571515681094,-0.0024582057212544878,0.028471471680488348,64.44564601058335,3.2671438676842923,67.55066505198106,0.028471461701727856,0.0,-2.486625241397066e-09,73.73285613285145,3.2671438676842923,77.00000000053586,1.2065030212429504e-07,1.2313692736221837e-07,0.0,0.0,-4.872586676401074e-09,64.28352118429655,3.2671438676842923,67.55066505198106,1.0860177363669178e-07,1.134743603130929e-07,0.43194214876033055,-27938.018398004202,-1363.1111948535367,0.00010940529901133479,1363.1113042588358,0,0.0008066345808873456,-0.005001278137650159,0.005290937581691574,0.010292215719341734,-6801.137052341598,6801.137052341598,-6801.137052341598,-0.028471471680488355,22500.0,0.0,0.0,4.872586674541019e-09,-0.0024582057212544878,-4.872586678463514e-09,0.028471471680488348,-4.973001689284049e-09,0.0,0.0,-27938.018398004202,-1363.1111948535367,6801.137052341598,-0.005001278137650159
15,15,-0.018952116665315343,1518.7730873838696,3.169675839119814,0.018952106676440744,481.2263730209775,67.64163516402796,3.3146602112655356e-12,1.4501255392225225e-07,77.00000000058004,-0.01895211731912893,0.01895211731912893,64.54379579950223,12000.0,15000.0,2.0,0.0,0.0,73.83032416146011,0.0,0.0,0.0,-6.535667334331395e-10,6.535667336513999e-10,64.47195932490813,-0.00041336130024773656,-0.0003306890401981893,0.018952117319128926,64.54379579950223,3.169675839119814,67.64163516402796,0.018952107349066098,0.0,-2.4667267744839167e-09,73.83032416146011,3.169675839119814,77.00000000058004,1.2065930201774468e-07,1.2312602877572604e-07,0.0,0.0,-6.535667355063728e-10,64.47195932490813,3.169675839119814,67.64163516402796,9.728390891326404e-08,9.793747564877041e-08,0.34693801652892564,-22439.951036622206,584.6359317881629,584.6360354413016,0.00010365313870142696,0,0.005153150809572707,0.004829462476317069,0.010206307888133589,0.00537684541181652,-6855.310606060606,6855.310606060606,-6855.310606060606,-0.01895211731912893,15000.0,0.0,0.0,6.535667338718341e-10,-0.0003306890401981893,-6.53566737579604e-10,0.018952117319128922,-4.933206734839318e-09,0.0,0.0,-22439.951036622206,584.6359317881629,6855.310606060606,0.004829462476317069
16,16,1.0074584572639511e-09,1518.77309101072,3.1696758443010284,-1.0995617207952859e-08,481.22633343675557,67.641635111249,1.1182405811259346e-12,1.4845239661491547e-07,77.00000000059381,0.0,0.0,64.47195926694798,6.529899018605457e-22,8.22023967715466e-22,0.0,0.0,0.0,73.8303241562927,0.0,0.0,0.0,-1.0072942701337794e-09,1.0072942703511207e-09,64.47195926694795,-0.0006370833268595658,-0.0005096666614876526,-2.079349997062405e-18,64.47195926694798,3.1696758443010284,67.641635111249,7.570470957025256e-08,7.570470957233191e-08,-1.6274490050666478e-09,73.8303241562927,3.1696758443010284,77.00000000059381,1.2107567938515702e-07,1.2270312732551428e-07,0.0,0.0,-1.007294272212903e-09,64.47195926694795,3.1696758443010284,67.641635111249,7.852432101648275e-08,7.953161528869568e-08,0.23656611570247935,-15301.096442201588,7570.989379881127,7570.989479198257,9.931713000548278e-05,0,0.005273724343520321,0.0001339705932751268,0.007858561938037363,0.0077245913447622355,-7730.107438016529,7730.107438016529,-7730.107438016529,0.0,8.175606979548714e-22,0.0,0.0,1.0072942705741998e-09,-0.0005096666614876526,-1.0072942742920189e-09,-4.1584656697011505e-18,-3.2547362255948768e-09,0.0,0.0,-15301.096442201588,7570.989379881127,7730.107438016529,0.0001339705932751268
17,17,0.0031133800973518785,1529.9812593611866,3.185687513373124,-0.003113390084548809,470.01812913237984,67.62669083884317,3.325585220837276e-13,1.4892821179171287e-07,77.0000000005957,0.0,0.0,64.44100332547005,3.764071141756908e-24,6.850043194663328e-24,0.0,0.0,0.0,73.81431248722251,0.0,0.0,0.0,-0.003113380097151317,0.0031133800971513176,64.43906471058699,-1968.114588195566,-1574.4916705564528,-2.0793451331580674e-18,64.44100332547005,3.185687513373124,67.62669083884317,1.218752574239241e-07,1.2187525742600345e-07,-2.004076898681875e-09,73.81431248722251,3.185687513373124,77.0000000005957,1.12606413161146e-07,1.1461049002598382e-07,0.0,0.0,-0.003113380097151319,64.43906471058699,3.185687513373124,67.62669083884317,0.0,0.0031133702663436063,0.11436776859504133,-7397.307296286397,0.0002441261469007352,0.0003143720008548299,7.024585395409475e-05,0,0.004496070204364077,-0.0008640601546180486,0.007359546564393109,0.008223606719011158,-8971.799586776859,8971.799586776859,-8971.799586776859,0.0,1.3017235870425959e-23,0.0,0.0,0.0031133800971513176,-1574.4916705564528,-0.003113380097151321,-4.15845947054203e-18,-4.00795329508188e-09,0.0,0.0,-7397.307296286397,0.0002441261469007352,8971.799586776859,-0.0008640601546180486
18,18,0.04602040293491817,1695.654709926892,3.4223638713241313,-0.046020412921010355,304.34464261674253,67.40579285682233,-1.0570517481136554e-12,1.4440434766341562e-07,77.00000000057761,0.0,0.0,63.98342898549819,0.0,2.0198434160554077e-24,0.0,0.0,0.0,73.5776361292534,0.0,0.0,0.0,-0.046020402934718596,0.046020402934718596,63.559853672013794,-28694.74125005129,-22955.793000041038,-2.0789173143504407e-18,63.98342898549819,3.4223638713241313,67.40579285682233,1.2187559956728904e-07,1.2187559956936795e-07,-1.99597134365133e-09,73.5776361292534,3.4223638713241313,77.00000000057761,1.0836142778121487e-07,1.1035739912720608e-07,0.0,0.0,-0.046020402934718596,63.559853672013794,3.4223638713241313,67.40579285682233,0.0,0.04602039295162661,0.033196280991735536,-2147.135429038012,15339.130713448312,15339.130768215295,5.4766983318463124e-05,0,0.0028120386930299513,-0.0018711461237045839,0.006856003580971212,0.008727149704675797,-9763.799586776859,9763.799586776859,-9763.799586776859,0.0,5.1558159032080635e-24,0.0,0.0,0.046020402934718596,-22955.793000041038,-0.046020402934718596,-4.157567851038348e-18,-3.99174310778496e-09,0.0,0.0,-2147.135429038012,15339.130713448312,9763.799586776859,-0.0018711461237045839
19,19,0.01980094880425741,1766.9381256222189,3.5241973223174554,-0.019800958788973606,233.06119097643756,67.31074825463524,-2.0700401684006117e-12,1.36234333089211e-07,77.00000000054494,0.0,0.0,63.78655093231779,1.4955018015690618e-24,3.559751091128714e-24,0.0,0.0,0.0,73.47580267822742,0.0,0.0,0.0,-0.019800948804058,0.019800948804058,63.70813549659115,-12375.133803119617,-9900.107042495692,-1.9103134029992712e-18,63.78655093231779,3.5241973223174554,67.31074825463524,1.218753607187262e-07,1.2187536072063653e-07,-1.9942826494241325e-09,73.47580267822742,3.5241973223174554,77.00000000054494,7.471301200178088e-08,7.670729464796638e-08,0.0,0.0,-0.019800948804058,63.70813549659115,3.5241973223174554,67.31074825463524,0.0,0.019800938832118177,0.006446280991735537,-416.9454114990675,0.00391187055626719,0.003967859252525767,5.598869625857727e-05,0,0.003731355435174972,0.0010214630468278003,0.008302308165238486,0.007280845118410686,-10317.047520661157,10317.047520661157,-10317.047520661157,0.0,7.413226439898101e-24,0.0,0.0,0.019800948804058,-9900.107042495692,-0.019800948804058003,-3.8203950058172085e-18,-3.988365893764121e-09,0.0,0.0,-416.9454114990675,0.00391187055626719,10317.047520661157,0.0010214630468278003
20,20,0.02138632858963441,1843.9289085449027,3.6341841550641467,-0.021386338572497478,156.07037211544665,67.20809382948727,-2.233190319584081e-12,1.2747957368774278e-07,77.00000000050993,0.0,0.0,63.57390967442312,2.4712455559930805e-24,4.5999191304115875e-24,0.0,0.0,0.0,73.36581584544572,0.0,0.0,0.0,-0.02138632858943572,0.02138632858943572,63.48243474963555,-13318.607412380692,-10654.885929904554,-1.9093107369010487e-18,63.57390967442312,3.6341841550641467,67.20809382948727,1.2187541561269286e-07,1.2187541561460218e-07,-1.987071592190139e-09,73.36581584544572,3.6341841550641467,77.00000000050993,7.47165782948124e-08,7.670364987255473e-08,0.0,0.0,-0.02138632858943572,63.48243474963555,3.6341841550641467,67.20809382948727,0.0,0.021386318615833212,0.00041735537190082644,-26.99449871241859,0.00026187579003913455,0.0003306436373771268,6.876784733799232e-05,0,0.0037326621692725373,1.4519267750723955e-06,0.007792302604779858,0.007790850678004786,-10681.880165289256,10681.880165289256,-10681.880165289256,0.0,8.647501681563338e-24,0.0,0.0,0.02138632858943572,-10654.885929904554,-0.021386328589435722,-3.818389752726935e-18,-3.973944511538837e-09,0.0,0.0,-26.99449871241859,0.00026187579003913455,10681.880165289256,1.4519267750723955e-06
21,21,0.021740576840535906,1922.194985170832,3.745992835958331,-0.02174058681874045,77.80425956798103,67.1037390127573,-2.662993614637636e-12,1.1731986574687359e-07,77.00000000046929,0.0,0.0,63.357746176798976,5.2810526687135926e-23,6.793709700168233e-23,0.0,0.0,0.0,73.2540071645109,0.0,0.0,0.0,-0.021740576840376204,0.021740576840376204,63.263215727260956,-13492.466054367445,-10793.972843493957,-1.9084762370139905e-18,63.357746176798976,3.745992835958331,67.1037390127573,1.218734894512585e-07,1.21873489453167e-07,-1.5916322692786017e-09,73.2540071645109,3.745992835958331,77.00000000046929,7.491221788327028e-08,7.650384847397892e-08,0.0,0.0,-0.021740576840376204,63.263215727260956,3.745992835958331,67.1037390127573,0.0,0.02174056686680933,0.0,-3.3339638350625404e-09,-0.0001725684543839882,0.00014255201842352556,0.0003151204728075138,0,0.003620675060034066,-0.0001244301213760794,0.007729361580710733,0.007853791702086811,-10793.973140495867,10793.973140495867,-10793.973140495867,0.0,7.10257837436998e-23,0.0,0.0,0.021740576840376204,-10793.972843493957,-0.021740576840376207,-3.8167207261878524e-18,-3.1831070697611592e-09,0.0,0.0,-3.3339638350625404e-09,-0.0001725684543839882,10793.973140495867,-0.0001244301213760794
22,22,0.02161228227097167,1999.99920134633,3.857141716209043,-0.021612292216076502,7.5901056354959985e-06,67.00000001012015,1.6273297297656493e-11,1.7530792381906528e-07,77.00000000070123,0.0,0.0,63.142858293911104,1.3338379236878862e-24,3.3991223945015166e-24,0.0,0.0,0.0,73.14285828449214,0.0,0.0,0.0,-0.021612282270806162,0.021612282270806162,63.04944023113648,-13367.520956051025,-10694.01676484082,-1.907681052932254e-18,63.142858293911104,3.857141716209043,67.00000001012015,1.218595489870819e-07,1.218595489889896e-07,-1.6551993774998873e-09,73.14285828449214,3.857141716209043,77.00000000070123,7.488086128473296e-08,7.653606064920349e-08,0.0,0.0,-0.021612282270806162,63.04944023113648,3.857141716209043,67.00000001012015,0.0,0.021612272297775598,0.0,-3.3339637888070956e-09,-0.00299825013653521,0.00010384758334985183,0.003102097719885062,0,0.0009529144676800809,-0.002964178435948874,0.006309487426908418,0.009273665862857291,-10694.022727272728,10694.022727272728,-10694.022727272728,0.0,6.846319501485214e-24,0.0,0.0,0.021612282270806162,-10694.01676484082,-0.021612282270806162,-3.815130042262011e-18,-3.3102332646433996e-09,0.0,0.0,-3.333963788807095e-09,-0.00299825013653521,10694.022727272728,-0.002964178435948874
23,23,2.453655116539903e-09,1999.9992101794885,3.8571417288278407,-2.011073965086562e-09,3.502544233388048e-07,67.00000000046701,4.490889302494583e-11,3.36996949909136e-07,77.00000000134798,-4.2310141926940745e-15,4.1839332275001514e-15,63.14285827163917,8.756882126772027e-17,5.50357549908099e-17,0.0,-4.78248380318248e-15,4.72531636394008e-15,73.14285827252014,8.546106618299284e-17,5.373409794778447e-17,0.0,-2.4523451537862412e-09,2.4532235719738286e-09,63.14285827163909,-0.0015190621996149201,-0.0012152497596919908,4.184344646334044e-11,63.14285827163917,3.8571417288278407,67.00000000046701,1.2187644268918414e-07,1.2183459929804806e-07,4.7257804339177874e-11,73.14285827252014,3.8571417288278407,77.00000000134798,7.572833995530341e-08,7.56810824060128e-08,-1.4327312994174673e-10,1.8850769320400312e-10,-2.4105054885574054e-09,63.14285827163909,3.8571417288278407,67.00000000046701,7.44533672766834e-08,7.686387241786934e-08,0.0,-3.3338439080838084e-09,-10595.68921697403,0.00015299924607102328,10595.689369973275,0,0.0012675387122952628,0.00034958249401686884,0.007966367888451642,0.007616785394434773,-10595.690082644629,10595.690082644629,-10595.690082644629,-4.254620431315542e-15,5.5342866981316305e-17,-4.811177647489036e-15,5.405811013818696e-17,2.453664182295466e-09,-0.0012152497596920181,-2.3686661707000293e-09,8.368276432071631e-11,9.451113841056484e-11,-9.6855579457006e-11,2.3207012343537546e-10,-3.3338439080838084e-09,-10595.68921697403,10595.690082644629,0.00034958249401686884
